# --------------------------------------------------------
# Host:                         127.0.0.1
# Server version:               5.5.29-MariaDB
# Server OS:                    Win32
# HeidiSQL version:             6.0.0.3603
# Date/time:                    2017-02-05 22:06:44
# --------------------------------------------------------

/*!40101 SET @OLD_CHARACTER_SET_CLIENT=@@CHARACTER_SET_CLIENT */;
/*!40101 SET NAMES utf8 */;
/*!40014 SET @OLD_FOREIGN_KEY_CHECKS=@@FOREIGN_KEY_CHECKS, FOREIGN_KEY_CHECKS=0 */;
/*!40101 SET @OLD_SQL_MODE=@@SQL_MODE, SQL_MODE='NO_AUTO_VALUE_ON_ZERO' */;

# Dumping database structure for psychometry
DROP DATABASE IF EXISTS `psychometry`;
CREATE DATABASE IF NOT EXISTS `psychometry` /*!40100 DEFAULT CHARACTER SET utf8 */;
USE `psychometry`;


# Dumping structure for table psychometry.auth_role
CREATE TABLE IF NOT EXISTS `auth_role` (
  `roleId` bigint(10) NOT NULL,
  `name` varchar(64) NOT NULL,
  `description` varchar(256) DEFAULT NULL,
  `created` bigint(10) DEFAULT NULL,
  `modified` bigint(10) DEFAULT NULL
) ENGINE=InnoDB DEFAULT CHARSET=utf8;

# Dumping data for table psychometry.auth_role: ~0 rows (approximately)
/*!40000 ALTER TABLE `auth_role` DISABLE KEYS */;
/*!40000 ALTER TABLE `auth_role` ENABLE KEYS */;


# Dumping structure for table psychometry.auth_user
CREATE TABLE IF NOT EXISTS `auth_user` (
  `userid` bigint(10) NOT NULL,
  `name` varchar(64) NOT NULL,
  `realname` varchar(128) NOT NULL,
  `password` varchar(160) NOT NULL,
  `gender` tinyint(4) DEFAULT NULL COMMENT '0:女;1:男',
  `email` varchar(128) DEFAULT NULL,
  `phone` varchar(32) DEFAULT NULL,
  `mobile` varchar(32) DEFAULT NULL,
  `status` int(4) NOT NULL,
  `description` varchar(256) DEFAULT NULL,
  `type` int(4) NOT NULL,
  `lastLoginTime` bigint(10) DEFAULT NULL,
  `lockedAt` bigint(10) DEFAULT NULL,
  `created` bigint(10) DEFAULT NULL,
  `modified` bigint(10) DEFAULT NULL,
  `companyid` int(11) DEFAULT NULL COMMENT '所属公司',
  `segmentid` int(11) DEFAULT NULL COMMENT '所属号段',
  `iprestrict` varchar(128) DEFAULT NULL,
  `authedNavs` varchar(512) DEFAULT NULL,
  `dept` varchar(512) DEFAULT NULL,
  `code` varchar(64) DEFAULT NULL COMMENT '用户编码',
  `age` int(8) DEFAULT NULL COMMENT '年龄',
  `workage` int(8) DEFAULT NULL COMMENT '工作年龄',
  `education` tinyint(4) DEFAULT NULL COMMENT '0:大专及以下;1:本科;2:硕士及以上',
  `jobtitle` tinyint(4) DEFAULT NULL COMMENT '0:一般员工;1:中层管理者;2:高层管理者'
) ENGINE=MyISAM DEFAULT CHARSET=utf8;

# Dumping data for table psychometry.auth_user: 67 rows
/*!40000 ALTER TABLE `auth_user` DISABLE KEYS */;
INSERT INTO `auth_user` (`userid`, `name`, `realname`, `password`, `gender`, `email`, `phone`, `mobile`, `status`, `description`, `type`, `lastLoginTime`, `lockedAt`, `created`, `modified`, `companyid`, `segmentid`, `iprestrict`, `authedNavs`, `dept`, `code`, `age`, `workage`, `education`, `jobtitle`) VALUES
	(0, 'admin', '超级管理员', 'd033e22ae348aeb5660fc2140aec35850c4da997', 0, NULL, NULL, NULL, 1, NULL, 0, 0, 0, 0, 0, 0, 0, NULL, NULL, NULL, NULL, 0, 0, 0, 0),
	(0, 'admin', '超级管理员', 'd033e22ae348aeb5660fc2140aec35850c4da997', 0, NULL, NULL, NULL, 1, NULL, 0, 0, 0, 0, 0, 0, 0, NULL, NULL, NULL, NULL, 0, 0, 0, 0),
	(1, 'HJXYN0000100', '贺小勇', 'f592d01fb890660372fb86fe87b314e31d56b028', 1, '', NULL, '15201262843', 1, NULL, 2, 0, 0, 0, 0, 1, 1, NULL, NULL, NULL, 'HJXYN0000100', 29, 5, 1, 0),
	(2, 'HJXYN0000001', '冯永鑫', 'f592d01fb890660372fb86fe87b314e31d56b028', 1, '', NULL, '13331138038', 1, NULL, 2, 0, 0, 0, 0, 1, 1, NULL, NULL, NULL, 'HJXYN0000001', 11, 0, 1, 0),
	(3, 'HJXYN0000002', '王英同', 'f592d01fb890660372fb86fe87b314e31d56b028', 1, '', NULL, '13911182308', 1, NULL, 2, 0, 0, 0, 0, 1, 1, NULL, NULL, NULL, 'HJXYN0000002', 9, 0, 1, 0),
	(4, 'HJXYN0000003', '王泓', 'f592d01fb890660372fb86fe87b314e31d56b028', 1, '', NULL, '13366158185', 1, NULL, 2, 0, 0, 0, 0, 1, 1, NULL, NULL, NULL, 'HJXYN0000003', 12, 0, 1, 0),
	(5, 'HJXYN0000004', '石仲森', 'f592d01fb890660372fb86fe87b314e31d56b028', 1, '', NULL, '18010104250', 1, NULL, 2, 0, 0, 0, 0, 1, 1, NULL, NULL, NULL, 'HJXYN0000004', 8, 0, 1, 0),
	(6, 'HJXYN0000005', '李恩霖', 'f592d01fb890660372fb86fe87b314e31d56b028', 1, '', NULL, '18911807669', 1, NULL, 2, 0, 0, 0, 0, 1, 1, NULL, NULL, NULL, 'HJXYN0000005', 10, 0, 1, 0),
	(7, 'HJXYN0000006', '张思琦', 'f592d01fb890660372fb86fe87b314e31d56b028', 0, '', NULL, '13501237962', 1, NULL, 2, 0, 0, 0, 0, 1, 1, NULL, NULL, NULL, 'HJXYN0000006', 10, 0, 1, 0),
	(8, 'HJXYN0000007', '罗玖辰', 'f592d01fb890660372fb86fe87b314e31d56b028', 1, '', NULL, '13501138185', 1, NULL, 2, 0, 0, 0, 0, 1, 1, NULL, NULL, NULL, 'HJXYN0000007', 7, 0, 1, 0),
	(9, 'HJXYN0000008', '郑凯匀', 'f592d01fb890660372fb86fe87b314e31d56b028', 0, '309073750@qq.com', NULL, '13641242759', 1, NULL, 2, 0, 0, 0, 0, 1, 1, NULL, NULL, NULL, 'HJXYN0000008', 12, 0, 1, 0),
	(10, 'HJXYN0000009', '吕天玥', 'f592d01fb890660372fb86fe87b314e31d56b028', 0, '', NULL, '13693131949', 1, NULL, 2, 0, 0, 0, 0, 1, 1, NULL, NULL, NULL, 'HJXYN0000009', 11, 0, 1, 0),
	(11, 'HJXYN0000012', '成星磊', 'f592d01fb890660372fb86fe87b314e31d56b028', 1, '', NULL, '13681023688', 1, NULL, 2, 0, 0, 0, 0, 1, 1, NULL, NULL, NULL, 'HJXYN0000012', 9, 0, 1, 0),
	(12, 'HJXYN0000011', '李昕洳', 'a376ab52bb52ab9a55a3684acce37364562baee1', 0, '2257750147@qq.com', NULL, '18668119970', 1, NULL, 2, 0, 0, 0, 0, 1, 1, NULL, NULL, NULL, 'HJXYN0000011', 12, 0, 0, 0),
	(13, 'HJXYN0000010', '常穗斌', 'f592d01fb890660372fb86fe87b314e31d56b028', 0, '', NULL, '13513652811', 1, NULL, 2, 0, 0, 0, 0, 1, 1, NULL, NULL, NULL, 'HJXYN0000010', 14, 0, 1, 0),
	(14, 'HJXYN0000013', '李昕锐', '8fd0869db0de8c360c29333badb52fd19f7aba0d', 0, '', NULL, '13003642723', 1, NULL, 2, 0, 0, 0, 0, 1, 1, NULL, NULL, NULL, 'HJXYN0000013', 7, 0, 1, 0),
	(15, 'HJXYN0000016', '陆宋睿', 'e9a8ba3d4713e1e46b5712a5dfb5d834f486a852', 1, '', NULL, '13241534469', 1, NULL, 2, 0, 0, 0, 0, 0, 1, NULL, NULL, NULL, NULL, 13, 0, 2, 2),
	(16, 'HJXYN0000014', '侯杰熠', '45f386b8ba168e5d527117b91da947c0256c53dd', 0, '', NULL, '13811395675', 1, NULL, 2, 0, 0, 0, 0, 1, 1, NULL, NULL, NULL, 'HJXYN0000014', 10, 0, 1, 0),
	(17, 'HJXYN0000016', '杨旋归', '69faff94be3eaf07ea419b86319d40cdcd799544', 1, '674304338@qq.com', NULL, '15010994199', 1, NULL, 2, 0, 0, 0, 0, 1, 1, NULL, NULL, NULL, 'HJXYN0000016', 14, 1, 0, 0),
	(18, 'HJXYN0000017', '樊科钰', 'f592d01fb890660372fb86fe87b314e31d56b028', 1, '', NULL, '18636081735', 1, NULL, 2, 0, 0, 0, 0, 1, 1, NULL, NULL, NULL, 'HJXYN0000017', 7, 0, 1, 0),
	(19, 'HJXYN0000018', '毕泽琛', 'cd38b7f342e0a2cd68fbfe0a4e34acb6143a6d0f', 1, '', NULL, '13811078094', 1, NULL, 2, 0, 0, 0, 0, 1, 1, NULL, NULL, NULL, 'HJXYN0000018', 12, 0, 1, 0),
	(20, 'HJXYN0000019', '侯宇彤', 'f592d01fb890660372fb86fe87b314e31d56b028', 0, '', NULL, '13303828127', 1, NULL, 2, 0, 0, 0, 0, 1, 1, NULL, NULL, NULL, 'HJXYN0000019', 10, 0, 1, 0),
	(21, 'HJXYN0000020', '许昀熹', 'f592d01fb890660372fb86fe87b314e31d56b028', 1, '', NULL, '13701326190', 1, NULL, 2, 0, 0, 0, 0, 1, 1, NULL, NULL, NULL, 'HJXYN0000020', 6, 0, 1, 0),
	(22, 'HJXYN0000022', '郑凯匀', '24a61547f6d2b8bb4ba00cf547a9308e3da4598d', 0, '', NULL, '13701074185', 1, NULL, 2, 0, 0, 0, 0, 1, 1, NULL, NULL, NULL, 'HJXYN0000022', 12, 0, 1, 0),
	(23, 'HJXYN0000021', '吕天玥', 'f592d01fb890660372fb86fe87b314e31d56b028', 0, '', NULL, '13311297499', 1, NULL, 2, 0, 0, 0, 0, 1, 1, NULL, NULL, NULL, 'HJXYN0000021', 12, 0, 1, 0),
	(24, 'HJXYN0000023', '常穗斌', 'f592d01fb890660372fb86fe87b314e31d56b028', 0, '', NULL, '13834891848', 1, NULL, 2, 0, 0, 0, 0, 1, 1, NULL, NULL, NULL, 'HJXYN0000023', 14, 0, 1, 0),
	(25, 'HJXYN0000026', '王泓', 'f592d01fb890660372fb86fe87b314e31d56b028', 1, '', NULL, '13503529286', 1, NULL, 2, 0, 0, 0, 0, 1, 1, NULL, NULL, NULL, 'HJXYN0000026', 12, 0, 1, 0),
	(26, 'HJXYN0000027', '侯宇彤', 'f592d01fb890660372fb86fe87b314e31d56b028', 0, '', NULL, '13903818127', 1, NULL, 2, 0, 0, 0, 0, 1, 1, NULL, NULL, NULL, 'HJXYN0000027', 10, 0, 0, 0),
	(27, 'HJXYN0000025', '侯杰熠', 'f592d01fb890660372fb86fe87b314e31d56b028', 0, '', NULL, '18600535041', 1, NULL, 2, 0, 0, 0, 0, 1, 1, NULL, NULL, NULL, 'HJXYN0000025', 10, 0, 1, 0),
	(28, 'HJXYN0000024', '李恩霖', 'f592d01fb890660372fb86fe87b314e31d56b028', 1, '', NULL, '18895313833', 1, NULL, 2, 0, 0, 0, 0, 1, 1, NULL, NULL, NULL, 'HJXYN0000024', 10, 0, 1, 0),
	(29, 'HJXYN0000029', '罗玖辰', 'f592d01fb890660372fb86fe87b314e31d56b028', 1, '', NULL, '13501138115', 1, NULL, 2, 0, 0, 0, 0, 1, 1, NULL, NULL, NULL, 'HJXYN0000029', 7, 0, 1, 0),
	(30, 'HJXYN0000028', '罗玖辰', 'f592d01fb890660372fb86fe87b314e31d56b028', 1, '', NULL, '13581606424', 1, NULL, 2, 0, 0, 0, 0, 1, 1, NULL, NULL, NULL, 'HJXYN0000028', 7, 0, 1, 0),
	(31, 'HJXYN0000030', '杨旋归', '69faff94be3eaf07ea419b86319d40cdcd799544', 1, '', NULL, '13301147067', 1, NULL, 2, 0, 0, 0, 0, 1, 1, NULL, NULL, NULL, 'HJXYN0000030', 14, 1, 1, 0),
	(32, 'HJXYN0000033', '成星磊', 'f592d01fb890660372fb86fe87b314e31d56b028', 1, '', NULL, '13811764960', 1, NULL, 2, 0, 0, 0, 0, 1, 1, NULL, NULL, NULL, 'HJXYN0000033', 9, 0, 1, 0),
	(33, 'HJXYN0000031', '毕泽琛', '1b83f4744e14598c2415ef2719b90f54742d8b9c', 1, '', NULL, '13501004571', 1, NULL, 2, 0, 0, 0, 0, 1, 1, NULL, NULL, NULL, 'HJXYN0000031', 12, 0, 1, 0),
	(34, 'HJXYN0000032', '张思琦', 'f592d01fb890660372fb86fe87b314e31d56b028', 0, '', NULL, '13933169033', 1, NULL, 2, 0, 0, 0, 0, 1, 1, NULL, NULL, NULL, 'HJXYN0000032', 10, 0, 1, 0),
	(35, 'HJXYN0000034', '石仲森', 'f592d01fb890660372fb86fe87b314e31d56b028', 1, '', NULL, '15699896390', 1, NULL, 2, 0, 0, 0, 0, 1, 1, NULL, NULL, NULL, 'HJXYN0000034', 8, 0, 1, 0),
	(36, 'HJXYN0000036', '陆宋睿', 'f592d01fb890660372fb86fe87b314e31d56b028', 1, '', NULL, '18600911976', 1, NULL, 2, 0, 0, 0, 0, 1, 1, NULL, NULL, NULL, 'HJXYN0000036', 13, 0, 2, 2),
	(37, 'HJXYN0000035', '王英同', 'f592d01fb890660372fb86fe87b314e31d56b028', 1, '', NULL, '13805533054', 1, NULL, 2, 0, 0, 0, 0, 1, 1, NULL, NULL, NULL, 'HJXYN0000035', 9, 0, 1, 0),
	(38, 'HJXYN0000038', '李昕锐', 'f592d01fb890660372fb86fe87b314e31d56b028', 0, '', NULL, '18758550156', 1, NULL, 2, 0, 0, 0, 0, 1, 1, NULL, NULL, NULL, 'HJXYN0000038', 7, 0, 1, 0),
	(39, 'HJXYN0000037', '许昀熹', 'f592d01fb890660372fb86fe87b314e31d56b028', 1, '', NULL, '13673885669', 1, NULL, 2, 0, 0, 0, 0, 1, 1, NULL, NULL, NULL, 'HJXYN0000037', 6, 0, 1, 0),
	(40, 'HJXYN0000135', 'yyr', 'f592d01fb890660372fb86fe87b314e31d56b028', 1, '', NULL, '15212122584', 1, NULL, 2, 0, 0, 0, 0, 1, 2, NULL, NULL, NULL, 'HJXYN0000135', 6, 4, 1, 0),
	(41, 'HJXYN0000121', '杨颖喆', 'f592d01fb890660372fb86fe87b314e31d56b028', 0, '', NULL, '13425736176', 1, NULL, 2, 0, 0, 0, 0, 1, 2, NULL, NULL, NULL, 'HJXYN0000121', 9, 0, 0, 0),
	(42, 'HJXYN0000119', '吴沛轩', 'f592d01fb890660372fb86fe87b314e31d56b028', 1, '', NULL, '18519706055', 1, NULL, 2, 0, 0, 0, 0, 1, 2, NULL, NULL, NULL, 'HJXYN0000119', 7, 0, 0, 0),
	(43, 'HJXYN0000118', '章致诚', 'f592d01fb890660372fb86fe87b314e31d56b028', 1, '', NULL, '18519706056', 1, NULL, 2, 0, 0, 0, 0, 1, 2, NULL, NULL, NULL, 'HJXYN0000118', 8, 0, 0, 0),
	(44, 'HJXYN0000108', '韩哲昊', 'f592d01fb890660372fb86fe87b314e31d56b028', 1, '', NULL, '13452736283', 1, NULL, 2, 0, 0, 0, 0, 1, 2, NULL, NULL, NULL, 'HJXYN0000108', 10, 0, 0, 0),
	(45, 'HJXYN0000122', '李宗阳', 'f592d01fb890660372fb86fe87b314e31d56b028', 1, '', NULL, '15611407805', 1, NULL, 2, 0, 0, 0, 0, 1, 2, NULL, NULL, NULL, 'HJXYN0000122', 14, 0, 1, 0),
	(46, 'HJXYN0000117', '贺俊瑜', 'f592d01fb890660372fb86fe87b314e31d56b028', 1, '', NULL, '15906557817', 1, NULL, 2, 0, 0, 0, 0, 1, 2, NULL, NULL, NULL, 'HJXYN0000117', 15, 0, 1, 0),
	(47, 'HJXYN0000111', '李培烜', 'f592d01fb890660372fb86fe87b314e31d56b028', 1, '', NULL, '18910010771', 1, NULL, 2, 0, 0, 0, 0, 1, 2, NULL, NULL, NULL, 'HJXYN0000111', 12, 0, 1, 0),
	(48, 'HJXYN0000123', '邹孟奇', 'f592d01fb890660372fb86fe87b314e31d56b028', 0, '', NULL, '13718870953', 1, NULL, 2, 0, 0, 0, 0, 1, 2, NULL, NULL, NULL, 'HJXYN0000123', 11, 0, 0, 0),
	(49, 'HJXYN0000109', '刘鹤童', 'f592d01fb890660372fb86fe87b314e31d56b028', 1, '', NULL, '15901120916', 1, NULL, 2, 0, 0, 0, 0, 1, 2, NULL, NULL, NULL, 'HJXYN0000109', 12, 0, 0, 0),
	(50, 'HJXYN0000106', '冯永鑫', 'f592d01fb890660372fb86fe87b314e31d56b028', 1, '', NULL, '13521293371', 1, NULL, 2, 0, 0, 0, 0, 1, 2, NULL, NULL, NULL, 'HJXYN0000106', 12, 0, 0, 0),
	(51, 'HJXYN0000124', '梁祎静', 'f592d01fb890660372fb86fe87b314e31d56b028', 0, '', NULL, '13718606773', 1, NULL, 2, 0, 0, 0, 0, 1, 2, NULL, NULL, NULL, 'HJXYN0000124', 10, 0, 0, 0),
	(52, 'HJXYN0000112', '贺午江南', 'f592d01fb890660372fb86fe87b314e31d56b028', 0, '', NULL, '18072733251', 1, NULL, 2, 0, 0, 0, 0, 1, 2, NULL, NULL, NULL, 'HJXYN0000112', 13, 0, 0, 0),
	(53, 'HJXYN0000107', '王英同', 'f592d01fb890660372fb86fe87b314e31d56b028', 1, '', NULL, '15232366545', 1, NULL, 2, 0, 0, 0, 0, 1, 2, NULL, NULL, NULL, 'HJXYN0000107', 10, 0, 1, 0),
	(54, 'HJXYN0000116', '洪艺晨', 'f592d01fb890660372fb86fe87b314e31d56b028', 1, '', NULL, '18069836783', 1, NULL, 2, 0, 0, 0, 0, 1, 2, NULL, NULL, NULL, 'HJXYN0000116', 11, 0, 1, 0),
	(55, 'HJXYN0000134', '单品喆', 'f592d01fb890660372fb86fe87b314e31d56b028', 1, '', NULL, '13001096344', 1, NULL, 2, 0, 0, 0, 0, 1, 2, NULL, NULL, NULL, 'HJXYN0000134', 8, 0, 1, 0),
	(56, 'HJXYN0000125', '金耿兴', 'f592d01fb890660372fb86fe87b314e31d56b028', 1, '', NULL, '13805705903', 1, NULL, 2, 0, 0, 0, 0, 1, 2, NULL, NULL, NULL, 'HJXYN0000125', 10, 0, 1, 0),
	(57, 'HJXYN0000113', '樊科钰', 'f592d01fb890660372fb86fe87b314e31d56b028', 1, '', NULL, '18519706053', 1, NULL, 2, 0, 0, 0, 0, 1, 2, NULL, NULL, NULL, 'HJXYN0000113', 8, 0, 0, 0),
	(58, 'HJXYN0000114', '陆宋睿', 'f592d01fb890660372fb86fe87b314e31d56b028', 1, '', NULL, '13333333333', 1, NULL, 2, 0, 0, 0, 0, 1, 2, NULL, NULL, NULL, 'HJXYN0000114', 13, 0, 1, 0),
	(59, 'HJXYN0000101', '贺兰山', 'f592d01fb890660372fb86fe87b314e31d56b028', 1, '', NULL, '15236544578', 1, NULL, 2, 0, 0, 0, 0, 1, 2, NULL, NULL, NULL, 'HJXYN0000101', 9, 0, 1, 0),
	(60, 'HJXYN0000102', '李飞翔', 'f592d01fb890660372fb86fe87b314e31d56b028', 1, '', NULL, '13425736156', 1, NULL, 2, 0, 0, 0, 0, 1, 2, NULL, NULL, NULL, 'HJXYN0000102', 10, 1, 1, 0),
	(61, 'HJXYN0000103', '吴征远', 'f592d01fb890660372fb86fe87b314e31d56b028', 1, '', NULL, '13999884450', 1, NULL, 2, 0, 0, 0, 0, 1, 2, NULL, NULL, NULL, 'HJXYN0000103', 13, 0, 1, 0),
	(62, 'HJXYN0000110', '陈金宇', 'f592d01fb890660372fb86fe87b314e31d56b028', 1, '', NULL, '18519706655', 1, NULL, 2, 0, 0, 0, 0, 1, 2, NULL, NULL, NULL, 'HJXYN0000110', 15, 0, 0, 0),
	(63, 'HJXYN0000104', '付雨', 'f592d01fb890660372fb86fe87b314e31d56b028', 0, '', NULL, '18902870669', 1, NULL, 2, 0, 0, 0, 0, 1, 2, NULL, NULL, NULL, 'HJXYN0000104', 12, 0, 0, 0),
	(64, 'HJXYN0000105', '郭耀硕', 'f592d01fb890660372fb86fe87b314e31d56b028', 1, '', NULL, '13425735585', 1, NULL, 2, 0, 0, 0, 0, 1, 2, NULL, NULL, NULL, 'HJXYN0000105', 8, 0, 1, 0),
	(65, 'test', 'test', 'c6922b6ba9e0939583f973bc1682493351ad4fe8', 1, '', NULL, '13811371712', 1, NULL, 2, 0, 0, 0, 0, 1, 2, NULL, NULL, NULL, NULL, 10, 2, 1, 0);
/*!40000 ALTER TABLE `auth_user` ENABLE KEYS */;


# Dumping structure for table psychometry.auth_userrole_relation
CREATE TABLE IF NOT EXISTS `auth_userrole_relation` (
  `relationId` bigint(10) NOT NULL,
  `userId` bigint(10) NOT NULL,
  `roleId` bigint(10) NOT NULL
) ENGINE=InnoDB DEFAULT CHARSET=utf8;

# Dumping data for table psychometry.auth_userrole_relation: ~0 rows (approximately)
/*!40000 ALTER TABLE `auth_userrole_relation` DISABLE KEYS */;
/*!40000 ALTER TABLE `auth_userrole_relation` ENABLE KEYS */;


# Dumping structure for table psychometry.company
CREATE TABLE IF NOT EXISTS `company` (
  `id` int(11) NOT NULL,
  `name` varchar(256) NOT NULL,
  `code` varchar(4) NOT NULL,
  `description` varchar(2048) DEFAULT NULL
) ENGINE=InnoDB DEFAULT CHARSET=utf8 COMMENT='企业';

# Dumping data for table psychometry.company: ~1 rows (approximately)
/*!40000 ALTER TABLE `company` DISABLE KEYS */;
INSERT INTO `company` (`id`, `name`, `code`, `description`) VALUES
	(1, '会佳心语', 'HJXY', '会佳心语测评系统');
/*!40000 ALTER TABLE `company` ENABLE KEYS */;


# Dumping structure for table psychometry.quiz
CREATE TABLE IF NOT EXISTS `quiz` (
  `id` int(11) unsigned NOT NULL,
  `name` varchar(256) NOT NULL,
  `tag` varchar(256) DEFAULT '',
  `type` tinyint(4) NOT NULL DEFAULT '0' COMMENT '0,独立试卷;1,父试卷;2,子试卷',
  `description` text,
  `icon` varchar(256) DEFAULT NULL,
  `parentId` int(11) DEFAULT NULL COMMENT '如果问卷类型为子试卷，填上父试卷的id',
  `children` varchar(128) DEFAULT '' COMMENT '如果问卷类型为父试卷，填写子试卷的id.格式为"1,3,5"',
  `createBy` int(11) unsigned DEFAULT NULL,
  `createAt` bigint(11) unsigned DEFAULT NULL,
  `updateBy` int(11) unsigned DEFAULT NULL,
  `updateAt` bigint(11) unsigned DEFAULT NULL,
  `status` tinyint(4) unsigned DEFAULT NULL,
  `categoryNum` int(8) DEFAULT '0' COMMENT '维度个数',
  `itemNum` int(8) DEFAULT '0' COMMENT '题目个数',
  `lieBorder` int(8) DEFAULT '0' COMMENT '测谎题分数分割线',
  `guideline` text COMMENT '指导语',
  `reporttpl` varchar(128) DEFAULT NULL COMMENT '报告模板文件名',
  PRIMARY KEY (`id`),
  KEY `name` (`name`)
) ENGINE=MyISAM DEFAULT CHARSET=utf8 COMMENT='试卷';

# Dumping data for table psychometry.quiz: 7 rows
/*!40000 ALTER TABLE `quiz` DISABLE KEYS */;
INSERT INTO `quiz` (`id`, `name`, `tag`, `type`, `description`, `icon`, `parentId`, `children`, `createBy`, `createAt`, `updateBy`, `updateAt`, `status`, `categoryNum`, `itemNum`, `lieBorder`, `guideline`, `reporttpl`) VALUES
	(2, '沟通风格与冲突处理', '', 1, '', 'heart.png', 0, NULL, 0, 0, 0, 0, NULL, 0, 0, 0, '', 'communicate_conflict'),
	(3, '沟通风格', 'communicate_style', 2, '', 'heart.png', 2, NULL, 0, 0, 0, 0, NULL, 4, 14, 0, '', NULL),
	(4, '冲突处理', 'conflict_style', 2, '', 'cloud.png', 2, NULL, 0, 0, 0, 0, NULL, 5, 35, 0, '', NULL),
	(5, '个人心理分析', 'mental_checkup', 0, '', 'cheerup.png', 0, NULL, 0, 0, 0, 0, NULL, 7, 54, 40, '', 'mental_checkup'),
	(6, '企业员工调研问卷', 'employee_survey', 0, '企业员工调查问卷', 'default.png', 0, NULL, 0, 0, 0, 0, NULL, 7, 22, 0, '企业员工调查问卷', 'employee_survey'),
	(7, '情绪管理倾向问卷', 'emotion_management', 0, '情绪管理倾向问卷', 'cloud.png', 0, NULL, 0, 0, 0, 0, NULL, 4, 72, 9, '情绪管理倾向问卷', 'emotion_management'),
	(8, '青少年归因形态', 'child_attribution', 0, '', 'default.png', 0, NULL, 0, 0, 0, 0, NULL, 6, 48, 999, '', 'child_attribution'),
	(10000, '儿童归因形态(2017)', 'child_attribution', 0, '', 'heart.png', 0, NULL, 0, 0, 0, 0, NULL, 6, 48, 999, '', 'child_attribution');
/*!40000 ALTER TABLE `quiz` ENABLE KEYS */;


# Dumping structure for table psychometry.quiz_answer_log
CREATE TABLE IF NOT EXISTS `quiz_answer_log` (
  `quizId` int(11) DEFAULT NULL,
  `userId` int(11) DEFAULT NULL,
  `companyId` int(11) DEFAULT NULL,
  `timestamp` bigint(20) DEFAULT NULL
) ENGINE=InnoDB DEFAULT CHARSET=latin1 COMMENT='答题记录';

# Dumping data for table psychometry.quiz_answer_log: ~68 rows (approximately)
/*!40000 ALTER TABLE `quiz_answer_log` DISABLE KEYS */;
INSERT INTO `quiz_answer_log` (`quizId`, `userId`, `companyId`, `timestamp`) VALUES
	(2, 1, 1, 1430757135786),
	(2, 1, 1, 1430757377474),
	(5, 1, 1, 1431162448046),
	(2, 1, 1, 1431162597209),
	(6, 1, 1, 1431186046469),
	(8, 1, 1, 1436365606252),
	(8, 1, 1, 1436365941739),
	(8, 1, 1, 1436365974391),
	(8, 1, 1, 1436366024954),
	(8, 1, 1, 1436366042077),
	(7, 1, 1, 1439738750174),
	(7, 1, 1, 1442496990817),
	(7, 1, 1, 1442673254240),
	(7, 1, 1, 1442675375116),
	(7, 1, 1, 1443270212561),
	(7, 1, 1, 1443271277036),
	(8, 1, 1, 1468461827876),
	(6, 1, 1, 1468462117564),
	(8, 2, 1, 1468800609098),
	(8, 3, 1, 1468801048457),
	(8, 4, 1, 1468801289873),
	(8, 6, 1, 1468801722423),
	(8, 7, 1, 1468802136757),
	(8, 5, 1, 1468802239546),
	(8, 9, 1, 1468802389902),
	(8, 8, 1, 1468802455361),
	(8, 10, 1, 1468802674862),
	(8, 12, 1, 1468803431681),
	(8, 13, 1, 1468803692335),
	(8, 11, 1, 1468803743685),
	(8, 16, 1, 1468804327438),
	(8, 15, 1, 1468804340778),
	(8, 14, 1, 1468804452733),
	(8, 17, 1, 1468804619803),
	(8, 18, 1, 1468805258397),
	(8, 19, 1, 1468805306126),
	(7, 17, 1, 1468805375496),
	(8, 20, 1, 1468806303486),
	(8, 21, 1, 1468808296004),
	(8, 22, 1, 1469321362591),
	(8, 23, 1, 1469321456691),
	(8, 24, 1, 1469321887704),
	(8, 25, 1, 1469322531829),
	(8, 27, 1, 1469322685391),
	(8, 29, 1, 1469323021803),
	(8, 28, 1, 1469323023264),
	(8, 26, 1, 1469323162727),
	(8, 30, 1, 1469323254716),
	(8, 31, 1, 1469323634231),
	(8, 34, 1, 1469324106166),
	(8, 33, 1, 1469324121968),
	(8, 35, 1, 1469324679046),
	(8, 37, 1, 1469324757923),
	(8, 36, 1, 1469324767822),
	(8, 32, 1, 1469325868655),
	(8, 38, 1, 1469325952153),
	(8, 39, 1, 1469327239422),
	(8, 45, 1, 1486121774693),
	(8, 46, 1, 1486122106682),
	(8, 47, 1, 1486122414498),
	(8, 48, 1, 1486122863686),
	(8, 50, 1, 1486123043144),
	(8, 52, 1, 1486124158911),
	(8, 54, 1, 1486124273193),
	(8, 58, 1, 1486124923994),
	(8, 61, 1, 1486126742598),
	(8, 62, 1, 1486205410377),
	(8, 63, 1, 1486206040166),
	(10000, 65, 1, 1486303473295);
/*!40000 ALTER TABLE `quiz_answer_log` ENABLE KEYS */;


# Dumping structure for table psychometry.quiz_category
CREATE TABLE IF NOT EXISTS `quiz_category` (
  `id` int(11) NOT NULL,
  `quizid` int(11) NOT NULL,
  `name` varchar(255) NOT NULL DEFAULT '' COMMENT '维度名称',
  `level` int(11) NOT NULL COMMENT '维度层级:主维度1，子维度2',
  `priority` int(11) NOT NULL COMMENT '维度优先级，主要用于问卷2中',
  `parentid` int(11) NOT NULL COMMENT '父维度ID，如果本身为主维度，该值为0',
  `fullname` varchar(255) NOT NULL DEFAULT '' COMMENT '维度全称，主要用于二级维度: 格式为 -> 职业发展/能力'
) ENGINE=MyISAM DEFAULT CHARSET=utf8 COMMENT='试题维度';

# Dumping data for table psychometry.quiz_category: 64 rows
/*!40000 ALTER TABLE `quiz_category` DISABLE KEYS */;
INSERT INTO `quiz_category` (`id`, `quizid`, `name`, `level`, `priority`, `parentid`, `fullname`) VALUES
	(2, 3, '支配型', 1, 4, 0, '支配型'),
	(3, 3, '表达型', 1, 3, 0, '表达型'),
	(4, 3, '和蔼型', 1, 2, 0, '和蔼型'),
	(5, 3, '分析型', 1, 1, 0, '分析型'),
	(6, 4, '整合型', 1, 5, 0, '整合型'),
	(7, 4, '回避型', 1, 2, 0, '回避型'),
	(8, 4, '支配型', 1, 3, 0, '支配型'),
	(9, 4, '谦让型', 1, 3, 0, '谦让型'),
	(10, 4, '折中型', 1, 4, 0, '折中型'),
	(11, 5, '总分', 1, 0, 0, '总分'),
	(12, 5, '积极心态', 1, 0, 0, '积极心态'),
	(13, 5, '情绪管理', 1, 0, 0, '情绪管理'),
	(14, 5, '行为表现', 1, 0, 0, '行为表现'),
	(15, 5, '生理症状', 1, 0, 0, '生理症状'),
	(16, 5, '社会支持', 1, 0, 0, '社会支持'),
	(17, 5, '自我防御', 1, 0, 0, '自我防御'),
	(18, 6, '职业发展', 1, 0, 0, '职业发展'),
	(19, 6, '管理', 1, 0, 0, '管理'),
	(20, 6, '工作职责', 1, 0, 0, '工作职责'),
	(21, 6, '薪酬福利', 1, 0, 0, '薪酬福利'),
	(22, 6, '环境', 1, 0, 0, '环境'),
	(23, 6, '表现', 1, 0, 0, '表现'),
	(24, 6, '满意度', 1, 0, 0, '满意度'),
	(25, 6, '能力', 2, 0, 18, '职业发展/能力'),
	(26, 6, '机会', 2, 0, 18, '职业发展/机会'),
	(27, 6, '前景', 2, 0, 18, '职业发展/前景'),
	(28, 6, '培养', 2, 0, 19, '管理/培养'),
	(29, 6, '认可', 2, 0, 19, '管理/认可'),
	(30, 6, '信任', 2, 0, 19, '管理/信任'),
	(31, 6, '制度流程', 2, 0, 19, '管理/制度流程'),
	(32, 6, '倾听', 2, 0, 19, '管理/倾听'),
	(33, 6, '明确', 2, 0, 20, '工作职责/明确'),
	(34, 6, '意义', 2, 0, 20, '工作职责/意义'),
	(35, 6, '薪酬', 2, 0, 21, '薪酬福利/薪酬'),
	(36, 6, '福利', 2, 0, 21, '薪酬福利/福利'),
	(37, 6, '绩效', 2, 0, 21, '薪酬福利/绩效'),
	(38, 6, '企业文化', 2, 0, 22, '环境/企业文化'),
	(39, 6, '资源', 2, 0, 22, '环境/资源'),
	(40, 6, '同事关系', 2, 0, 22, '环境/同事关系'),
	(41, 6, '工作场所', 2, 0, 22, '环境/工作场所'),
	(42, 6, '赞扬', 2, 0, 23, '表现/赞扬'),
	(43, 6, '留任', 2, 0, 23, '表现/留任'),
	(44, 6, '成就感', 2, 0, 24, '满意度/成就感'),
	(45, 6, '公平感', 2, 0, 24, '满意度/公平感'),
	(46, 6, '心情', 2, 0, 24, '满意度/心情'),
	(47, 7, '情绪感知', 1, 0, 0, '情绪感知'),
	(48, 7, '情绪控制', 1, 0, 0, '情绪控制'),
	(49, 7, '社交技巧', 1, 0, 0, '社交技巧'),
	(50, 7, '情绪利用', 1, 0, 0, '情绪利用'),
	(51, 7, '自我情绪感知', 2, 0, 47, '情绪感知/自我情绪感知'),
	(52, 7, '他人情绪感知', 2, 0, 47, '情绪感知/他人情绪感知'),
	(53, 7, '稳定性', 2, 0, 48, '情绪控制/稳定性'),
	(54, 7, '控制力', 2, 0, 48, '情绪控制/控制力'),
	(55, 7, '自我激励', 2, 0, 48, '情绪控制/自我激励'),
	(56, 7, '表达', 2, 0, 49, '社交技巧/表达'),
	(57, 7, '适应力', 2, 0, 49, '社交技巧/适应力'),
	(58, 7, '感染力', 2, 0, 49, '社交技巧/感染力'),
	(59, 7, '问题解决', 2, 0, 50, '情绪利用/问题解决'),
	(60, 8, 'PMB', 1, 0, 0, 'PMB'),
	(61, 8, 'PMG', 1, 0, 0, 'PMG'),
	(62, 8, 'PVB', 1, 0, 0, 'PVB'),
	(63, 8, 'PVG', 1, 0, 0, 'PVG'),
	(64, 8, 'PSB', 1, 0, 0, 'PSB'),
	(65, 8, 'PSG', 1, 0, 0, 'PSG'),
	(10006, 10000, 'PSG', 1, 0, 0, 'PSG'),
	(10005, 10000, 'PSB', 1, 0, 0, 'PSB'),
	(10004, 10000, 'PVG', 1, 0, 0, 'PVG'),
	(10003, 10000, 'PVB', 1, 0, 0, 'PVB'),
	(10002, 10000, 'PMG', 1, 0, 0, 'PMG'),
	(10001, 10000, 'PMB', 1, 0, 0, 'PMB');
/*!40000 ALTER TABLE `quiz_category` ENABLE KEYS */;


# Dumping structure for table psychometry.quiz_evaluation
CREATE TABLE IF NOT EXISTS `quiz_evaluation` (
  `id` int(11) NOT NULL,
  `quizid` int(11) NOT NULL,
  `categoryId` int(8) NOT NULL COMMENT '维度ID',
  `categoryName` varchar(255) NOT NULL DEFAULT '' COMMENT '维度名称',
  `minScore` int(10) NOT NULL,
  `maxScore` int(10) NOT NULL,
  `evaluation` text COMMENT '结果评价',
  `suggestion` text COMMENT '建议',
  `type` varchar(16) DEFAULT '' COMMENT '个人报告还是团体报告, 主维度还是子维度,singleMain singleSub or teamMain teamSub',
  `healthStatus` varchar(16) DEFAULT '' COMMENT '健康状况',
  `explanation` text COMMENT '解释',
  `feature` text COMMENT '特征（关键词）'
) ENGINE=MyISAM DEFAULT CHARSET=utf8 COMMENT='试题评价标准';

# Dumping data for table psychometry.quiz_evaluation: 142 rows
/*!40000 ALTER TABLE `quiz_evaluation` DISABLE KEYS */;
INSERT INTO `quiz_evaluation` (`id`, `quizid`, `categoryId`, `categoryName`, `minScore`, `maxScore`, `evaluation`, `suggestion`, `type`, `healthStatus`, `explanation`, `feature`) VALUES
	(1, 3, 2, '支配型', 0, 999, '◇在沟通中，您比较讲究信息的准确性和直接性，所以希望对方的提供的信息是准确的。您喜欢直接的沟通，不太喜欢拐弯抹角，所以对方尽量不要有太多寒暄，直奔主题会更有效。\n◇您在沟通中，一般声音比较洪亮且自信满满，语速比较快。如果您听到沟通对方的声音比较小，那么你会认为他没有底气。而且，您在沟通中会寻求与对方的目光接触，如果有人刻意回避与您的目光接触，那么您也会觉得沟通受阻，且对对方没有什么信心，产生很大的怀疑。', '◇在沟通中，您比较容易通过对方的语音、语调和眼神等外在表现来判断一个人，所以容易形成思维定式，忽略了谈话的实质内容部分，从而影响了您的决策和判断。所以，在沟通前尽量提醒自己，不要太受外在表现的影响，多关注沟通的实质内容。\n◇在沟通中，如果太过讲究沟通的效率和结果，对开放式的问题没有太多容忍度，会导致忽视沟通中对方的情绪，以及与对方产生的情感联结等，给对方造成太过强势，甚至咄咄逼人的印象。\n◇在沟通中，您通常直奔主题，不喜欢拐弯抹角 ，情感较少表露，面部表情也很少，有时候会给对方一种冷漠的感觉，建议沟通前可适当寒暄，为下面的沟通做好铺垫。', 'singleMain', '', '', '◇果断 ◇有作为 ◇有决策力 ◇强调效率 ◇独立 ◇说话快且有说服力 ◇热情 ◇语言直接，有目的性 ◇面部表情比较少 ◇使用日历 ◇情感不外露 ◇计划性强'),
	(2, 3, 3, '表达型', 0, 999, '◇因为在沟通中，您的声音比较洪亮、生动活泼，所以在跟您沟通中，您也偏好声音洪亮的个体。\n◇在沟通中，当您做出动作或者手势来表达观点时，您需要对方的眼神的肯定。如果您觉得对方对您的工作没有关注时，您会感到非常失望。\n◇您在沟通是比较直率的，说话比较直接。所以，您也期待对方跟您一样，说话直接。如果对方说话拐弯抹角，那么您会慢慢失去耐性，从而出现不耐烦等情绪而影响沟通。', '◇ 在您的沟通中，比较容易出现的问题是，在描述问题时只见森林，不见树木。所以您在总体上阐述一些事情之后，请就某些细节进行适当阐述。如果您在沟通中可能会忽略这些，请在沟通前就准备好相关细节资料。\n◇ 很多时候，您不太注重细节，甚至有可能说完就忘了。所以您在沟通中，要随时准备笔记记录，在达成协议以后，最好与之进行一个书面的确认，这样可以给自己一个提醒。\n◇您在沟通中，对沟通对象的某些行为，如声音、眼神等会有所偏好，这些外在条件可能会限制自己的交往范围，影响沟通效果，需要您加以注意。\n◇您在沟通过程中，对沟通内容和自我的感受关注地可能会更多一点，有时候会忽略对方的感受，建议您在沟通的过程中也要对沟通对象的感受适当予以关注。', 'singleMain', '', '', '◇外向 ◇合群 ◇直率 ◇友好 ◇活泼 ◇热情 ◇快速的动作 ◇不注重细节 ◇生动活泼、抑扬顿挫的语调 ◇令人信服 ◇有说服力的语言 ◇幽默 ◇陈列有说服力的物品'),
	(3, 3, 4, '和蔼型', 0, 999, '◇总体来说，您在沟通中说话语速较慢，不会给对方造成很大的压力，也没有咄咄逼人的感觉，相反，对方会觉得你很亲切、很有耐心、和蔼，很好说话。\n◇在沟通中，相对于沟通的结果来说，您更看中沟通双方之间的良好关系和情感联结。如果对方不向您个人询问意见，一般情况下，即使您有很好的意见和建议，您也不会主动提出。\n◇您在沟通中，会时刻观察对方的情绪，比如对方的面部表情的变化、手势的变化等等。您最舒服的沟通对象是时刻充满微笑的人。一旦您发现对方的表情有所变化，您会立刻担心自己是不是说错话了。', '◇在沟通中，您太容易偏重与对方的情感沟通，所以建立良好的关系是您沟通的主要目标。因此，您可能会忽视沟通的效率和沟通的结果。如果您在沟通前计划一下沟通的目标，列举沟通的要点，就会大大地提高沟通的效率，对方也不会觉得您在某些时候在浪费时间。\n◇在沟通中，您不会给对方造成太大的压力，也不喜欢对方对您太过强势。您在某些时候要改变沟通的态度。如果对方的某些态度不太符合您的预期，您要改变自己刻板的想法，要知道，不同的人做事方法千差万别，沟通风格也有很大不同。对方强硬直接的态度，针对的只是沟通的问题上，并不是针对你们之间的个人关系。经常提醒自己这些问题，可能会减少您的某些负面情绪，从而促进沟通。', 'singleMain', '', '', '◇合作 ◇和蔼可亲 ◇友善 ◇频繁的目光接触 ◇赞同 ◇说话慢条斯理 ◇有耐心 ◇声音轻柔,抑扬顿挫 ◇轻松 ◇喜欢鼓励别人'),
	(4, 3, 5, '分析型', 0, 999, '◇在沟通中，您喜欢尽快直入主题，不喜欢冗长的迂回婉转。而且您喜欢边说边写，有一丝不苟的认真精神。<br/>\n◇您不太喜欢太多的眼神交流，更不喜欢太多的身体接触。如果有条件，跟对方保持一定的物理空间距离也会让您感觉舒适。<br/>\n◇在沟通中，您更偏爱专业术语、数据、计划书、图表等，这让您觉得这样的沟通更有逻辑，且分析性更强。如果对方的言语中只是充满个人主观性的评价和词语等，您会觉得太不专业，没有条理，不会很满意这样的沟通。', '◇专业术语、数据、计划书、图表是会有利于沟通，但是不能在所有类型的沟通中一味地追求这样的风格。\n◇您不太喜欢太多的眼神交流，还喜欢与对方保持一定的距离，这会给对方造成很多不良的印象，甚至会给人一种拒人于千里之外的感觉。在某些沟通中，适当与人保持情绪沟通，也是很有必要的。\n◇您在与对方沟通时喜欢直入主题，不喜欢冗长的迂回婉转，有时候适当的情感铺垫可能会更有利于接下来的沟通。', 'singleMain', '', '', '◇ 不太喜欢说话 ◇ 面部表情少 ◇ 严肃认真 ◇ 动作慢 ◇ 有条不紊 ◇ 合乎逻辑 ◇ 语调单一 ◇ 注意细节 ◇ 有计划有步骤 ◇ 喜欢使用图表 ◇ 喜欢有较大的个人空间'),
	(5, 3, 2, '支配型', 0, 999, '在这个团体中，大部分人沟通时比较果断，不会很热情，他们看重沟通的结果，比较讲究信息的准确性和直接性，不太喜欢拐弯抹角的沟通。所以，在与这样的团体打交道中，尽量不要有太多寒暄和发散，直奔主题会更有效。这样的团体比较喜欢声音洪亮语速较快的谈话，也喜欢目光接触。所以，与这样的团体沟通的人，需要注意自己的外在表现，在沟通中尽量声音洪亮且自信满满会比较容易达成更好的沟通效果。', '', 'teamMain', '', '', ''),
	(6, 3, 3, '表达型', 0, 999, '在这个团体中，大部分人是比较友好、活泼和热情的，喜欢在沟通中配合动作和手势。另外，赞扬和肯定对他们很重要，这个团队成员大部分会很快抓住问题的实质，或者说主要问题，但可能容易忽略细节。所以，在与这样的团队沟通时，说话需直接，还需要叮嘱其注意记录信息，且留意细节问题。另外，多给与肯定和表扬也是很重要的。', '', 'teamMain', '', '', ''),
	(7, 3, 4, '和蔼型', 0, 999, '这个团体中，大部分人是比较和蔼、亲切、很好交流的。他们比较注意照顾对方的情绪。在沟通中，他们比较看重彼此间的情感沟通，所以可能会忽视沟通的效率和沟通的结果。所以，在与这样的团队沟通时，说话的语速要比较慢，多面带微笑，多眼神接触，还要多鼓励。如果想知道个别人的建议，需要点名提问，不然他们不会主动发表意见。', '', 'teamMain', '', '', ''),
	(8, 3, 5, '分析型', 0, 999, '这个团体中，大部分人是比较偏爱逻辑性强、分析性强的沟通，如在沟通中更多地使用专业术语、数据、计划书、图表等。他们一般很认真、严肃，不太喜欢太多的眼神交流，也不喜欢太多的身体接触。所以，在与这样的团队沟通时，如果你也边说边写，表现得更他们一样认真，如果还能列举一二三四，体现你的逻辑思维能力，再配上图表，那么你们的沟通会更加顺畅。', '', 'teamMain', '', '', ''),
	(9, 4, 6, '整合型', 0, 999, '◇您很善于处理问题，在处理问题时比较理性，能够顾忌他人感受，而且还会同时兼顾自己和他人的利益。\n◇您在工作中比较受欢迎，会支持和体谅别人，在遇到问题或者与同事冲突时也不会逃避和畏缩，会积极地尝试各种办法与他人一起解决问题。解决问题比较有条理，大部分时候能够站在客观中立的立场上处理问题。', '◇当同时兼顾他人感受和自己感受时，在某些程度上，或者某些特定的问题上，会影响解决问题或者解决冲突的效率。更特别的情况下，根本不存在兼顾所有人的解决方法。所以适当地根据具体的问题，灵活变换自己的冲突解决策略，会得到更好的效果。', 'singleMain', '', '', ''),
	(10, 4, 7, '回避型', 0, 999, '◇您不那么爱出风头，不管你的内心多么地抗拒或者不乐意，但是您不会轻易表现出来。一般情况下，会给对方比较沉默、有耐性的印象。您很容易从冲突中退出，逃避或者转移话题、不发言不表态等从而避免在当下讨论冲突。\n◇为了保持表面的和谐，也有可能是因为内心对冲突的恐惧，您可能会在问题出现时保持沉默，或者在冲突来临时选择逃避，好像冲突不存在一样，这其实是一种逃避行为。', '◇您要意识到，很多时候，逃避问题就好像把房间里的垃圾都清扫到床底下一样，乍看起来，房间干净了，其实这只是表面的干净。同样，逃避问题不是解决冲突的根本办法，问题依然还在。勇敢地面对问题，面对冲突，建设性地、积极主动地解决问题和冲突，是您需要努力的方向。', 'singleMain', '', '', ''),
	(11, 4, 8, '支配型', 0, 999, '◇您在冲突处理和问题解决中，自信、独立、有主见，有强烈的成功欲望和雄心壮志，且爱冒险，喜欢用自己的方法解决问题。当问题来临时，不会逃避冲突，也不会一味地迁就他人，会积极主动地解决冲突，虽然解决冲突的方法可能会比较粗暴，比较自我中心。\n◇一般情况下，您对待别人比较挑剔。在比较极端的情况下，您对其他人的考虑较少，会将自己的观点强加到别人身上，可能会给别人留下自大和有攻击性的印象。', '◇自信、有主见是您的优点，但是提醒您在某些时候需要更多顾及他人感受，避免在不经意情况下侵犯了他人的空间。如果有问题需要马上处理，最好先让自己平静一下，列出双方的观点，客观地评价双方，从而找出有利于双方的建设性解决方案。很多时候，冲突的解决并非或赢或输的零和问题，而是一个可以互利的双赢问题。\n◇您在处理问题时比较积极主动，注重冲突解决的效率，有时候解决冲突的方法可能会比较粗暴，这样不利于问题的解决，建议您有时候也需要注意冲突处理的艺术。', 'singleMain', '', '', ''),
	(12, 4, 9, '谦让型', 0, 999, '◇在遇到问题时，您一般想到的是首先满足他人的需要，重视团队，乐于助人，有很强的协作精神。\n◇您不那么爱出风头，很多时候会把别人的想法和利益看得比自己的更重要，能够更多地顾及他人感受，也会相应地承担更多担忧和焦虑。', '◇有句话说，退一步海阔天空。虽然谦让是种美德，但是我们希望你能够更多考虑自己的感受，学会爱己如人，不要一成不变只会付出。要学会尊重自己的利益和感受，提醒自己，要多分些时间和精力关心自己，不要总把问题都放在自己身上。', 'singleMain', '', '', ''),
	(13, 4, 10, '折中型', 0, 999, '◇在遇到问题时，一般情况下，您不会选择逃避，而是主动寻求问题的解决方案。在寻找方案的过程中，您会尽量做到公平，会考虑到所有人的利益，能够体谅和支持别人。\n◇您不会像支配型的个体那么爱出风头，也不会像谦让型个体那么牺牲自己成就他人，您会尽量选择一个大家都能接受的方案，虽然这个方案可能不是最佳的那一个。', '◇在冲突处理过程中，各退一步很多时候很有效果，也符合中庸之道。但是，在工作环境中，在某些问题的处理上，如果大家再往前进一步，再多做一些研究，多做一些探索和发掘，实现双赢，而不是双输，可能问题解决更有效。', 'singleMain', '', '', ''),
	(14, 4, 6, '整合型', 0, 999, '在冲突处理和问题解决中，这个团队的大部分重视团队，乐于助人，有很强的协作精神。因为团队中大部分人喜欢采用整合型的冲突处理方式，所以该团队团队凝聚力比较高，气氛也比较好。但是因为这种团体某些极端情况下，会有点偏向完美主义，从而影响问题解决的效率，所以给他们安排时间截止点，并适时地督促他们解决问题会更好。', '', 'teamMain', '', '', ''),
	(15, 4, 7, '回避型', 0, 999, '在冲突处理和问题解决中，这个团队的大部分人会选择漠视、逃避等态度，不够积极，也不太爱出风头，不太愿意发言，也不表态。因为团队中大部分人喜欢采用逃避性的冲突处理方式，所以虽然可能存在很多问题，但这些问题都深埋在表面之下。这种团队比较适合由整合型或者支配型的冲突处理方式的人带领。', '', 'teamMain', '', '', ''),
	(16, 4, 8, '支配型', 0, 999, '在冲突处理和问题解决中，这个团队的大部分人是比较有想法、有主见的。当问题来临时，不会逃避，不会妥协，会积极主动地解决冲突，虽然解决冲突的方法可能会比较粗暴。因为团队中大部分人喜欢采用支配型冲突处理方式，所以达成一致意见的时间会比较长。这种团队比较适合由整合型或者折中型的冲突处理风格的人带领。', '', 'teamMain', '', '', ''),
	(17, 4, 9, '谦让型', 0, 999, '在冲突处理和问题解决中，这个团队的大部分人重视团队，乐于助人，有很强的协作精神，而且会把别人的需求放在自己的需求之前，能够很好地顾及他人感受。但是因为团队中大部分人都喜欢采用谦让的冲突处理方式，所以很多时会忽视自己的角度，看问题不够全面。这种团队比较适合由整合型的冲突处理方式的人带领。', '', 'teamMain', '', '', ''),
	(18, 4, 10, '折中型', 0, 999, '在冲突处理和问题解决中，这个团队的大部分人不会选择逃避问题，而是主动寻求问题的解决方案。在寻找方案的过程中，他们也会尽量做到公平，会考虑到所有人的利益，会尽量选择一个大家都能接受的方案，虽然这个方案可能不是最佳的那一个。因为团队中大部分人喜欢折中型的冲突处理方式，所以在某些问题的处理上不够完善。如果大家再往前进一步，再多做一些研究，多做一些探索和发掘，效果可能更好。这种团队比较适合由整合型冲突处理方式的人带领。', '', 'teamMain', '', '', ''),
	(19, 5, 11, '总分', 0, 144, '您的心理健康状况处于较低水平，提醒您要特别关注自己的身心健康状况，如果有需要，请及时寻求EAP老师、心理咨询师的帮助。', '您的心理健康总分比较低。这表明，您可能对自己的优势认识不足，对自己的评价不高，对未来没有信心；您对日常生活和工作中的某些事件可能会有某些偏激的看法；有时候您会有明显的负面情绪，并且，您缺少特别好的方法去处理和控制这些情绪。因此这些情绪对您的影响程度较大、影响时间较长。您最近的状态不太好，工作效率不高；您也不太愿意参加各种聚会，与别人建立特别亲密的关系。总体来说，您需要特别留意自己的心理健康状态，及时采取措施来提高自己的心理健康水平。', 'singleMain', '较差', '', ''),
	(20, 5, 11, '总分', 145, 167, '您的心理健康状况已经处于红色警戒区域，提醒您要开始关注自己的身心健康状况。', '您的心理健康总分不高。这表明，您可能对自己和未来的信心还不够强，不足以为您提供足够的心理动力。而且您对日常生活和工作中的某些事件的看法比较片面。有时候您会出现明显的负面情绪，这种情绪对您的影响程度较大、影响时间较长；您最近的状态可能不是特别好，工作效率不是特别高；您也不太愿意参加各种聚会，与别人建立特别亲密的关系。总体来说，您的心理健康水平已经影响到了您的工作和生活，需要给与其足够的重视。', 'singleMain', '不良', '', ''),
	(21, 5, 11, '总分', 168, 191, '您的心理健康状况处于一般状态，提醒您，心理健康状态还有进一步提升的空间。', '您的心理健康总分处于中等水平。这表明，您可能对自己和未来的信心不足，有时候也会有某些偏激或者片面的想法。而且您会表现出某些负面情绪，您不能每次都处理好这些情绪。您最近的状态一般，工作效率不好也不坏；遇到困难时，还有几个可以求助的对象。总体来说，您的心理健康对您的生活和工作没有太大影响。如果进一步提升健康水平，将有助于您的工作和生活。', 'singleMain', '中等', '', ''),
	(22, 5, 11, '总分', 192, 215, '您的心理健康状况总体比较良好，希望您继续保持这种良好的状态。', '您的心理健康总分处于较好水平。这表明，您可能对自己的评价还比较积极，对未来也有一定的信心，对日常生活和工作中的某些事件的看法也比较乐观向上；有时候您会有明显的负面情绪，但对您的影响不是特别大，您有办法处理好这些情绪。您最近的状态还行，也能处理好生活和工作中遇到的问题。总体来说，您的心理健康状态对您的工作和生活有积极的作用，希望您再接再厉。', 'singleMain', '较好', '', ''),
	(23, 5, 11, '总分', 216, 240, '您的心理健康状况总体非常好，身边的人都能感受到您身上散发出来的正能量，希望您继续保持这种状态，并能适当地引导他人。', '您的心理健康总分较高。这表明，您对自己的评价一直比较积极，对未来也有一定的信心，能够提供足够的心理动力；对日常生活和工作中的某些事件的看法也比较积极向上；虽然也会出现负面情绪，但是您控制情绪和处理情绪的能力都比较强；您最近的状态不错，能妥善处理好生活和工作中遇到的各种问题。总体来说，您的心理健康状况很有利于您的工作和生活。', 'singleMain', '非常好', '', ''),
	(24, 5, 12, '积极心态', 0, 31, '由于过去一些经历的影响，您对自己的评价比较负面，对未来的生活也没有太多信心；关于工作和日常生活的一些问题，您的看法和观点常常很消极。总体上说，您的心态不够积极，对生活的热情度不够，您的幸福感整体来说处于较低水平。', '您应该改变自己固着在头脑中的比较偏激的想法和观点；更加乐观、积极地对待生活和工作，发现生活和工作中小细节或者小事件带来的幸福和快乐；建议多看一些身心灵相关的个人成长书籍，扩展自己的眼界，提高自己的身心修养。您还可以多关注和参加身心工作坊、读书会或者读书沙龙活动，吸收新观点，认识新朋友。', 'singleMain', '较低', '', ''),
	(25, 5, 12, '积极心态', 32, 36, '您对自己的评价比较中肯，虽然偶尔会担心未来的生活，但是还会努力地调整自己来应对未来的生活。您对生活的态度有消极的一面，也有积极的一面。总体来说，您的幸福感属于处于中等水平。', '您可以尝试多接触充满正面情绪的人和事物，适当地远离消极和负面情绪的个体，让自己多接触正能量；改变自己对某些事物的固有的看法，以更加开放的心态面对接触到的人和事。另外，当有负面情绪出现的时候，建议您不能一味拒绝或者否认，而应该以更加温和的态度对待之，从而发现内心最真实的自己。', 'singleMain', '中等', '', ''),
	(26, 5, 12, '积极心态', 37, 999, '您对自己的评价比较高，虽然也会意识到未来的不确定性，但还是对未来充满了信心。您对生活和工作的态度积极乐观，对生活也通常是充满热情，您的幸福感整体来说比较高。', '建议您在一定程度上多维持这种积极的、正面的状态，以及对生活和工作的热情，让您的正能量辐射到更多的人，从而影响到他人的心态；另外，建议您对极少出现的负面情绪给予积极的关注，从中发现自己内心的真实需求。', 'singleMain', '较高', '', ''),
	(27, 5, 13, '情绪管理', 0, 24, '您的情绪会立刻表达和发泄出来，缺少有效的办法控制自己的情绪，您的负面情绪对您自身的影响比较大，甚至影响到了您的正常生活和工作；您的情绪很容易受到外界的影响；如果您身边的人觉得您的脾气不是很好，这会对您的人际交往带来一定的负面影响。', '建议您试着学习体察别人情绪和控制自己情绪的技巧。比如在紧张和焦虑的时候，进行适度的深呼吸和冥想练习，会是一个很好的方法。学习和练习减压的技巧，让自己紧张的状态能够得到一定程度的放松和休息。', 'singleMain', '较低', '', ''),
	(28, 5, 13, '情绪管理', 25, 34, '一般情况下，遇到心情不好的时候，您会表现出来，但是大部分情况下，这些情绪是在您的控制之下，尽量不让情绪失控，从而影响到您的工作和生活。', '建议您在一定程度上提升自己的情绪管理能力，将压力和焦虑调整到一个适中的位置，这样您既不会感到烦躁和沮丧，也不会觉得懒散和无味。', 'singleMain', '中等', '', ''),
	(29, 5, 13, '情绪管理', 35, 999, '您的情绪不易受到外界环境的影响；您对他人情绪状态的觉知能力比较好，也会合理地控制自己的情绪；您的情绪表达对您的工作和生活起到了正面的、积极的作用，因为您知道在什么时候应该表达什么样的情绪，并且大部分时候能够达到您要的效果。', '建议您在一定范围和程度上保持您的乐观向上的情绪状态；您的情绪不易受他人等外在环境的影响，但可能存在忽略其他人情绪的可能，建议在保持对自己情绪状态觉知的同时，多留意周围人的情绪，利用自己的优势，合理疏导。', 'singleMain', '较高', '', ''),
	(30, 5, 14, '行为表现', 0, 24, '您最近状态不佳，一直觉得疲劳，工作效率也不如以前那么高；注意力和记忆力较之前有所下降；而且，工作和生活中经常会出现一些本来可以避免的错误，从而给自己带来了许多不必要的麻烦。', '您应该认真地关注自己的行为表现，改掉一些不良的生活习惯和行为方式；在生活和工作中，多注意一些细节问题；在完成任务时，需要积极调整好当时的状态，同时集中注意力，加大身心能量投入。', 'singleMain', '较低', '', ''),
	(31, 5, 14, '行为表现', 25, 33, '您最近的状态一般，偶尔会感觉到疲劳，但是适当休息后，能够马上恢复状态。您的工作效率与以前相比，没有太大变化，注意力、记忆力等也与之前差不多。您偶尔会有一些不良的生活方式，偶尔还会出现一些小错误。', '您应该对自己的行为和表现给予一定的关注，改掉一些不良的生活习惯；在工作中重视细节问题，减少因为马虎等带来的不必要的小错误。', 'singleMain', '中等', '', ''),
	(32, 5, 14, '行为表现', 34, 999, '您最近的状态比较好，精力比较旺盛，不太容易出现疲劳；注意力和记忆力都比以往要好；您在工作和生活中，做事认真负责，很少出现因马虎大意而犯错误。', '您应该继续保持您的良好状态，保持您所拥有的良好生活工作习惯；如果偶尔出现状态不好的时候，建议不必太过担心，用你自己擅长的方法，及时调整自己。', 'singleMain', '较高', '', ''),
	(33, 5, 15, '生理症状', 0, 26, '您最近的身体已经出现很多不适症状，已经开始影响到您的工作和生活；当遇到压力事件时，您可能会出现头疼、背疼、食欲不振等身体症状；晚上入睡困难，睡眠状态较差，继而影响到白天的工作和生活。', '您的身体健康状况已经出现不少问题，建议您参加一些运动力度不大的体育项目，如瑜伽、慢跑等，增强体质，同时，养成良好的生活作息习惯，如早睡早起，多吃水果蔬菜，戒掉或者减少不良生活习惯等。另外，做一些冥想练习，也能帮助您适当减轻焦虑，放松身心。', 'singleMain', '较低', '', ''),
	(34, 5, 15, '生理症状', 27, 36, '您的身体偶尔会出现一些小毛病，比如头疼、恶心、食欲不振等；您的睡眠状态一般，比如偶尔会出现入睡困难，睡醒后感觉还是很累等。但是这些小毛病基本上没有干扰到您的正常生活。', '您的身体已经出现一些小症状，建议您从现在开始及时关注自己的身体状况，参加一些体育项目，增强体质；同时，您需要养成良好的生活作息习惯；在压力较大时，多积极采取减压措施，如音乐减压、冥想减压等方法。', 'singleMain', '中等', '', ''),
	(35, 5, 15, '生理症状', 37, 999, '您最近的身体状态还不错，没有出现明显的身体不适；您的睡眠也比较好，一般能快速及时入睡，整个睡眠质量也不错，醒来后能够感觉身体得到了休息，精神状态得到了恢复。', '您现在的身体状况不错，建议您继续保持您的良好的作息习惯和有效的减压方法；如果您参加了各种体育锻炼，那么您需要继续保持这种练习。', 'singleMain', '较高', '', ''),
	(36, 5, 16, '社会支持', 0, 25, '您不太善于人际交往，不太喜欢社交活动；即使身处于热闹的人群中，也会觉得“狂欢是他们的，孤单是自己的”；能够交心的朋友没几个，很少有人能够走近您的内心；在遇到问题的时候，也不知道能找谁帮忙。', '改变一些消极的人际关系观念，积极主动参加或者组织一些社交活动，比如组织朋友看电影、吃饭、唱歌等娱乐活动，也可以多参加一些读书会、读书沙龙等活动，认识一些新朋友。在与人交流和沟通时，多主动一些，适当的时候可以倾诉自己的内心，让别人能够更容易与您亲近。', 'singleMain', '较低', '', ''),
	(37, 5, 16, '社会支持', 26, 34, '在日常生活中，您与他人的交往没有什么太大问题，只是在人多的场合，可能会有轻微焦虑。当遇到问题时，虽然能够求助的朋友不多，但是还是有个别能够交心的朋友。', '多参加一些社交活动，锻炼自己的社交能力；在公众场合多发表自己的观点，慢慢习惯成为众人关注的焦点；扩展您的朋友圈，虽然志同道合的朋友比较难找，但是当您以更加开放的心态对待自己和对待他人时，您的朋友圈也会慢慢壮大。', 'singleMain', '中等', '', ''),
	(38, 5, 16, '社会支持', 35, 999, '在日常生活中，您还是比较擅长与人打交道，在多数情况下，您能有效地表达自己的观点；当您成为众人的焦点时，也不会引发特别强烈的焦虑，您具有一定的应对能力；您在人多的场合也能表现自如；您有不少朋友，当遇到问题时，如果想找朋友帮忙，您总能找到合适的朋友。', '您比较重视家人和身边的朋友，也不缺少志同道合的朋友，但是因为朋友圈交往对象范围比较广，要特别注意跟朋友的交往的深度；另外，适当地留一些独处时间，将内心的方向转向自己，多关注自己的内在世界。', 'singleMain', '较高', '', ''),
	(39, 5, 17, '自我防御', 0, 24, '在工作和生活中，当您遇到突发状况时，您的应对方式有待提升，或者缺少相应的应对方法和技巧，不能够成熟和健康地处理问题。这种不成熟的自我防御机制容易影响到工作和生活。', '遇到突发事件时，在没做出任何反应之前，应当给出一点时间先冷静分析问题，从而找到解决问题的方法，切勿让自己的冲动破坏了整个事情。在观察周围人成熟冷静的行事风格的同时，多学习，多进步，使自己的个性更加健康和成熟。', 'singleMain', '较低', '', ''),
	(40, 5, 17, '自我防御', 25, 32, '您在生活和工作中，当遇到突然状况时，您的应对方式体现出成熟又幼稚的特点，也就是说，一部分情况下您能成熟应对之，而在另外一些情况下，您又没有成熟的应对方式，相对处理得比较幼稚。', '建议您多观察和学习周边人成熟、冷静的做事风格；您可以尝试努力使自己处理问题的时候更加理性、成熟；当遇到挫折时，可虚心接受自己的缺点或不足，努力提升自己。', 'singleMain', '中等', '', ''),
	(41, 5, 17, '自我防御', 33, 999, '您在日常工作和学习中，处理问题比较成熟、稳重；对环境的变化能够及时、迅速地调整自己，以应对这种变化；整体来说，您在行为反应上让周围的人觉得您是可靠和稳重的。', '您处理问题的时候很成熟稳重，应对突发状况的能力很强。建议您在成功应对各种问题之后，适当地给自己放松、充电和补充能量。', 'singleMain', '较高', '', ''),
	(42, 5, 11, '总分', 0, 144, '', '', 'teamMain', '较差', '', ''),
	(43, 5, 11, '总分', 145, 167, '', '', 'teamMain', '不良', '', ''),
	(44, 5, 11, '总分', 168, 191, '', '', 'teamMain', '中等', '', ''),
	(45, 5, 11, '总分', 192, 215, '', '', 'teamMain', '较好', '', ''),
	(46, 5, 11, '总分', 216, 240, '', '', 'teamMain', '非常好', '', ''),
	(47, 5, 12, '积极心态', 0, 999, '员工在评估个体关于日常生活中某些问题的观念、看法和认识的时候趋于以一种消极的观点，这样会使得他们对未来生活较为悲观，信心不足，自我价值观较低，也不能充分信任周围环境和他人，因此体验到的幸福感较低。', '', 'teamMain', '', '积极心态与心理健康有密切的关系。个体对客观事物的认知方式和认知态度，对其情绪情感以及行为有决定性作用，一个人的认知—情感—行为是否和谐，对健康会产生直接的影响。错误的认知会使我们产生不合理的情绪，不合理的情绪又会导致过激的行为。', ''),
	(48, 5, 13, '情绪管理', 0, 999, '员工的情绪管理能力比较差，有情绪会立刻表达和发泄出来，他们找不到有效的办法控制自己的情绪，而且他们容易受到负面情绪的影响，甚至会影响到了工作。', '', 'teamMain', '', '情绪是人对客观事物的态度体验，是人类大脑的一个检测系统。积极情绪有协调作用，而消极情绪则有破坏和瓦解作用。比如愤怒就会让人无法专注于眼前的工作，因此，情绪管理与心理健康关系相当密切。', ''),
	(49, 5, 14, '行为表现', 0, 999, '员工最近工作状态较差，工作效率较以前有所下降；而且，他们在工作和生活中经常会出现一些本来可以避免的错误，从而最近的工作带来了许多不必要的麻烦。', '', 'teamMain', '', '行为表现是指在各种动机的触发下、个体的状态的引导下，以及情绪的影响下所表现出来的行为上的表现情况。行为是个体最直接、可观察、可记录的一种表现，我们往往会从行为表现去推测个体的状况、情绪、能力，等等。员工团体的行为表现又直接关系到企业的效率、业绩、发展等。', ''),
	(50, 5, 15, '生理症状', 0, 999, '员工最近的身体已经出现很多不适症状，已经开始影响到工作和生活。特别是遇到压力事件时，总会伴随出现各种生理症状，如头疼、背疼、胃口不好、睡眠状态不好，导致白天身体状态跟不上。', '', 'teamMain', '', '身体是革命的本钱。在一定程度上，生理症状对工作和生活影响不大，但是，当生理状况达到警戒线以下，差到影响到工作和生活的时候，必须给以特别的关注。', ''),
	(51, 5, 16, '社会支持', 0, 999, '员工在人际交往互动中的状况不够理想。他们可能在有些情况下不能有效地表达自己的观点，特别是在有很多人的社交场合，常常会觉得不自然不舒服，常会感到孤独失落，但又很少主动找别人聊天谈心。', '', 'teamMain', '', '良好的人际关系可以缓解心理压力，促进心理健康；而不好的人际关系，却会很容易让人产生心理障碍。因为：良好的人际关系意味着，具有较多的朋友，人际关系和谐，因此人们之间可以互相关心，互相爱护，互相帮助，这样就可以降低心理压力，化解心理障碍，有利于心理健康；而不良的人际关系则意味着，缺乏知心密友，有话不想说也不能说，“把所有问题自己扛”，这样很容易把心理问题积蓄和放大起来，也就容易产生心理障碍。', ''),
	(52, 5, 17, '自我防御', 0, 999, '员工在工作和生活中遇到突发状况时，应对方式还停留在比较幼稚的阶段，不够稳重，或者说缺乏应对的方法和技巧，不能够成熟地处理问题。这种不成熟的自我防御机制容易影响到工作和生活。', '', 'teamMain', '', '自我防御机制是指在遇到外在环境突然变化等应激事件时，个体所表现出来的应对能力。在工作和生活中，难免会遇到突然情况，如果个体或者整个团体对外界变化的应对能力比较强，那么会比较适合在充满激烈竞争，且不断变化的环境中工作。', ''),
	(53, 7, 51, '情绪感知/自我情绪感知', 1, 1, '完全不清楚自己的情绪状况，也完全不关注自己的情绪。', '', 'singleSub', '', '', ''),
	(54, 7, 51, '情绪感知/自我情绪感知', 2, 2, '对自己的情绪状况了解得极少，不知道自己情绪为何变化。', '', 'singleSub', '', '', ''),
	(55, 7, 51, '情绪感知/自我情绪感知', 3, 3, '不清楚自己的情绪状况，也没有对自己的情绪给予足够的关注。', '', 'singleSub', '', '', ''),
	(56, 7, 51, '情绪感知/自我情绪感知', 4, 4, '虽然关注过自己的情绪，但不太能够把握时时自己的情绪状况。', '', 'singleSub', '', '', ''),
	(57, 7, 51, '情绪感知/自我情绪感知', 5, 5, '偶尔能清楚自己的情绪状况，但还有很大提升空间。', '', 'singleSub', '', '', ''),
	(58, 7, 51, '情绪感知/自我情绪感知', 6, 6, '比较能把握自己的情绪状况，很多情况下对引起自己情绪的原因也比较清楚。', '', 'singleSub', '', '', ''),
	(59, 7, 51, '情绪感知/自我情绪感知', 7, 7, '可以清楚地把握自己的情绪状况，也清楚自己伴随情绪出现的生理反应和非言语信息。', '', 'singleSub', '', '', ''),
	(60, 7, 51, '情绪感知/自我情绪感知', 8, 8, '关注自己的情绪，清楚自己的情绪状态，将其作为行动的依据', '', 'singleSub', '', '', ''),
	(61, 7, 51, '情绪感知/自我情绪感知', 9, 9, '非常关注自己的情绪，也非常清楚自己的情绪，能够把它成为行动的基础。', '', 'singleSub', '', '', ''),
	(62, 7, 51, '情绪感知/自我情绪感知', 10, 10, '完全清楚自己的情绪状况，也非常清楚伴随自己情绪的生理反应。', '', 'singleSub', '', '', ''),
	(63, 7, 52, '情绪感知/他人情绪感知', 1, 1, '完全不了解他人情绪状态，不能站在别人角度想问题，不能体察别人情绪，很自我中心。', '', 'singleSub', '', '', ''),
	(64, 7, 52, '情绪感知/他人情绪感知', 2, 2, '对他人情绪状态的了解极其有限，也无法站在别人的角度设身处地地对待问题，有自我中心倾向，很难与人相处。', '', 'singleSub', '', '', ''),
	(65, 7, 52, '情绪感知/他人情绪感知', 3, 3, '不了解他人情绪，无法站在他人角度为别人着想，容易以自我为中心，与人相处经常会遇到困难。', '', 'singleSub', '', '', ''),
	(66, 7, 52, '情绪感知/他人情绪感知', 4, 4, '虽然有时会关注他人情绪，但是没有能力设身处地为别人着想，考虑他人感受。', '', 'singleSub', '', '', ''),
	(67, 7, 52, '情绪感知/他人情绪感知', 5, 5, '偶尔会关注其他人的情绪感受，也能在某些时候为他人着想，能够站在他人角度对待问题。', '', 'singleSub', '', '', ''),
	(68, 7, 52, '情绪感知/他人情绪感知', 6, 6, '比较能关注他人的情绪和感受，试图理解他人传递的语言和非语言信息，在很多情况下，有能力体谅和照顾他人情绪和感受。', '', 'singleSub', '', '', ''),
	(69, 7, 52, '情绪感知/他人情绪感知', 7, 7, '可以清楚地认识和体会到别人传达的情绪，并且根据理解的情绪，照顾别人的感受，从而做出相应的行为。', '', 'singleSub', '', '', ''),
	(70, 7, 52, '情绪感知/他人情绪感知', 8, 8, '很好地识别他人情绪，并以此不断调整自己的行为。', '', 'singleSub', '', '', ''),
	(71, 7, 52, '情绪感知/他人情绪感知', 9, 9, '识别他人情绪的高手，对别人的情绪非常敏感，能捕捉细节来推测他人情绪。别人都能和你愉快相处。', '', 'singleSub', '', '', ''),
	(72, 7, 52, '情绪感知/他人情绪感知', 10, 10, '完全把握别人情绪，与任何人几乎都能和谐相处。在日常工作和生活中，经常把照顾别人的情绪放在重要位置上。', '', 'singleSub', '', '', ''),
	(73, 7, 53, '情绪控制/稳定性', 1, 1, '情绪极不稳定，很容易波动，特别容易紧张。周围人也觉得你脾气古怪。', '', 'singleSub', '', '', ''),
	(74, 7, 53, '情绪控制/稳定性', 2, 2, '常常有情绪的很大波动，遇到事情容易紧张，经常处于悲观状态。', '', 'singleSub', '', '', ''),
	(75, 7, 53, '情绪控制/稳定性', 3, 3, '情绪不稳定，容易悲观，容易动怒，也比较容易紧张。', '', 'singleSub', '', '', ''),
	(76, 7, 53, '情绪控制/稳定性', 4, 4, '情绪稳定性一般，但是遇到重大事件，还是容易紧张。', '', 'singleSub', '', '', ''),
	(77, 7, 53, '情绪控制/稳定性', 5, 5, '情绪偶尔有波动，但是起伏很小，偶尔也会紧张，但是会尽力调节。', '', 'singleSub', '', '', ''),
	(78, 7, 53, '情绪控制/稳定性', 6, 6, '情绪比较稳定，在很多情况下，都不会那么悲观和丧气，也不会大喜大悲。', '', 'singleSub', '', '', ''),
	(79, 7, 53, '情绪控制/稳定性', 7, 7, '情绪有弹性，遇到事情沉着冷静。', '', 'singleSub', '', '', ''),
	(80, 7, 53, '情绪控制/稳定性', 8, 8, '情绪弹性好，大家都觉得你比较成熟，沉着冷清。', '', 'singleSub', '', '', ''),
	(81, 7, 53, '情绪控制/稳定性', 9, 9, '情绪稳定性好，不容易悲观，也不容易大怒，遇到重要场合也不易紧张，应付得体，收放自如。', '', 'singleSub', '', '', ''),
	(82, 7, 53, '情绪控制/稳定性', 10, 10, '情绪非常稳定，遇到重大场合也很从容。且情绪基调积极向上，充满正能量。', '', 'singleSub', '', '', ''),
	(83, 7, 54, '情绪控制/控制力', 1, 1, '完全不能调节自己的情绪，只能任由其发生、发展。', '', 'singleSub', '', '', ''),
	(84, 7, 54, '情绪控制/控制力', 2, 2, '调节自己情绪的能力很差，尝试调节情绪，但是无法', '', 'singleSub', '', '', ''),
	(85, 7, 54, '情绪控制/控制力', 3, 3, '情绪调节能力差，无法延长或者摆脱某些情绪状态。', '', 'singleSub', '', '', ''),
	(86, 7, 54, '情绪控制/控制力', 4, 4, '偶尔能够意识到调节自己情绪状态，但是还是没有有效的方法达到满意的结果。', '', 'singleSub', '', '', ''),
	(87, 7, 54, '情绪控制/控制力', 5, 5, '偶尔能够有办法调节自己情绪状态，在某些时候，能够延长或者摆脱某些情绪状态。', '', 'singleSub', '', '', ''),
	(88, 7, 54, '情绪控制/控制力', 6, 6, '有一定的情绪调节能力，但是有时候还是控制不住自己的情绪，不能立刻恢复状态。还有一定的改进空间。', '', 'singleSub', '', '', ''),
	(89, 7, 54, '情绪控制/控制力', 7, 7, '情绪调节能力比较强，情绪控制得比较好，情绪恢复起来没有太多困难。', '', 'singleSub', '', '', ''),
	(90, 7, 54, '情绪控制/控制力', 8, 8, '有很好的情绪调节能力，能够主动调节自己的情绪状况，从或高或低的情绪中恢复正常。', '', 'singleSub', '', '', ''),
	(91, 7, 54, '情绪控制/控制力', 9, 9, '擅长情绪自我调节和控制，有自己的方法和措施来掌控自己的情绪状态，情绪恢复起来又快又好。', '', 'singleSub', '', '', ''),
	(92, 7, 54, '情绪控制/控制力', 10, 10, '控制情绪的高人，能够根据情绪状态对自己的有利程度，能动性地调节自己的情绪，使得自己马上能从高昂和压抑的情绪中恢复过来。', '', 'singleSub', '', '', ''),
	(93, 7, 55, '情绪控制/自我激励', 1, 1, '当遇到挑战和挫折时，没有任何方法进行自我鞭策，也没有办法进行自我激励。', '', 'singleSub', '', '', ''),
	(94, 7, 55, '情绪控制/自我激励', 2, 2, '自我激励的水平很差，没有办法给自己鼓劲儿，一遇到挫折就容易退缩。', '', 'singleSub', '', '', ''),
	(95, 7, 55, '情绪控制/自我激励', 3, 3, '当遇到挑战和挫折时，没有办法进行有效的自我鞭策、自我说服，达不到自我激励的效果。', '', 'singleSub', '', '', ''),
	(96, 7, 55, '情绪控制/自我激励', 4, 4, '偶尔能够自我安慰和为自己打气，但是因为方法不到位，起不了太大的作用。', '', 'singleSub', '', '', ''),
	(97, 7, 55, '情绪控制/自我激励', 5, 5, '偶尔能够自我安慰和为自己打气，有时也会起到一些作用。', '', 'singleSub', '', '', ''),
	(98, 7, 55, '情绪控制/自我激励', 6, 6, '有一定的自我激励能力，想法在某些程度上得到改善，但是行动力有时会不足。', '', 'singleSub', '', '', ''),
	(99, 7, 55, '情绪控制/自我激励', 7, 7, '自我激励能力较强，只要是下定决心为自己鼓劲，虽然时间较长，但是还是能起到一定作用。', '', 'singleSub', '', '', ''),
	(100, 7, 55, '情绪控制/自我激励', 8, 8, '有很好的自我激励能力，总能从挫折和困难中找回自己的信心和热情。', '', 'singleSub', '', '', ''),
	(101, 7, 55, '情绪控制/自我激励', 9, 9, '面对自己的目标，能够随时进行有效的自我鞭策和自我说服，以此来保持自己对目标的热情、专注和自制。', '', 'singleSub', '', '', ''),
	(102, 7, 55, '情绪控制/自我激励', 10, 10, '一直会有效地自我鞭策和自我说服，以此来保持自己的热情、专注和自制。周围的人都觉得你干劲十足。', '', 'singleSub', '', '', ''),
	(103, 7, 56, '社交技巧/表达', 1, 1, '与别人相处时，表达情绪不适宜，不注意表达情绪的场合和时机，面部表情和肢体语言不够丰富，不能适时对别人表示赞扬。', '', 'singleSub', '', '', ''),
	(104, 7, 56, '社交技巧/表达', 2, 2, '情绪表达很差，经常在不知情的情况下得罪他人。有时与他人相处会出现情绪引发的误会。', '', 'singleSub', '', '', ''),
	(105, 7, 56, '社交技巧/表达', 3, 3, '虽然自己会注意情绪表达，但是情绪表达水平不高。', '', 'singleSub', '', '', ''),
	(106, 7, 56, '社交技巧/表达', 4, 4, '在某些场合，会表达出合适的情绪，但是在其他一些场合的情绪表达会差强人意。', '', 'singleSub', '', '', ''),
	(107, 7, 56, '社交技巧/表达', 5, 5, '在某些特别的场合，会注意自己的情绪表达，也会“三思而后表达”。', '', 'singleSub', '', '', ''),
	(108, 7, 56, '社交技巧/表达', 6, 6, '有一定的情绪表达能力，在一些常见情绪的处理和表达上比较到位，细微情绪的处理还有提高空间。', '', 'singleSub', '', '', ''),
	(109, 7, 56, '社交技巧/表达', 7, 7, '情绪表达得体且到位，在表达情绪前会观察时机和场所，再调整自己情绪表达的尺度。', '', 'singleSub', '', '', ''),
	(110, 7, 56, '社交技巧/表达', 8, 8, '有很好的情绪表达能力，喜欢与别人分享情感，与周围人能愉快相处。', '', 'singleSub', '', '', ''),
	(111, 7, 56, '社交技巧/表达', 9, 9, '能够根据时机和场所表达合适的情绪，也不吝啬对别人的夸赞。别人与之相处比较愉快。', '', 'singleSub', '', '', ''),
	(112, 7, 56, '社交技巧/表达', 10, 10, '情绪表达的高手，总能恰到好处地表达出自己的情绪和状态，是一个很讨人喜欢的人。', '', 'singleSub', '', '', ''),
	(113, 7, 57, '社交技巧/适应力', 1, 1, '完全不善于处理人际关系，情绪改变不够灵活，对待别人糟糕的情绪经常束手无策。', '', 'singleSub', '', '', ''),
	(114, 7, 57, '社交技巧/适应力', 2, 2, '非常不善于处理人际关系，情绪灵活性很差，遇到有些人际冲突时完全不知道怎么班。', '', 'singleSub', '', '', ''),
	(115, 7, 57, '社交技巧/适应力', 3, 3, '情绪适应力差，经常用相同的状态对付不同的人，不善于处理人际关系。', '', 'singleSub', '', '', ''),
	(116, 7, 57, '社交技巧/适应力', 4, 4, '偶尔能够调整情绪以适应不同的人际关系，但总体来说情绪灵活性还不够。', '', 'singleSub', '', '', ''),
	(117, 7, 57, '社交技巧/适应力', 5, 5, '为了适应不同的人际关系，比较能够调整情绪，但是偶尔会出现处理不了的人际关系。', '', 'singleSub', '', '', ''),
	(118, 7, 57, '社交技巧/适应力', 6, 6, '有一定的情绪灵活性，也比较能够妥善处理人际关系。', '', 'singleSub', '', '', ''),
	(119, 7, 57, '社交技巧/适应力', 7, 7, '情绪灵活性较强，能够改变自己以求面对不同群体。', '', 'singleSub', '', '', ''),
	(120, 7, 57, '社交技巧/适应力', 8, 8, '善于处理人际关系，在不同的人际交往中，有很强的情绪适应力。', '', 'singleSub', '', '', ''),
	(121, 7, 57, '社交技巧/适应力', 9, 9, '非常擅长处理人际关系，对付不同的人有不同的办法，情绪适应力高。', '', 'singleSub', '', '', ''),
	(122, 7, 57, '社交技巧/适应力', 10, 10, '极度善于处理人际关系，能够灵活调整和改变自己的情绪，能够适应各种情况下遇到的别人的情绪状态。', '', 'singleSub', '', '', ''),
	(123, 7, 58, '社交技巧/感染力', 1, 1, '自己的情绪对别人的情绪没有任何影响力，无法调动周围人的情绪，也不擅长鼓励别人。', '', 'singleSub', '', '', ''),
	(124, 7, 58, '社交技巧/感染力', 2, 2, '自己的情绪对别人的情绪几乎没有什么影响力，在鼓励他人方面也不擅长。', '', 'singleSub', '', '', ''),
	(125, 7, 58, '社交技巧/感染力', 3, 3, '情绪感染力差，调动他人情绪方面能力较差。', '', 'singleSub', '', '', ''),
	(126, 7, 58, '社交技巧/感染力', 4, 4, '有情感流露，他人能够感受到，但是无法将他人情绪调动起来', '', 'singleSub', '', '', ''),
	(127, 7, 58, '社交技巧/感染力', 5, 5, '偶尔在某些讲话中有情感流露，能够打动部分听众。', '', 'singleSub', '', '', ''),
	(128, 7, 58, '社交技巧/感染力', 6, 6, '有一定的情绪感染力，能够调动周围人情绪，但演讲能力可以进一步提高。', '', 'singleSub', '', '', ''),
	(129, 7, 58, '社交技巧/感染力', 7, 7, '在与人交流过程中，善于将自己的情绪传递给他人，从而引导他人情绪变化。', '', 'singleSub', '', '', ''),
	(130, 7, 58, '社交技巧/感染力', 8, 8, '有很强的情绪感染力，在说话过程中善于调动他人情绪，善于鼓励他人，善于演讲。', '', 'singleSub', '', '', ''),
	(131, 7, 58, '社交技巧/感染力', 9, 9, '自己很容易赢得别人的信任，能充分影响和调动周围人的情绪，也非常擅长鼓励他人。', '', 'singleSub', '', '', ''),
	(132, 7, 58, '社交技巧/感染力', 10, 10, '可以随意调动周围人的情绪，是个演讲高手，也是大家信任的人。', '', 'singleSub', '', '', ''),
	(133, 7, 59, '情绪利用/问题解决', 1, 1, '没有意识到情绪可以促进问题解决，在遇到问题时没有考虑到情绪因素。', '', 'singleSub', '', '', ''),
	(134, 7, 59, '情绪利用/问题解决', 2, 2, '无法利用情绪帮助问题的解决，面对情绪影响的问题也不知道如何处理。', '', 'singleSub', '', '', ''),
	(135, 7, 59, '情绪利用/问题解决', 3, 3, '意识到情绪可以影响问题的解决，但是没有找到合适的办法，比较困扰。', '', 'singleSub', '', '', ''),
	(136, 7, 59, '情绪利用/问题解决', 4, 4, '明白适当的情绪有利于问题的解决，在某些时候也关注到了不利情绪，但是方法运用地还不够到位。', '', 'singleSub', '', '', ''),
	(137, 7, 59, '情绪利用/问题解决', 5, 5, '有一定解决问题能力，比较能够运用一些方法来改变和利用情绪，其最终目的是为了更好解决问题。', '', 'singleSub', '', '', ''),
	(138, 7, 59, '情绪利用/问题解决', 6, 6, '比较会利用情绪，主要体现在利用情绪本身的状态和情绪的改变来方便解决问题。', '', 'singleSub', '', '', ''),
	(139, 7, 59, '情绪利用/问题解决', 7, 7, '在工作和生活中，重视情绪对个人问题解决的影响，会改变与事件相关的情绪来促进问题解决。', '', 'singleSub', '', '', ''),
	(140, 7, 59, '情绪利用/问题解决', 8, 8, '有很强的问题解决能力，非常清楚情绪对个体思维的影响力，所以在解决问题前会先考虑解决情绪问题。', '', 'singleSub', '', '', ''),
	(141, 7, 59, '情绪利用/问题解决', 9, 9, '善于利用情绪促进问题解决，关注那些影响工作和任务的他人情绪，这是情绪管理的高级技能。', '', 'singleSub', '', '', ''),
	(142, 7, 59, '情绪利用/问题解决', 10, 10, '很会利用情绪促进问题的解决。根据与事件相关的情绪体验改变思维方向和事件轻重缓急的能力很强。', '', 'singleSub', '', '', '');
/*!40000 ALTER TABLE `quiz_evaluation` ENABLE KEYS */;


# Dumping structure for table psychometry.quiz_item
CREATE TABLE IF NOT EXISTS `quiz_item` (
  `id` int(10) NOT NULL,
  `question` text NOT NULL,
  `lieFlag` int(1) NOT NULL,
  `optionJson` text NOT NULL COMMENT '{选项内容;选项维度ID;选项维度全称;选项分值}',
  `groupId` int(10) NOT NULL DEFAULT '0' COMMENT '问题所在的组，主要用于问卷4',
  `createBy` varchar(512) DEFAULT NULL,
  `createAt` varchar(512) DEFAULT NULL,
  `updateBy` varchar(512) DEFAULT NULL,
  `updateAt` varchar(512) DEFAULT NULL,
  `quizId` int(10) DEFAULT NULL COMMENT '对应的问卷ID'
) ENGINE=MyISAM DEFAULT CHARSET=utf8 COMMENT='题目';

# Dumping data for table psychometry.quiz_item: 245 rows
/*!40000 ALTER TABLE `quiz_item` DISABLE KEYS */;
INSERT INTO `quiz_item` (`id`, `question`, `lieFlag`, `optionJson`, `groupId`, `createBy`, `createAt`, `updateBy`, `updateAt`, `quizId`) VALUES
	(1, '当我在工作时间打电话时，', 0, '[{\n   "index" :"A",\n   "content" :"一直都在谈论正题",\n   "categoryId" :2,\n   "categoryName" :"支配型",\n   "value" :10\n}, {\n   "index" :"B",\n   "content" :"在进入正题前先聊一会",\n   "categoryId" :3,\n   "categoryName" :"表达型",\n   "value" :10\n}, {\n   "index" :"C",\n   "content" :"不急于挂电话",\n   "categoryId" :4,\n   "categoryName" :"和蔼型",\n   "value" :10\n}, {\n   "index" :"D",\n   "content" :"谈话尽量简短",\n   "categoryId" :5,\n   "categoryName" :"分析型",\n   "value" :10\n}]', 0, NULL, NULL, NULL, NULL, 3),
	(2, '如果我在办公室等别人来开会，可是他们迟到了，', 0, '[{\n   "index" :"A",\n   "content" :"我使自己一直忙于给他们打电话或工作，直到他们来了为止",\n   "categoryId" :3,\n   "categoryName" :"表达型",\n   "value" :10\n}, {\n   "index" :"B",\n   "content" :"我猜出他们可能会晚一会儿，不会感到不高兴",\n   "categoryId" :4,\n   "categoryName" :"和蔼型",\n   "value" :10\n}, {\n   "index" :"C",\n   "content" :"我会打电话给他们，以证实我没有记错时间",\n   "categoryId" :5,\n   "categoryName" :"分析型",\n   "value" :10\n}, {\n   "index" :"D",\n   "content" :"我觉得很恼火，因为他们浪费了我的时间",\n   "categoryId" :2,\n   "categoryName" :"支配型",\n   "value" :10\n}]', 0, NULL, NULL, NULL, NULL, 3),
	(3, '当我与别人说话时，', 0, '[{\n   "index" :"A",\n   "content" :"始终都和对方保持目光接触",\n   "categoryId" :2,\n   "categoryName" :"支配型",\n   "value" :10\n}, {\n   "index" :"B",\n   "content" :"一会儿看着对方，一会儿向下看",\n   "categoryId" :4,\n   "categoryName" :"和蔼型",\n   "value" :10\n}, {\n   "index" :"C",\n   "content" :"谈话过程中大部分时间都在环顾四周",\n   "categoryId" :5,\n   "categoryName" :"分析型",\n   "value" :10\n}, {\n   "index" :"D",\n   "content" :"尽力想保持目光接触但又不时地把目光移开",\n   "categoryId" :3,\n   "categoryName" :"表达型",\n   "value" :10\n}]', 0, NULL, NULL, NULL, NULL, 3),
	(4, '当客户正向我解释一个问题时，', 0, '[{\n   "index" :"A",\n   "content" :"我会尽量去理解并同情他的感受",\n   "categoryId" :4,\n   "categoryName" :"和蔼型",\n   "value" :10\n}, {\n   "index" :"B",\n   "content" :"查询有关这一问题的具体事实",\n   "categoryId" :5,\n   "categoryName" :"分析型",\n   "value" :10\n}, {\n   "index" :"C",\n   "content" :"认真听取主要内容以便找出解决办法",\n   "categoryId" :2,\n   "categoryName" :"支配型",\n   "value" :10\n}, {\n   "index" :"D",\n   "content" :"我运用身体语言和语音语调向他表示我听懂了",\n   "categoryId" :3,\n   "categoryName" :"表达型",\n   "value" :10\n}]', 0, NULL, NULL, NULL, NULL, 3),
	(5, '当我参加工作会议时，', 0, '[{\n   "index" :"A",\n   "content" :"坐在后面，并在提出我的观点之前考虑一下我要说的内容",\n   "categoryId" :5,\n   "categoryName" :"分析型",\n   "value" :10\n}, {\n   "index" :"B",\n   "content" :"全盘托出我的计划，让大家都知道",\n   "categoryId" :2,\n   "categoryName" :"支配型",\n   "value" :10\n}, {\n   "index" :"C",\n   "content" :"热情洋溢地发表自己的观点，但同时也听取别人的意见",\n   "categoryId" :3,\n   "categoryName" :"表达型",\n   "value" :10\n}, {\n   "index" :"D",\n   "content" :"尽量支持会上他人的意见",\n   "categoryId" :4,\n   "categoryName" :"和蔼型",\n   "value" :10\n}]', 0, NULL, NULL, NULL, NULL, 3),
	(6, '如果我正在和别人发生争执，', 0, '[{\n   "index" :"A",\n   "content" :"尽力把注意力放到积极因素上，从而使形势有所缓和",\n   "categoryId" :3,\n   "categoryName" :"表达型",\n   "value" :10\n}, {\n   "index" :"B",\n   "content" :"尽力保持冷静并且尽量理解争执的原因",\n   "categoryId" :4,\n   "categoryName" :"和蔼型",\n   "value" :10\n}, {\n   "index" :"C",\n   "content" :"尽量避免谈论引起争执的话题",\n   "categoryId" :5,\n   "categoryName" :"分析型",\n   "value" :10\n}, {\n   "index" :"D",\n   "content" :"马上正视争执以便于争执能尽快得到解决",\n   "categoryId" :2,\n   "categoryName" :"支配型",\n   "value" :10\n}]', 0, NULL, NULL, NULL, NULL, 3),
	(7, '当我在众人面前发表意见时，', 0, '[{\n   "index" :"A",\n   "content" :"我很有趣且很幽默",\n   "categoryId" :3,\n   "categoryName" :"表达型",\n   "value" :10\n}, {\n   "index" :"B",\n   "content" :"条理清楚，言简意赅",\n   "categoryId" :5,\n   "categoryName" :"分析型",\n   "value" :10\n}, {\n   "index" :"C",\n   "content" :"相对而言，我的声音小",\n   "categoryId" :4,\n   "categoryName" :"和蔼型",\n   "value" :10\n}, {\n   "index" :"D",\n   "content" :"直接、具体、有时声音洪亮",\n   "categoryId" :2,\n   "categoryName" :"支配型",\n   "value" :10\n}]', 0, NULL, NULL, NULL, NULL, 3),
	(8, '当我想使别人接受我的观点时，', 0, '[{\n   "index" :"A",\n   "content" :"我先听他们的观点然后很有礼貌地阐述自己的观点",\n   "categoryId" :4,\n   "categoryName" :"和蔼型",\n   "value" :10\n}, {\n   "index" :"B",\n   "content" :"我强烈地表达我的观点，以便使他们都能明白我的立场",\n   "categoryId" :2,\n   "categoryName" :"支配型",\n   "value" :10\n}, {\n   "index" :"C",\n   "content" :"我尽量说服他们，而不是把我的观点强加给他们",\n   "categoryId" :3,\n   "categoryName" :"表达型",\n   "value" :10\n}, {\n   "index" :"D",\n   "content" :"阐明观点时，会解释我的想法和理由",\n   "categoryId" :5,\n   "categoryName" :"分析型",\n   "value" :10\n}]', 0, NULL, NULL, NULL, NULL, 3),
	(9, '当我被别人言语攻击时，', 0, '[{\n   "index" :"A",\n   "content" :"我会告诉他，请停止对我的攻击",\n   "categoryId" :2,\n   "categoryName" :"支配型",\n   "value" :10\n}, {\n   "index" :"B",\n   "content" :"我感到受了伤害，却什么都不对他说",\n   "categoryId" :4,\n   "categoryName" :"和蔼型",\n   "value" :10\n}, {\n   "index" :"C",\n   "content" :"分析型",\n   "categoryId" :5,\n   "categoryName" :"分析型",\n   "value" :10\n}, {\n   "index" :"D",\n   "content" :"我言辞激烈地告诉他我不喜欢他的行为",\n   "categoryId" :3,\n   "categoryName" :"表达型",\n   "value" :10\n}]', 0, NULL, NULL, NULL, NULL, 3),
	(10, '当我想请同事帮忙，向他说明自己遇到的难题时，', 0, '[{\n   "index" :"A",\n   "content" :"我尽可能地告诉他问题的每一个细节",\n   "categoryId" :5,\n   "categoryName" :"分析型",\n   "value" :10\n}, {\n   "index" :"B",\n   "content" :"为了表明我的困境，我有时会把问题夸大",\n   "categoryId" :3,\n   "categoryName" :"表达型",\n   "value" :10\n}, {\n   "index" :"C",\n   "content" :"我尽可能说明问题给我带来的感受",\n   "categoryId" :4,\n   "categoryName" :"和蔼型",\n   "value" :10\n}, {\n   "index" :"D",\n   "content" :"我说明我多么希望问题能够得到解决",\n   "categoryId" :2,\n   "categoryName" :"支配型",\n   "value" :10\n}]', 0, NULL, NULL, NULL, NULL, 3),
	(11, '当我与同事交流工作时，认为下面的哪一点最为重要？', 0, '[{\n   "index" :"A",\n   "content" :"效率高——不拐弯抹角，直奔主题，高效完成工作",\n   "categoryId" :2,\n   "categoryName" :"支配型",\n   "value" :10\n}, {\n   "index" :"B",\n   "content" :"逻辑强——谈话逻辑很重要，事先会准备好沟通要点",\n   "categoryId" :5,\n   "categoryName" :"分析型",\n   "value" :10\n}, {\n   "index" :"C",\n   "content" :"关系好——主动询问并尊重对方的看法和意见，维护好同事关系，营造和谐的气氛",\n   "categoryId" :4,\n   "categoryName" :"和蔼型",\n   "value" :10\n}, {\n   "index" :"D",\n   "content" :"表达清晰——洪亮且清晰地表达出自己的观点",\n   "categoryId" :3,\n   "categoryName" :"表达型",\n   "value" :10\n}]', 0, NULL, NULL, NULL, NULL, 3),
	(12, '下面哪一个特质更加符合你？', 0, '[{\n   "index" :"A",\n   "content" :"为人热情且合群",\n   "categoryId" :3,\n   "categoryName" :"表达型",\n   "value" :10\n}, {\n   "index" :"B",\n   "content" :"做事雷厉风行、当机立断",\n   "categoryId" :2,\n   "categoryName" :"支配型",\n   "value" :10\n}, {\n   "index" :"C",\n   "content" :"有耐心、温文尔雅",\n   "categoryId" :4,\n   "categoryName" :"和蔼型",\n   "value" :10\n}, {\n   "index" :"D",\n   "content" :"逻辑性强、严肃认真",\n   "categoryId" :5,\n   "categoryName" :"分析型",\n   "value" :10\n}]', 0, NULL, NULL, NULL, NULL, 3),
	(13, '与别人闲聊时，', 0, '[{\n   "index" :"A",\n   "content" :"我是说话又多又快的人",\n   "categoryId" :2,\n   "categoryName" :"支配型",\n   "value" :10\n}, {\n   "index" :"B",\n   "content" :"我喜欢听被人说话，自己说得比较少",\n   "categoryId" :5,\n   "categoryName" :"分析型",\n   "value" :10\n}, {\n   "index" :"C",\n   "content" :"我说话时经常配合手势",\n   "categoryId" :3,\n   "categoryName" :"表达型",\n   "value" :10\n}, {\n   "index" :"D",\n   "content" :"声音轻柔且抑扬顿挫",\n   "categoryId" :4,\n   "categoryName" :"和蔼型",\n   "value" :10\n}]', 0, NULL, NULL, NULL, NULL, 3),
	(14, '如果听一次演讲，我更喜欢的讲师是', 0, '[{\n   "index" :"A",\n   "content" :"内在逻辑性强、严肃认真",\n   "categoryId" :5,\n   "categoryName" :"分析型",\n   "value" :10\n}, {\n   "index" :"B",\n   "content" :"生动、幽默",\n   "categoryId" :3,\n   "categoryName" :"表达型",\n   "value" :10\n}, {\n   "index" :"C",\n   "content" :"温文尔雅、善于鼓励别人",\n   "categoryId" :4,\n   "categoryName" :"和蔼型",\n   "value" :10\n}, {\n   "index" :"D",\n   "content" :"自信满满、语速快",\n   "categoryId" :2,\n   "categoryName" :"支配型",\n   "value" :10\n}]', 0, NULL, NULL, NULL, NULL, 3),
	(15, '我努力避免与同事意见不一致。', 0, '[{\n   "index" :"A",\n   "content" :"非常不符合",\n   "categoryId" :7,\n   "categoryName" :"回避型",\n   "value" :1\n}, {\n   "index" :"B",\n   "content" :"比较不符合",\n   "categoryId" :7,\n   "categoryName" :"回避型",\n   "value" :2\n}, {\n   "index" :"C",\n   "content" :"有点不符合",\n   "categoryId" :7,\n   "categoryName" :"回避型",\n   "value" :3\n}, {\n   "index" :"D",\n   "content" :"有点符合",\n   "categoryId" :7,\n   "categoryName" :"回避型",\n   "value" :4\n}, {\n   "index" :"E",\n   "content" :"比较符合",\n   "categoryId" :7,\n   "categoryName" :"回避型",\n   "value" :5\n}, {\n   "index" :"F",\n   "content" :"非常符合",\n   "categoryId" :7,\n   "categoryName" :"回避型",\n   "value" :6\n}]', 0, NULL, NULL, NULL, NULL, 4),
	(16, '我努力将同事的想法和自己的想法进行整合，提供一个共同的决定。', 0, '[{\n   "index" :"A",\n   "content" :"非常不符合",\n   "categoryId" :6,\n   "categoryName" :"整合型",\n   "value" :1\n}, {\n   "index" :"B",\n   "content" :"比较不符合",\n   "categoryId" :6,\n   "categoryName" :"整合型",\n   "value" :2\n}, {\n   "index" :"C",\n   "content" :"有点不符合",\n   "categoryId" :6,\n   "categoryName" :"整合型",\n   "value" :3\n}, {\n   "index" :"D",\n   "content" :"有点符合",\n   "categoryId" :6,\n   "categoryName" :"整合型",\n   "value" :4\n}, {\n   "index" :"E",\n   "content" :"比较符合",\n   "categoryId" :6,\n   "categoryName" :"整合型",\n   "value" :5\n}, {\n   "index" :"F",\n   "content" :"非常符合",\n   "categoryId" :6,\n   "categoryName" :"整合型",\n   "value" :6\n}]', 0, NULL, NULL, NULL, NULL, 4),
	(17, '为了避免和同事正面冲突带来的难堪，我会尽力不理会冲突。', 0, '[{\n   "index" :"A",\n   "content" :"非常不符合",\n   "categoryId" :7,\n   "categoryName" :"回避型",\n   "value" :1\n}, {\n   "index" :"B",\n   "content" :"比较不符合",\n   "categoryId" :7,\n   "categoryName" :"回避型",\n   "value" :2\n}, {\n   "index" :"C",\n   "content" :"有点不符合",\n   "categoryId" :7,\n   "categoryName" :"回避型",\n   "value" :3\n}, {\n   "index" :"D",\n   "content" :"有点符合",\n   "categoryId" :7,\n   "categoryName" :"回避型",\n   "value" :4\n}, {\n   "index" :"E",\n   "content" :"比较符合",\n   "categoryId" :7,\n   "categoryName" :"回避型",\n   "value" :5\n}, {\n   "index" :"F",\n   "content" :"非常符合",\n   "categoryId" :7,\n   "categoryName" :"回避型",\n   "value" :6\n}]', 0, NULL, NULL, NULL, NULL, 4),
	(18, '我会利用自己的专业性或者权威性说服大家支持我的决定。', 0, '[{\n   "index" :"A",\n   "content" :"非常不符合",\n   "categoryId" :8,\n   "categoryName" :"支配型",\n   "value" :1\n}, {\n   "index" :"B",\n   "content" :"比较不符合",\n   "categoryId" :8,\n   "categoryName" :"支配型",\n   "value" :2\n}, {\n   "index" :"C",\n   "content" :"有点不符合",\n   "categoryId" :8,\n   "categoryName" :"支配型",\n   "value" :3\n}, {\n   "index" :"D",\n   "content" :"有点符合",\n   "categoryId" :8,\n   "categoryName" :"支配型",\n   "value" :4\n}, {\n   "index" :"E",\n   "content" :"比较符合",\n   "categoryId" :8,\n   "categoryName" :"支配型",\n   "value" :5\n}, {\n   "index" :"F",\n   "content" :"非常符合",\n   "categoryId" :8,\n   "categoryName" :"支配型",\n   "value" :6\n}]', 0, NULL, NULL, NULL, NULL, 4),
	(19, '我与同事一起研究问题，找出我们都能接受的解决方案。', 0, '[{\n   "index" :"A",\n   "content" :"非常不符合",\n   "categoryId" :6,\n   "categoryName" :"整合型",\n   "value" :1\n}, {\n   "index" :"B",\n   "content" :"比较不符合",\n   "categoryId" :6,\n   "categoryName" :"整合型",\n   "value" :2\n}, {\n   "index" :"C",\n   "content" :"有点不符合",\n   "categoryId" :6,\n   "categoryName" :"整合型",\n   "value" :3\n}, {\n   "index" :"D",\n   "content" :"有点符合",\n   "categoryId" :6,\n   "categoryName" :"整合型",\n   "value" :4\n}, {\n   "index" :"E",\n   "content" :"比较符合",\n   "categoryId" :6,\n   "categoryName" :"整合型",\n   "value" :5\n}, {\n   "index" :"F",\n   "content" :"非常符合",\n   "categoryId" :6,\n   "categoryName" :"整合型",\n   "value" :6\n}]', 0, NULL, NULL, NULL, NULL, 4),
	(20, '我与同事协商，努力寻求折中方案。', 0, '[{\n   "index" :"A",\n   "content" :"非常不符合",\n   "categoryId" :10,\n   "categoryName" :"折中型",\n   "value" :1\n}, {\n   "index" :"B",\n   "content" :"比较不符合",\n   "categoryId" :10,\n   "categoryName" :"折中型",\n   "value" :2\n}, {\n   "index" :"C",\n   "content" :"有点不符合",\n   "categoryId" :10,\n   "categoryName" :"折中型",\n   "value" :3\n}, {\n   "index" :"D",\n   "content" :"有点符合",\n   "categoryId" :10,\n   "categoryName" :"折中型",\n   "value" :4\n}, {\n   "index" :"E",\n   "content" :"比较符合",\n   "categoryId" :10,\n   "categoryName" :"折中型",\n   "value" :5\n}, {\n   "index" :"F",\n   "content" :"非常符合",\n   "categoryId" :10,\n   "categoryName" :"折中型",\n   "value" :6\n}]', 0, NULL, NULL, NULL, NULL, 4),
	(21, '我通常会顺从同事的决定，自己不发表任何看法。', 0, '[{\n   "index" :"A",\n   "content" :"非常不符合",\n   "categoryId" :9,\n   "categoryName" :"谦让型",\n   "value" :1\n}, {\n   "index" :"B",\n   "content" :"比较不符合",\n   "categoryId" :9,\n   "categoryName" :"谦让型",\n   "value" :2\n}, {\n   "index" :"C",\n   "content" :"有点不符合",\n   "categoryId" :9,\n   "categoryName" :"谦让型",\n   "value" :3\n}, {\n   "index" :"D",\n   "content" :"有点符合",\n   "categoryId" :9,\n   "categoryName" :"谦让型",\n   "value" :4\n}, {\n   "index" :"E",\n   "content" :"比较符合",\n   "categoryId" :9,\n   "categoryName" :"谦让型",\n   "value" :5\n}, {\n   "index" :"F",\n   "content" :"非常符合",\n   "categoryId" :9,\n   "categoryName" :"谦让型",\n   "value" :6\n}]', 0, NULL, NULL, NULL, NULL, 4),
	(22, '遇到问题时，我通常坚定自己的观点。', 0, '[{\n   "index" :"A",\n   "content" :"非常不符合",\n   "categoryId" :8,\n   "categoryName" :"支配型",\n   "value" :1\n}, {\n   "index" :"B",\n   "content" :"比较不符合",\n   "categoryId" :8,\n   "categoryName" :"支配型",\n   "value" :2\n}, {\n   "index" :"C",\n   "content" :"有点不符合",\n   "categoryId" :8,\n   "categoryName" :"支配型",\n   "value" :3\n}, {\n   "index" :"D",\n   "content" :"有点符合",\n   "categoryId" :8,\n   "categoryName" :"支配型",\n   "value" :4\n}, {\n   "index" :"E",\n   "content" :"比较符合",\n   "categoryId" :8,\n   "categoryName" :"支配型",\n   "value" :5\n}, {\n   "index" :"F",\n   "content" :"非常符合",\n   "categoryId" :8,\n   "categoryName" :"支配型",\n   "value" :6\n}]', 0, NULL, NULL, NULL, NULL, 4),
	(23, '我常常建议各让一步，提出折中方案。', 0, '[{\n   "index" :"A",\n   "content" :"非常不符合",\n   "categoryId" :10,\n   "categoryName" :"折中型",\n   "value" :1\n}, {\n   "index" :"B",\n   "content" :"比较不符合",\n   "categoryId" :10,\n   "categoryName" :"折中型",\n   "value" :2\n}, {\n   "index" :"C",\n   "content" :"有点不符合",\n   "categoryId" :10,\n   "categoryName" :"折中型",\n   "value" :3\n}, {\n   "index" :"D",\n   "content" :"有点符合",\n   "categoryId" :10,\n   "categoryName" :"折中型",\n   "value" :4\n}, {\n   "index" :"E",\n   "content" :"比较符合",\n   "categoryId" :10,\n   "categoryName" :"折中型",\n   "value" :5\n}, {\n   "index" :"F",\n   "content" :"非常符合",\n   "categoryId" :10,\n   "categoryName" :"折中型",\n   "value" :6\n}]', 0, NULL, NULL, NULL, NULL, 4),
	(24, '我会满足同事的决定而做出让步。', 0, '[{\n   "index" :"A",\n   "content" :"非常不符合",\n   "categoryId" :9,\n   "categoryName" :"谦让型",\n   "value" :1\n}, {\n   "index" :"B",\n   "content" :"比较不符合",\n   "categoryId" :9,\n   "categoryName" :"谦让型",\n   "value" :2\n}, {\n   "index" :"C",\n   "content" :"有点不符合",\n   "categoryId" :9,\n   "categoryName" :"谦让型",\n   "value" :3\n}, {\n   "index" :"D",\n   "content" :"有点符合",\n   "categoryId" :9,\n   "categoryName" :"谦让型",\n   "value" :4\n}, {\n   "index" :"E",\n   "content" :"比较符合",\n   "categoryId" :9,\n   "categoryName" :"谦让型",\n   "value" :5\n}, {\n   "index" :"F",\n   "content" :"非常符合",\n   "categoryId" :9,\n   "categoryName" :"谦让型",\n   "value" :6\n}]', 0, NULL, NULL, NULL, NULL, 4),
	(25, '与同事的冲突中，我快速寻找折中方案，虽然不一定是最好方案。', 0, '[{\n   "index" :"A",\n   "content" :"非常不符合",\n   "categoryId" :10,\n   "categoryName" :"折中型",\n   "value" :1\n}, {\n   "index" :"B",\n   "content" :"比较不符合",\n   "categoryId" :10,\n   "categoryName" :"折中型",\n   "value" :2\n}, {\n   "index" :"C",\n   "content" :"有点不符合",\n   "categoryId" :10,\n   "categoryName" :"折中型",\n   "value" :3\n}, {\n   "index" :"D",\n   "content" :"有点符合",\n   "categoryId" :10,\n   "categoryName" :"折中型",\n   "value" :4\n}, {\n   "index" :"E",\n   "content" :"比较符合",\n   "categoryId" :10,\n   "categoryName" :"折中型",\n   "value" :5\n}, {\n   "index" :"F",\n   "content" :"非常符合",\n   "categoryId" :10,\n   "categoryName" :"折中型",\n   "value" :6\n}]', 0, NULL, NULL, NULL, NULL, 4),
	(26, '不管遇到什么样的对手，我都会努力赢得自己观点的胜利。', 0, '[{\n   "index" :"A",\n   "content" :"非常不符合",\n   "categoryId" :8,\n   "categoryName" :"支配型",\n   "value" :1\n}, {\n   "index" :"B",\n   "content" :"比较不符合",\n   "categoryId" :8,\n   "categoryName" :"支配型",\n   "value" :2\n}, {\n   "index" :"C",\n   "content" :"有点不符合",\n   "categoryId" :8,\n   "categoryName" :"支配型",\n   "value" :3\n}, {\n   "index" :"D",\n   "content" :"有点符合",\n   "categoryId" :8,\n   "categoryName" :"支配型",\n   "value" :4\n}, {\n   "index" :"E",\n   "content" :"比较符合",\n   "categoryId" :8,\n   "categoryName" :"支配型",\n   "value" :5\n}, {\n   "index" :"F",\n   "content" :"非常符合",\n   "categoryId" :8,\n   "categoryName" :"支配型",\n   "value" :6\n}]', 0, NULL, NULL, NULL, NULL, 4),
	(27, '在遇到不同观点时，我常常对同事妥协。', 0, '[{\n   "index" :"A",\n   "content" :"非常不符合",\n   "categoryId" :9,\n   "categoryName" :"谦让型",\n   "value" :1\n}, {\n   "index" :"B",\n   "content" :"比较不符合",\n   "categoryId" :9,\n   "categoryName" :"谦让型",\n   "value" :2\n}, {\n   "index" :"C",\n   "content" :"有点不符合",\n   "categoryId" :9,\n   "categoryName" :"谦让型",\n   "value" :3\n}, {\n   "index" :"D",\n   "content" :"有点符合",\n   "categoryId" :9,\n   "categoryName" :"谦让型",\n   "value" :4\n}, {\n   "index" :"E",\n   "content" :"比较符合",\n   "categoryId" :9,\n   "categoryName" :"谦让型",\n   "value" :5\n}, {\n   "index" :"F",\n   "content" :"非常符合",\n   "categoryId" :9,\n   "categoryName" :"谦让型",\n   "value" :6\n}]', 0, NULL, NULL, NULL, NULL, 4),
	(28, '我避免与同事发生正面冲突。', 0, '[{\n   "index" :"A",\n   "content" :"非常不符合",\n   "categoryId" :7,\n   "categoryName" :"回避型",\n   "value" :1\n}, {\n   "index" :"B",\n   "content" :"比较不符合",\n   "categoryId" :7,\n   "categoryName" :"回避型",\n   "value" :2\n}, {\n   "index" :"C",\n   "content" :"有点不符合",\n   "categoryId" :7,\n   "categoryName" :"回避型",\n   "value" :3\n}, {\n   "index" :"D",\n   "content" :"有点符合",\n   "categoryId" :7,\n   "categoryName" :"回避型",\n   "value" :4\n}, {\n   "index" :"E",\n   "content" :"比较符合",\n   "categoryId" :7,\n   "categoryName" :"回避型",\n   "value" :5\n}, {\n   "index" :"F",\n   "content" :"非常符合",\n   "categoryId" :7,\n   "categoryName" :"回避型",\n   "value" :6\n}]', 0, NULL, NULL, NULL, NULL, 4),
	(29, '我与同事互享信息，来寻求一个符合大家期望的解决方案。', 0, '[{\n   "index" :"A",\n   "content" :"非常不符合",\n   "categoryId" :6,\n   "categoryName" :"整合型",\n   "value" :1\n}, {\n   "index" :"B",\n   "content" :"比较不符合",\n   "categoryId" :6,\n   "categoryName" :"整合型",\n   "value" :2\n}, {\n   "index" :"C",\n   "content" :"有点不符合",\n   "categoryId" :6,\n   "categoryName" :"整合型",\n   "value" :3\n}, {\n   "index" :"D",\n   "content" :"有点符合",\n   "categoryId" :6,\n   "categoryName" :"整合型",\n   "value" :4\n}, {\n   "index" :"E",\n   "content" :"比较符合",\n   "categoryId" :6,\n   "categoryName" :"整合型",\n   "value" :5\n}, {\n   "index" :"F",\n   "content" :"非常符合",\n   "categoryId" :6,\n   "categoryName" :"整合型",\n   "value" :6\n}]', 0, NULL, NULL, NULL, NULL, 4),
	(30, '在遇到不同观点时，我总是想尽办法为自己的观点辩护，希望被别人采纳。', 0, '[{\n   "index" :"A",\n   "content" :"非常不符合",\n   "categoryId" :8,\n   "categoryName" :"支配型",\n   "value" :1\n}, {\n   "index" :"B",\n   "content" :"比较不符合",\n   "categoryId" :8,\n   "categoryName" :"支配型",\n   "value" :2\n}, {\n   "index" :"C",\n   "content" :"有点不符合",\n   "categoryId" :8,\n   "categoryName" :"支配型",\n   "value" :3\n}, {\n   "index" :"D",\n   "content" :"有点符合",\n   "categoryId" :8,\n   "categoryName" :"支配型",\n   "value" :4\n}, {\n   "index" :"E",\n   "content" :"比较符合",\n   "categoryId" :8,\n   "categoryName" :"支配型",\n   "value" :5\n}, {\n   "index" :"F",\n   "content" :"非常符合",\n   "categoryId" :8,\n   "categoryName" :"支配型",\n   "value" :6\n}]', 0, NULL, NULL, NULL, NULL, 4),
	(31, '我讨厌与人争执，所以尽量避免与别人意见不合。', 0, '[{\n   "index" :"A",\n   "content" :"非常不符合",\n   "categoryId" :7,\n   "categoryName" :"回避型",\n   "value" :1\n}, {\n   "index" :"B",\n   "content" :"比较不符合",\n   "categoryId" :7,\n   "categoryName" :"回避型",\n   "value" :2\n}, {\n   "index" :"C",\n   "content" :"有点不符合",\n   "categoryId" :7,\n   "categoryName" :"回避型",\n   "value" :3\n}, {\n   "index" :"D",\n   "content" :"有点符合",\n   "categoryId" :7,\n   "categoryName" :"回避型",\n   "value" :4\n}, {\n   "index" :"E",\n   "content" :"比较符合",\n   "categoryId" :7,\n   "categoryName" :"回避型",\n   "value" :5\n}, {\n   "index" :"F",\n   "content" :"非常符合",\n   "categoryId" :7,\n   "categoryName" :"回避型",\n   "value" :6\n}]', 0, NULL, NULL, NULL, NULL, 4),
	(32, '如果对方很重视和坚持他的立场，我会试着满足他的意愿。', 0, '[{\n   "index" :"A",\n   "content" :"非常不符合",\n   "categoryId" :9,\n   "categoryName" :"谦让型",\n   "value" :1\n}, {\n   "index" :"B",\n   "content" :"比较不符合",\n   "categoryId" :9,\n   "categoryName" :"谦让型",\n   "value" :2\n}, {\n   "index" :"C",\n   "content" :"有点不符合",\n   "categoryId" :9,\n   "categoryName" :"谦让型",\n   "value" :3\n}, {\n   "index" :"D",\n   "content" :"有点符合",\n   "categoryId" :9,\n   "categoryName" :"谦让型",\n   "value" :4\n}, {\n   "index" :"E",\n   "content" :"比较符合",\n   "categoryId" :9,\n   "categoryName" :"谦让型",\n   "value" :5\n}, {\n   "index" :"F",\n   "content" :"非常符合",\n   "categoryId" :9,\n   "categoryName" :"谦让型",\n   "value" :6\n}]', 0, NULL, NULL, NULL, NULL, 4),
	(33, '我会把冲突中自己考虑到的所有疑虑和问题都及时公开。', 0, '[{\n   "index" :"A",\n   "content" :"非常不符合",\n   "categoryId" :6,\n   "categoryName" :"整合型",\n   "value" :1\n}, {\n   "index" :"B",\n   "content" :"比较不符合",\n   "categoryId" :6,\n   "categoryName" :"整合型",\n   "value" :2\n}, {\n   "index" :"C",\n   "content" :"有点不符合",\n   "categoryId" :6,\n   "categoryName" :"整合型",\n   "value" :3\n}, {\n   "index" :"D",\n   "content" :"有点符合",\n   "categoryId" :6,\n   "categoryName" :"整合型",\n   "value" :4\n}, {\n   "index" :"E",\n   "content" :"比较符合",\n   "categoryId" :6,\n   "categoryName" :"整合型",\n   "value" :5\n}, {\n   "index" :"F",\n   "content" :"非常符合",\n   "categoryId" :6,\n   "categoryName" :"整合型",\n   "value" :6\n}]', 0, NULL, NULL, NULL, NULL, 4),
	(34, '为了打破僵局，我经常希望双方各退一步。', 0, '[{\n   "index" :"A",\n   "content" :"非常不符合",\n   "categoryId" :10,\n   "categoryName" :"折中型",\n   "value" :1\n}, {\n   "index" :"B",\n   "content" :"比较不符合",\n   "categoryId" :10,\n   "categoryName" :"折中型",\n   "value" :2\n}, {\n   "index" :"C",\n   "content" :"有点不符合",\n   "categoryId" :10,\n   "categoryName" :"折中型",\n   "value" :3\n}, {\n   "index" :"D",\n   "content" :"有点符合",\n   "categoryId" :10,\n   "categoryName" :"折中型",\n   "value" :4\n}, {\n   "index" :"E",\n   "content" :"比较符合",\n   "categoryId" :10,\n   "categoryName" :"折中型",\n   "value" :5\n}, {\n   "index" :"F",\n   "content" :"非常符合",\n   "categoryId" :10,\n   "categoryName" :"折中型",\n   "value" :6\n}]', 0, NULL, NULL, NULL, NULL, 4),
	(35, '在解决问题时，我经常为了他人的期望而牺牲了自己的期望。', 0, '[{\n   "index" :"A",\n   "content" :"非常不符合",\n   "categoryId" :9,\n   "categoryName" :"谦让型",\n   "value" :1\n}, {\n   "index" :"B",\n   "content" :"比较不符合",\n   "categoryId" :9,\n   "categoryName" :"谦让型",\n   "value" :2\n}, {\n   "index" :"C",\n   "content" :"有点不符合",\n   "categoryId" :9,\n   "categoryName" :"谦让型",\n   "value" :3\n}, {\n   "index" :"D",\n   "content" :"有点符合",\n   "categoryId" :9,\n   "categoryName" :"谦让型",\n   "value" :4\n}, {\n   "index" :"E",\n   "content" :"比较符合",\n   "categoryId" :9,\n   "categoryName" :"谦让型",\n   "value" :5\n}, {\n   "index" :"F",\n   "content" :"非常符合",\n   "categoryId" :9,\n   "categoryName" :"谦让型",\n   "value" :6\n}]', 0, NULL, NULL, NULL, NULL, 4),
	(36, '周围的人都觉得我是一个喜爱竞争的人。', 0, '[{\n   "index" :"A",\n   "content" :"非常不符合",\n   "categoryId" :8,\n   "categoryName" :"支配型",\n   "value" :1\n}, {\n   "index" :"B",\n   "content" :"比较不符合",\n   "categoryId" :8,\n   "categoryName" :"支配型",\n   "value" :2\n}, {\n   "index" :"C",\n   "content" :"有点不符合",\n   "categoryId" :8,\n   "categoryName" :"支配型",\n   "value" :3\n}, {\n   "index" :"D",\n   "content" :"有点符合",\n   "categoryId" :8,\n   "categoryName" :"支配型",\n   "value" :4\n}, {\n   "index" :"E",\n   "content" :"比较符合",\n   "categoryId" :8,\n   "categoryName" :"支配型",\n   "value" :5\n}, {\n   "index" :"F",\n   "content" :"非常符合",\n   "categoryId" :8,\n   "categoryName" :"支配型",\n   "value" :6\n}]', 0, NULL, NULL, NULL, NULL, 4),
	(37, '我相信，一般情况下都能找到对所有人都满意的解决方案。', 0, '[{\n   "index" :"A",\n   "content" :"非常不符合",\n   "categoryId" :6,\n   "categoryName" :"整合型",\n   "value" :1\n}, {\n   "index" :"B",\n   "content" :"比较不符合",\n   "categoryId" :6,\n   "categoryName" :"整合型",\n   "value" :2\n}, {\n   "index" :"C",\n   "content" :"有点不符合",\n   "categoryId" :6,\n   "categoryName" :"整合型",\n   "value" :3\n}, {\n   "index" :"D",\n   "content" :"有点符合",\n   "categoryId" :6,\n   "categoryName" :"整合型",\n   "value" :4\n}, {\n   "index" :"E",\n   "content" :"比较符合",\n   "categoryId" :6,\n   "categoryName" :"整合型",\n   "value" :5\n}, {\n   "index" :"F",\n   "content" :"非常符合",\n   "categoryId" :6,\n   "categoryName" :"整合型",\n   "value" :6\n}]', 0, NULL, NULL, NULL, NULL, 4),
	(38, '我会尽量找冲突中间大家都能接受的平衡点。', 0, '[{\n   "index" :"A",\n   "content" :"非常不符合",\n   "categoryId" :10,\n   "categoryName" :"折中型",\n   "value" :1\n}, {\n   "index" :"B",\n   "content" :"比较不符合",\n   "categoryId" :10,\n   "categoryName" :"折中型",\n   "value" :2\n}, {\n   "index" :"C",\n   "content" :"有点不符合",\n   "categoryId" :10,\n   "categoryName" :"折中型",\n   "value" :3\n}, {\n   "index" :"D",\n   "content" :"有点符合",\n   "categoryId" :10,\n   "categoryName" :"折中型",\n   "value" :4\n}, {\n   "index" :"E",\n   "content" :"比较符合",\n   "categoryId" :10,\n   "categoryName" :"折中型",\n   "value" :5\n}, {\n   "index" :"F",\n   "content" :"非常符合",\n   "categoryId" :10,\n   "categoryName" :"折中型",\n   "value" :6\n}]', 0, NULL, NULL, NULL, NULL, 4),
	(39, '为了满足其他人的愿望我会放弃自己的解决方案。', 0, '[{\n   "index" :"A",\n   "content" :"非常不符合",\n   "categoryId" :9,\n   "categoryName" :"谦让型",\n   "value" :1\n}, {\n   "index" :"B",\n   "content" :"比较不符合",\n   "categoryId" :9,\n   "categoryName" :"谦让型",\n   "value" :2\n}, {\n   "index" :"C",\n   "content" :"有点不符合",\n   "categoryId" :9,\n   "categoryName" :"谦让型",\n   "value" :3\n}, {\n   "index" :"D",\n   "content" :"有点符合",\n   "categoryId" :9,\n   "categoryName" :"谦让型",\n   "value" :4\n}, {\n   "index" :"E",\n   "content" :"比较符合",\n   "categoryId" :9,\n   "categoryName" :"谦让型",\n   "value" :5\n}, {\n   "index" :"F",\n   "content" :"非常符合",\n   "categoryId" :9,\n   "categoryName" :"谦让型",\n   "value" :6\n}]', 0, NULL, NULL, NULL, NULL, 4),
	(40, '工作中如果有什么不同意见，一般不轻易说出来。', 0, '[{\n   "index" :"A",\n   "content" :"非常不符合",\n   "categoryId" :7,\n   "categoryName" :"回避型",\n   "value" :1\n}, {\n   "index" :"B",\n   "content" :"比较不符合",\n   "categoryId" :7,\n   "categoryName" :"回避型",\n   "value" :2\n}, {\n   "index" :"C",\n   "content" :"有点不符合",\n   "categoryId" :7,\n   "categoryName" :"回避型",\n   "value" :3\n}, {\n   "index" :"D",\n   "content" :"有点符合",\n   "categoryId" :7,\n   "categoryName" :"回避型",\n   "value" :4\n}, {\n   "index" :"E",\n   "content" :"比较符合",\n   "categoryId" :7,\n   "categoryName" :"回避型",\n   "value" :5\n}, {\n   "index" :"F",\n   "content" :"非常符合",\n   "categoryId" :7,\n   "categoryName" :"回避型",\n   "value" :6\n}]', 0, NULL, NULL, NULL, NULL, 4),
	(41, '我总是能够与其他人充分沟通、探索问题，从而共同解决问题。', 0, '[{\n   "index" :"A",\n   "content" :"非常不符合",\n   "categoryId" :6,\n   "categoryName" :"整合型",\n   "value" :1\n}, {\n   "index" :"B",\n   "content" :"比较不符合",\n   "categoryId" :6,\n   "categoryName" :"整合型",\n   "value" :2\n}, {\n   "index" :"C",\n   "content" :"有点不符合",\n   "categoryId" :6,\n   "categoryName" :"整合型",\n   "value" :3\n}, {\n   "index" :"D",\n   "content" :"有点符合",\n   "categoryId" :6,\n   "categoryName" :"整合型",\n   "value" :4\n}, {\n   "index" :"E",\n   "content" :"比较符合",\n   "categoryId" :6,\n   "categoryName" :"整合型",\n   "value" :5\n}, {\n   "index" :"F",\n   "content" :"非常符合",\n   "categoryId" :6,\n   "categoryName" :"整合型",\n   "value" :6\n}]', 0, NULL, NULL, NULL, NULL, 4),
	(42, '我努力会在冲突中达成折中方案，这样至少双方都有需求能够被满足。', 0, '[{\n   "index" :"A",\n   "content" :"非常不符合",\n   "categoryId" :10,\n   "categoryName" :"折中型",\n   "value" :1\n}, {\n   "index" :"B",\n   "content" :"比较不符合",\n   "categoryId" :10,\n   "categoryName" :"折中型",\n   "value" :2\n}, {\n   "index" :"C",\n   "content" :"有点不符合",\n   "categoryId" :10,\n   "categoryName" :"折中型",\n   "value" :3\n}, {\n   "index" :"D",\n   "content" :"有点符合",\n   "categoryId" :10,\n   "categoryName" :"折中型",\n   "value" :4\n}, {\n   "index" :"E",\n   "content" :"比较符合",\n   "categoryId" :10,\n   "categoryName" :"折中型",\n   "value" :5\n}, {\n   "index" :"F",\n   "content" :"非常符合",\n   "categoryId" :10,\n   "categoryName" :"折中型",\n   "value" :6\n}]', 0, NULL, NULL, NULL, NULL, 4),
	(43, '我试着在一开始就把所有问题和关注点全部敞开与对方讨论。', 0, '[{\n   "index" :"A",\n   "content" :"非常不符合",\n   "categoryId" :6,\n   "categoryName" :"整合型",\n   "value" :1\n}, {\n   "index" :"B",\n   "content" :"比较不符合",\n   "categoryId" :6,\n   "categoryName" :"整合型",\n   "value" :2\n}, {\n   "index" :"C",\n   "content" :"有点不符合",\n   "categoryId" :6,\n   "categoryName" :"整合型",\n   "value" :3\n}, {\n   "index" :"D",\n   "content" :"有点符合",\n   "categoryId" :6,\n   "categoryName" :"整合型",\n   "value" :4\n}, {\n   "index" :"E",\n   "content" :"比较符合",\n   "categoryId" :6,\n   "categoryName" :"整合型",\n   "value" :5\n}, {\n   "index" :"F",\n   "content" :"非常符合",\n   "categoryId" :6,\n   "categoryName" :"整合型",\n   "value" :6\n}]', 0, NULL, NULL, NULL, NULL, 4),
	(44, '我对自己的观点有信心，所以我会想一切办法让其他人接受。', 0, '[{\n   "index" :"A",\n   "content" :"非常不符合",\n   "categoryId" :8,\n   "categoryName" :"支配型",\n   "value" :1\n}, {\n   "index" :"B",\n   "content" :"比较不符合",\n   "categoryId" :8,\n   "categoryName" :"支配型",\n   "value" :2\n}, {\n   "index" :"C",\n   "content" :"有点不符合",\n   "categoryId" :8,\n   "categoryName" :"支配型",\n   "value" :3\n}, {\n   "index" :"D",\n   "content" :"有点符合",\n   "categoryId" :8,\n   "categoryName" :"支配型",\n   "value" :4\n}, {\n   "index" :"E",\n   "content" :"比较符合",\n   "categoryId" :8,\n   "categoryName" :"支配型",\n   "value" :5\n}, {\n   "index" :"F",\n   "content" :"非常符合",\n   "categoryId" :8,\n   "categoryName" :"支配型",\n   "value" :6\n}]', 0, NULL, NULL, NULL, NULL, 4),
	(45, '尽可能避免自己与他人的立场不同而导致的不愉快。', 0, '[{\n   "index" :"A",\n   "content" :"非常不符合",\n   "categoryId" :7,\n   "categoryName" :"回避型",\n   "value" :1\n}, {\n   "index" :"B",\n   "content" :"比较不符合",\n   "categoryId" :7,\n   "categoryName" :"回避型",\n   "value" :2\n}, {\n   "index" :"C",\n   "content" :"有点不符合",\n   "categoryId" :7,\n   "categoryName" :"回避型",\n   "value" :3\n}, {\n   "index" :"D",\n   "content" :"有点符合",\n   "categoryId" :7,\n   "categoryName" :"回避型",\n   "value" :4\n}, {\n   "index" :"E",\n   "content" :"比较符合",\n   "categoryId" :7,\n   "categoryName" :"回避型",\n   "value" :5\n}, {\n   "index" :"F",\n   "content" :"非常符合",\n   "categoryId" :7,\n   "categoryName" :"回避型",\n   "value" :6\n}]', 0, NULL, NULL, NULL, NULL, 4),
	(46, '虽然我有自己的想法，但是我还是乐于牺牲掉自己的观点去成全他人的观点。', 0, '[{\n   "index" :"A",\n   "content" :"非常不符合",\n   "categoryId" :9,\n   "categoryName" :"谦让型",\n   "value" :1\n}, {\n   "index" :"B",\n   "content" :"比较不符合",\n   "categoryId" :9,\n   "categoryName" :"谦让型",\n   "value" :2\n}, {\n   "index" :"C",\n   "content" :"有点不符合",\n   "categoryId" :9,\n   "categoryName" :"谦让型",\n   "value" :3\n}, {\n   "index" :"D",\n   "content" :"有点符合",\n   "categoryId" :9,\n   "categoryName" :"谦让型",\n   "value" :4\n}, {\n   "index" :"E",\n   "content" :"比较符合",\n   "categoryId" :9,\n   "categoryName" :"谦让型",\n   "value" :5\n}, {\n   "index" :"F",\n   "content" :"非常符合",\n   "categoryId" :9,\n   "categoryName" :"谦让型",\n   "value" :6\n}]', 0, NULL, NULL, NULL, NULL, 4),
	(47, '如果对方考虑到我的立场，我也会替他多考虑一些，各退一步。', 0, '[{\n   "index" :"A",\n   "content" :"非常不符合",\n   "categoryId" :10,\n   "categoryName" :"折中型",\n   "value" :1\n}, {\n   "index" :"B",\n   "content" :"比较不符合",\n   "categoryId" :10,\n   "categoryName" :"折中型",\n   "value" :2\n}, {\n   "index" :"C",\n   "content" :"有点不符合",\n   "categoryId" :10,\n   "categoryName" :"折中型",\n   "value" :3\n}, {\n   "index" :"D",\n   "content" :"有点符合",\n   "categoryId" :10,\n   "categoryName" :"折中型",\n   "value" :4\n}, {\n   "index" :"E",\n   "content" :"比较符合",\n   "categoryId" :10,\n   "categoryName" :"折中型",\n   "value" :5\n}, {\n   "index" :"F",\n   "content" :"非常符合",\n   "categoryId" :10,\n   "categoryName" :"折中型",\n   "value" :6\n}]', 0, NULL, NULL, NULL, NULL, 4),
	(48, '我会坚定且执着地追寻自己的目标。', 0, '[{\n   "index" :"A",\n   "content" :"非常不符合",\n   "categoryId" :8,\n   "categoryName" :"支配型",\n   "value" :1\n}, {\n   "index" :"B",\n   "content" :"比较不符合",\n   "categoryId" :8,\n   "categoryName" :"支配型",\n   "value" :2\n}, {\n   "index" :"C",\n   "content" :"有点不符合",\n   "categoryId" :8,\n   "categoryName" :"支配型",\n   "value" :3\n}, {\n   "index" :"D",\n   "content" :"有点符合",\n   "categoryId" :8,\n   "categoryName" :"支配型",\n   "value" :4\n}, {\n   "index" :"E",\n   "content" :"比较符合",\n   "categoryId" :8,\n   "categoryName" :"支配型",\n   "value" :5\n}, {\n   "index" :"F",\n   "content" :"非常符合",\n   "categoryId" :8,\n   "categoryName" :"支配型",\n   "value" :6\n}]', 0, NULL, NULL, NULL, NULL, 4),
	(49, '为了避免与人争执，我会放弃自己的想法和观点。努力避免会造成人际不和谐的行为和语言。', 0, '[{\n   "index" :"A",\n   "content" :"非常不符合",\n   "categoryId" :7,\n   "categoryName" :"回避型",\n   "value" :1\n}, {\n   "index" :"B",\n   "content" :"比较不符合",\n   "categoryId" :7,\n   "categoryName" :"回避型",\n   "value" :2\n}, {\n   "index" :"C",\n   "content" :"有点不符合",\n   "categoryId" :7,\n   "categoryName" :"回避型",\n   "value" :3\n}, {\n   "index" :"D",\n   "content" :"有点符合",\n   "categoryId" :7,\n   "categoryName" :"回避型",\n   "value" :4\n}, {\n   "index" :"E",\n   "content" :"比较符合",\n   "categoryId" :7,\n   "categoryName" :"回避型",\n   "value" :5\n}, {\n   "index" :"F",\n   "content" :"非常符合",\n   "categoryId" :7,\n   "categoryName" :"回避型",\n   "value" :6\n}]', 0, NULL, NULL, NULL, NULL, 4),
	(50, '我经常有一肚子话，但是不知道找谁倾诉。', 0, '[{\n   "index" :"A",\n   "content" :"非常不符合",\n   "categoryId" :16,\n   "categoryName" :"社会支持",\n   "value" :5\n}, {\n   "index" :"B",\n   "content" :"有点不符合",\n   "categoryId" :16,\n   "categoryName" :"社会支持",\n   "value" :4\n}, {\n   "index" :"C",\n   "content" :"不确定",\n   "categoryId" :16,\n   "categoryName" :"社会支持",\n   "value" :3\n}, {\n   "index" :"D",\n   "content" :"比较符合",\n   "categoryId" :16,\n   "categoryName" :"社会支持",\n   "value" :2\n}, {\n   "index" :"E",\n   "content" :"非常符合",\n   "categoryId" :16,\n   "categoryName" :"社会支持",\n   "value" :1\n}]', 0, NULL, NULL, NULL, NULL, 5),
	(51, '我很容易看到事物不好的一面。', 0, '[{\n   "index" :"A",\n   "content" :"非常不符合",\n   "categoryId" :12,\n   "categoryName" :"积极心态",\n   "value" :5\n}, {\n   "index" :"B",\n   "content" :"有点不符合",\n   "categoryId" :12,\n   "categoryName" :"积极心态",\n   "value" :4\n}, {\n   "index" :"C",\n   "content" :"不确定",\n   "categoryId" :12,\n   "categoryName" :"积极心态",\n   "value" :3\n}, {\n   "index" :"D",\n   "content" :"比较符合",\n   "categoryId" :12,\n   "categoryName" :"积极心态",\n   "value" :2\n}, {\n   "index" :"E",\n   "content" :"非常符合",\n   "categoryId" :12,\n   "categoryName" :"积极心态",\n   "value" :1\n}]', 0, NULL, NULL, NULL, NULL, 5),
	(52, '小时候，无论父母让我做什么事情，我从来没有抱怨过。', 1, '[{\n   "index" :"A",\n   "content" :"非常不符合",\n   "categoryId" :11,\n   "categoryName" :"",\n   "value" :10\n}, {\n   "index" :"B",\n   "content" :"有点不符合",\n   "categoryId" :11,\n   "categoryName" :"",\n   "value" :8\n}, {\n   "index" :"C",\n   "content" :"不确定",\n   "categoryId" :11,\n   "categoryName" :"",\n   "value" :6\n}, {\n   "index" :"D",\n   "content" :"比较符合",\n   "categoryId" :11,\n   "categoryName" :"",\n   "value" :4\n}, {\n   "index" :"E",\n   "content" :"非常符合",\n   "categoryId" :11,\n   "categoryName" :"",\n   "value" :2\n}]', 0, NULL, NULL, NULL, NULL, 5),
	(53, '我偶尔也偷偷在心里骂过人。', 1, '[{\n   "index" :"A",\n   "content" :"非常不符合",\n   "categoryId" :11,\n   "categoryName" :"",\n   "value" :10\n}, {\n   "index" :"B",\n   "content" :"有点不符合",\n   "categoryId" :11,\n   "categoryName" :"",\n   "value" :8\n}, {\n   "index" :"C",\n   "content" :"不确定",\n   "categoryId" :11,\n   "categoryName" :"",\n   "value" :6\n}, {\n   "index" :"D",\n   "content" :"比较符合",\n   "categoryId" :11,\n   "categoryName" :"",\n   "value" :4\n}, {\n   "index" :"E",\n   "content" :"非常符合",\n   "categoryId" :11,\n   "categoryName" :"",\n   "value" :2\n}]', 0, NULL, NULL, NULL, NULL, 5),
	(54, '我最近一段时间，特别容易疲劳。', 1, '[{\n   "index" :"A",\n   "content" :"非常不符合",\n   "categoryId" :11,\n   "categoryName" :"",\n   "value" :5\n}, {\n   "index" :"B",\n   "content" :"有点不符合",\n   "categoryId" :11,\n   "categoryName" :"",\n   "value" :4\n}, {\n   "index" :"C",\n   "content" :"不确定",\n   "categoryId" :11,\n   "categoryName" :"",\n   "value" :3\n}, {\n   "index" :"D",\n   "content" :"比较符合",\n   "categoryId" :11,\n   "categoryName" :"",\n   "value" :2\n}, {\n   "index" :"E",\n   "content" :"非常符合",\n   "categoryId" :11,\n   "categoryName" :"",\n   "value" :1\n}]', 0, NULL, NULL, NULL, NULL, 5),
	(55, '我总是很关心别人对我的评价。', 0, '[{\n   "index" :"A",\n   "content" :"非常不符合",\n   "categoryId" :14,\n   "categoryName" :"行为表现",\n   "value" :1\n}, {\n   "index" :"B",\n   "content" :"有点不符合",\n   "categoryId" :14,\n   "categoryName" :"行为表现",\n   "value" :2\n}, {\n   "index" :"C",\n   "content" :"不确定",\n   "categoryId" :14,\n   "categoryName" :"行为表现",\n   "value" :3\n}, {\n   "index" :"D",\n   "content" :"比较符合",\n   "categoryId" :14,\n   "categoryName" :"行为表现",\n   "value" :4\n}, {\n   "index" :"E",\n   "content" :"非常符合",\n   "categoryId" :14,\n   "categoryName" :"行为表现",\n   "value" :5\n}]', 0, NULL, NULL, NULL, NULL, 5),
	(56, '别人关心我、对我好，应该有某种目的。', 0, '[{\n   "index" :"A",\n   "content" :"非常不符合",\n   "categoryId" :12,\n   "categoryName" :"积极心态",\n   "value" :5\n}, {\n   "index" :"B",\n   "content" :"有点不符合",\n   "categoryId" :12,\n   "categoryName" :"积极心态",\n   "value" :4\n}, {\n   "index" :"C",\n   "content" :"不确定",\n   "categoryId" :12,\n   "categoryName" :"积极心态",\n   "value" :3\n}, {\n   "index" :"D",\n   "content" :"比较符合",\n   "categoryId" :12,\n   "categoryName" :"积极心态",\n   "value" :2\n}, {\n   "index" :"E",\n   "content" :"非常符合",\n   "categoryId" :12,\n   "categoryName" :"积极心态",\n   "value" :1\n}]', 0, NULL, NULL, NULL, NULL, 5),
	(57, '遇到困难时，我会马上想到找人帮忙。', 0, '[{\n   "index" :"A",\n   "content" :"非常不符合",\n   "categoryId" :17,\n   "categoryName" :"自我防御",\n   "value" :5\n}, {\n   "index" :"B",\n   "content" :"有点不符合",\n   "categoryId" :17,\n   "categoryName" :"自我防御",\n   "value" :4\n}, {\n   "index" :"C",\n   "content" :"不确定",\n   "categoryId" :17,\n   "categoryName" :"自我防御",\n   "value" :3\n}, {\n   "index" :"D",\n   "content" :"比较符合",\n   "categoryId" :17,\n   "categoryName" :"自我防御",\n   "value" :2\n}, {\n   "index" :"E",\n   "content" :"非常符合",\n   "categoryId" :17,\n   "categoryName" :"自我防御",\n   "value" :1\n}]', 0, NULL, NULL, NULL, NULL, 5),
	(58, '我有时会以貌取人。', 1, '[{\n   "index" :"A",\n   "content" :"非常不符合",\n   "categoryId" :11,\n   "categoryName" :"",\n   "value" :10\n}, {\n   "index" :"B",\n   "content" :"有点不符合",\n   "categoryId" :11,\n   "categoryName" :"",\n   "value" :8\n}, {\n   "index" :"C",\n   "content" :"不确定",\n   "categoryId" :11,\n   "categoryName" :"",\n   "value" :6\n}, {\n   "index" :"D",\n   "content" :"比较符合",\n   "categoryId" :11,\n   "categoryName" :"",\n   "value" :4\n}, {\n   "index" :"E",\n   "content" :"非常符合",\n   "categoryId" :11,\n   "categoryName" :"",\n   "value" :2\n}]', 0, NULL, NULL, NULL, NULL, 5),
	(59, '不知道什么原因，我经常头痛。', 0, '[{\n   "index" :"A",\n   "content" :"非常不符合",\n   "categoryId" :15,\n   "categoryName" :"生理症状",\n   "value" :5\n}, {\n   "index" :"B",\n   "content" :"有点不符合",\n   "categoryId" :15,\n   "categoryName" :"生理症状",\n   "value" :4\n}, {\n   "index" :"C",\n   "content" :"不确定",\n   "categoryId" :15,\n   "categoryName" :"生理症状",\n   "value" :3\n}, {\n   "index" :"D",\n   "content" :"比较符合",\n   "categoryId" :15,\n   "categoryName" :"生理症状",\n   "value" :2\n}, {\n   "index" :"E",\n   "content" :"非常符合",\n   "categoryId" :15,\n   "categoryName" :"生理症状",\n   "value" :1\n}]', 0, NULL, NULL, NULL, NULL, 5),
	(60, '我觉得没什么人能理解我。', 0, '[{\n   "index" :"A",\n   "content" :"非常不符合",\n   "categoryId" :16,\n   "categoryName" :"社会支持",\n   "value" :5\n}, {\n   "index" :"B",\n   "content" :"有点不符合",\n   "categoryId" :16,\n   "categoryName" :"社会支持",\n   "value" :4\n}, {\n   "index" :"C",\n   "content" :"不确定",\n   "categoryId" :16,\n   "categoryName" :"社会支持",\n   "value" :3\n}, {\n   "index" :"D",\n   "content" :"比较符合",\n   "categoryId" :16,\n   "categoryName" :"社会支持",\n   "value" :2\n}, {\n   "index" :"E",\n   "content" :"非常符合",\n   "categoryId" :16,\n   "categoryName" :"社会支持",\n   "value" :1\n}]', 0, NULL, NULL, NULL, NULL, 5),
	(61, '我的胃会莫名其妙地不舒服。', 0, '[{\n   "index" :"A",\n   "content" :"非常不符合",\n   "categoryId" :15,\n   "categoryName" :"生理症状",\n   "value" :5\n}, {\n   "index" :"B",\n   "content" :"有点不符合",\n   "categoryId" :15,\n   "categoryName" :"生理症状",\n   "value" :4\n}, {\n   "index" :"C",\n   "content" :"不确定",\n   "categoryId" :15,\n   "categoryName" :"生理症状",\n   "value" :3\n}, {\n   "index" :"D",\n   "content" :"比较符合",\n   "categoryId" :15,\n   "categoryName" :"生理症状",\n   "value" :2\n}, {\n   "index" :"E",\n   "content" :"非常符合",\n   "categoryId" :15,\n   "categoryName" :"生理症状",\n   "value" :1\n}]', 0, NULL, NULL, NULL, NULL, 5),
	(62, '我比一般人更容易情绪低落。', 0, '[{\n   "index" :"A",\n   "content" :"非常不符合",\n   "categoryId" :13,\n   "categoryName" :"情绪管理",\n   "value" :5\n}, {\n   "index" :"B",\n   "content" :"有点不符合",\n   "categoryId" :13,\n   "categoryName" :"情绪管理",\n   "value" :4\n}, {\n   "index" :"C",\n   "content" :"不确定",\n   "categoryId" :13,\n   "categoryName" :"情绪管理",\n   "value" :3\n}, {\n   "index" :"D",\n   "content" :"比较符合",\n   "categoryId" :13,\n   "categoryName" :"情绪管理",\n   "value" :2\n}, {\n   "index" :"E",\n   "content" :"非常符合",\n   "categoryId" :13,\n   "categoryName" :"情绪管理",\n   "value" :1\n}]', 0, NULL, NULL, NULL, NULL, 5),
	(63, '为了缓解焦虑，我会让自己行动起来。', 0, '[{\n   "index" :"A",\n   "content" :"非常不符合",\n   "categoryId" :17,\n   "categoryName" :"自我防御",\n   "value" :1\n}, {\n   "index" :"B",\n   "content" :"有点不符合",\n   "categoryId" :17,\n   "categoryName" :"自我防御",\n   "value" :2\n}, {\n   "index" :"C",\n   "content" :"不确定",\n   "categoryId" :17,\n   "categoryName" :"自我防御",\n   "value" :3\n}, {\n   "index" :"D",\n   "content" :"比较符合",\n   "categoryId" :17,\n   "categoryName" :"自我防御",\n   "value" :4\n}, {\n   "index" :"E",\n   "content" :"非常符合",\n   "categoryId" :17,\n   "categoryName" :"自我防御",\n   "value" :5\n}]', 0, NULL, NULL, NULL, NULL, 5),
	(64, '如果我遇到什么困难，也找不到真正可以帮忙的朋友。', 0, '[{\n   "index" :"A",\n   "content" :"非常不符合",\n   "categoryId" :16,\n   "categoryName" :"社会支持",\n   "value" :5\n}, {\n   "index" :"B",\n   "content" :"有点不符合",\n   "categoryId" :16,\n   "categoryName" :"社会支持",\n   "value" :4\n}, {\n   "index" :"C",\n   "content" :"不确定",\n   "categoryId" :16,\n   "categoryName" :"社会支持",\n   "value" :3\n}, {\n   "index" :"D",\n   "content" :"比较符合",\n   "categoryId" :16,\n   "categoryName" :"社会支持",\n   "value" :2\n}, {\n   "index" :"E",\n   "content" :"非常符合",\n   "categoryId" :16,\n   "categoryName" :"社会支持",\n   "value" :1\n}]', 0, NULL, NULL, NULL, NULL, 5),
	(65, '当别人看着我或谈论我时，我会感到不自在。', 0, '[{\n   "index" :"A",\n   "content" :"非常不符合",\n   "categoryId" :16,\n   "categoryName" :"社会支持",\n   "value" :5\n}, {\n   "index" :"B",\n   "content" :"有点不符合",\n   "categoryId" :16,\n   "categoryName" :"社会支持",\n   "value" :4\n}, {\n   "index" :"C",\n   "content" :"不确定",\n   "categoryId" :16,\n   "categoryName" :"社会支持",\n   "value" :3\n}, {\n   "index" :"D",\n   "content" :"比较符合",\n   "categoryId" :16,\n   "categoryName" :"社会支持",\n   "value" :2\n}, {\n   "index" :"E",\n   "content" :"非常符合",\n   "categoryId" :16,\n   "categoryName" :"社会支持",\n   "value" :1\n}]', 0, NULL, NULL, NULL, NULL, 5),
	(66, '有时我会莫名其妙地感到心情烦躁。', 0, '[{\n   "index" :"A",\n   "content" :"非常不符合",\n   "categoryId" :13,\n   "categoryName" :"情绪管理",\n   "value" :5\n}, {\n   "index" :"B",\n   "content" :"有点不符合",\n   "categoryId" :13,\n   "categoryName" :"情绪管理",\n   "value" :4\n}, {\n   "index" :"C",\n   "content" :"不确定",\n   "categoryId" :13,\n   "categoryName" :"情绪管理",\n   "value" :3\n}, {\n   "index" :"D",\n   "content" :"比较符合",\n   "categoryId" :13,\n   "categoryName" :"情绪管理",\n   "value" :2\n}, {\n   "index" :"E",\n   "content" :"非常符合",\n   "categoryId" :13,\n   "categoryName" :"情绪管理",\n   "value" :1\n}]', 0, NULL, NULL, NULL, NULL, 5),
	(67, '我认为，控制情绪是一件困难的事情。', 0, '[{\n   "index" :"A",\n   "content" :"非常不符合",\n   "categoryId" :13,\n   "categoryName" :"情绪管理",\n   "value" :5\n}, {\n   "index" :"B",\n   "content" :"有点不符合",\n   "categoryId" :13,\n   "categoryName" :"情绪管理",\n   "value" :4\n}, {\n   "index" :"C",\n   "content" :"不确定",\n   "categoryId" :13,\n   "categoryName" :"情绪管理",\n   "value" :3\n}, {\n   "index" :"D",\n   "content" :"比较符合",\n   "categoryId" :13,\n   "categoryName" :"情绪管理",\n   "value" :2\n}, {\n   "index" :"E",\n   "content" :"非常符合",\n   "categoryId" :13,\n   "categoryName" :"情绪管理",\n   "value" :1\n}]', 0, NULL, NULL, NULL, NULL, 5),
	(68, '最近一段时间，我经常犯一些低级错误。', 0, '[{\n   "index" :"A",\n   "content" :"非常不符合",\n   "categoryId" :14,\n   "categoryName" :"行为表现",\n   "value" :5\n}, {\n   "index" :"B",\n   "content" :"有点不符合",\n   "categoryId" :14,\n   "categoryName" :"行为表现",\n   "value" :4\n}, {\n   "index" :"C",\n   "content" :"不确定",\n   "categoryId" :14,\n   "categoryName" :"行为表现",\n   "value" :3\n}, {\n   "index" :"D",\n   "content" :"比较符合",\n   "categoryId" :14,\n   "categoryName" :"行为表现",\n   "value" :2\n}, {\n   "index" :"E",\n   "content" :"非常符合",\n   "categoryId" :14,\n   "categoryName" :"行为表现",\n   "value" :1\n}]', 0, NULL, NULL, NULL, NULL, 5),
	(69, '有时候我会为自己的疏忽找理由。', 1, '[{\n   "index" :"A",\n   "content" :"非常不符合",\n   "categoryId" :11,\n   "categoryName" :"",\n   "value" :10\n}, {\n   "index" :"B",\n   "content" :"有点不符合",\n   "categoryId" :11,\n   "categoryName" :"",\n   "value" :8\n}, {\n   "index" :"C",\n   "content" :"不确定",\n   "categoryId" :11,\n   "categoryName" :"",\n   "value" :6\n}, {\n   "index" :"D",\n   "content" :"比较符合",\n   "categoryId" :11,\n   "categoryName" :"",\n   "value" :4\n}, {\n   "index" :"E",\n   "content" :"非常符合",\n   "categoryId" :11,\n   "categoryName" :"",\n   "value" :2\n}]', 0, NULL, NULL, NULL, NULL, 5),
	(70, '最近，我觉得注意力不如以前集中。', 0, '[{\n   "index" :"A",\n   "content" :"非常不符合",\n   "categoryId" :14,\n   "categoryName" :"行为表现",\n   "value" :5\n}, {\n   "index" :"B",\n   "content" :"有点不符合",\n   "categoryId" :14,\n   "categoryName" :"行为表现",\n   "value" :4\n}, {\n   "index" :"C",\n   "content" :"不确定",\n   "categoryId" :14,\n   "categoryName" :"行为表现",\n   "value" :3\n}, {\n   "index" :"D",\n   "content" :"比较符合",\n   "categoryId" :14,\n   "categoryName" :"行为表现",\n   "value" :2\n}, {\n   "index" :"E",\n   "content" :"非常符合",\n   "categoryId" :14,\n   "categoryName" :"行为表现",\n   "value" :1\n}]', 0, NULL, NULL, NULL, NULL, 5),
	(71, '压力太大时，我经常什么事情都做不了。', 0, '[{\n   "index" :"A",\n   "content" :"非常不符合",\n   "categoryId" :17,\n   "categoryName" :"自我防御",\n   "value" :5\n}, {\n   "index" :"B",\n   "content" :"有点不符合",\n   "categoryId" :17,\n   "categoryName" :"自我防御",\n   "value" :4\n}, {\n   "index" :"C",\n   "content" :"不确定",\n   "categoryId" :17,\n   "categoryName" :"自我防御",\n   "value" :3\n}, {\n   "index" :"D",\n   "content" :"比较符合",\n   "categoryId" :17,\n   "categoryName" :"自我防御",\n   "value" :2\n}, {\n   "index" :"E",\n   "content" :"非常符合",\n   "categoryId" :17,\n   "categoryName" :"自我防御",\n   "value" :1\n}]', 0, NULL, NULL, NULL, NULL, 5),
	(72, '即使我与一大群朋友在一起，也会感到孤独或失落。', 0, '[{\n   "index" :"A",\n   "content" :"非常不符合",\n   "categoryId" :16,\n   "categoryName" :"社会支持",\n   "value" :5\n}, {\n   "index" :"B",\n   "content" :"有点不符合",\n   "categoryId" :16,\n   "categoryName" :"社会支持",\n   "value" :4\n}, {\n   "index" :"C",\n   "content" :"不确定",\n   "categoryId" :16,\n   "categoryName" :"社会支持",\n   "value" :3\n}, {\n   "index" :"D",\n   "content" :"比较符合",\n   "categoryId" :16,\n   "categoryName" :"社会支持",\n   "value" :2\n}, {\n   "index" :"E",\n   "content" :"非常符合",\n   "categoryId" :16,\n   "categoryName" :"社会支持",\n   "value" :1\n}]', 0, NULL, NULL, NULL, NULL, 5),
	(73, '如果我做错了事情，我会勇于自己承认错误。', 0, '[{\n   "index" :"A",\n   "content" :"非常不符合",\n   "categoryId" :17,\n   "categoryName" :"自我防御",\n   "value" :1\n}, {\n   "index" :"B",\n   "content" :"有点不符合",\n   "categoryId" :17,\n   "categoryName" :"自我防御",\n   "value" :2\n}, {\n   "index" :"C",\n   "content" :"不确定",\n   "categoryId" :17,\n   "categoryName" :"自我防御",\n   "value" :3\n}, {\n   "index" :"D",\n   "content" :"比较符合",\n   "categoryId" :17,\n   "categoryName" :"自我防御",\n   "value" :4\n}, {\n   "index" :"E",\n   "content" :"非常符合",\n   "categoryId" :17,\n   "categoryName" :"自我防御",\n   "value" :5\n}]', 0, NULL, NULL, NULL, NULL, 5),
	(74, '一紧张我就会身体不舒服。', 0, '[{\n   "index" :"A",\n   "content" :"非常不符合",\n   "categoryId" :15,\n   "categoryName" :"生理症状",\n   "value" :5\n}, {\n   "index" :"B",\n   "content" :"有点不符合",\n   "categoryId" :15,\n   "categoryName" :"生理症状",\n   "value" :4\n}, {\n   "index" :"C",\n   "content" :"不确定",\n   "categoryId" :15,\n   "categoryName" :"生理症状",\n   "value" :3\n}, {\n   "index" :"D",\n   "content" :"比较符合",\n   "categoryId" :15,\n   "categoryName" :"生理症状",\n   "value" :2\n}, {\n   "index" :"E",\n   "content" :"非常符合",\n   "categoryId" :15,\n   "categoryName" :"生理症状",\n   "value" :1\n}]', 0, NULL, NULL, NULL, NULL, 5),
	(75, '最近一段时间，我的反应明显变得迟钝。', 0, '[{\n   "index" :"A",\n   "content" :"非常不符合",\n   "categoryId" :14,\n   "categoryName" :"行为表现",\n   "value" :5\n}, {\n   "index" :"B",\n   "content" :"有点不符合",\n   "categoryId" :14,\n   "categoryName" :"行为表现",\n   "value" :4\n}, {\n   "index" :"C",\n   "content" :"不确定",\n   "categoryId" :14,\n   "categoryName" :"行为表现",\n   "value" :3\n}, {\n   "index" :"D",\n   "content" :"比较符合",\n   "categoryId" :14,\n   "categoryName" :"行为表现",\n   "value" :2\n}, {\n   "index" :"E",\n   "content" :"非常符合",\n   "categoryId" :14,\n   "categoryName" :"行为表现",\n   "value" :1\n}]', 0, NULL, NULL, NULL, NULL, 5),
	(76, '周围人都觉得我情绪变化太快，难以把握。', 0, '[{\n   "index" :"A",\n   "content" :"非常不符合",\n   "categoryId" :13,\n   "categoryName" :"情绪管理",\n   "value" :5\n}, {\n   "index" :"B",\n   "content" :"有点不符合",\n   "categoryId" :13,\n   "categoryName" :"情绪管理",\n   "value" :4\n}, {\n   "index" :"C",\n   "content" :"不确定",\n   "categoryId" :13,\n   "categoryName" :"情绪管理",\n   "value" :3\n}, {\n   "index" :"D",\n   "content" :"比较符合",\n   "categoryId" :13,\n   "categoryName" :"情绪管理",\n   "value" :2\n}, {\n   "index" :"E",\n   "content" :"非常符合",\n   "categoryId" :13,\n   "categoryName" :"情绪管理",\n   "value" :1\n}]', 0, NULL, NULL, NULL, NULL, 5),
	(77, '我不知道为什么我总是受害的那一方。', 0, '[{\n   "index" :"A",\n   "content" :"非常不符合",\n   "categoryId" :12,\n   "categoryName" :"积极心态",\n   "value" :5\n}, {\n   "index" :"B",\n   "content" :"有点不符合",\n   "categoryId" :12,\n   "categoryName" :"积极心态",\n   "value" :4\n}, {\n   "index" :"C",\n   "content" :"不确定",\n   "categoryId" :12,\n   "categoryName" :"积极心态",\n   "value" :3\n}, {\n   "index" :"D",\n   "content" :"比较符合",\n   "categoryId" :12,\n   "categoryName" :"积极心态",\n   "value" :2\n}, {\n   "index" :"E",\n   "content" :"非常符合",\n   "categoryId" :12,\n   "categoryName" :"积极心态",\n   "value" :1\n}]', 0, NULL, NULL, NULL, NULL, 5),
	(78, '在我自尊心受伤害时，我会公开还击。', 0, '[{\n   "index" :"A",\n   "content" :"非常不符合",\n   "categoryId" :17,\n   "categoryName" :"自我防御",\n   "value" :5\n}, {\n   "index" :"B",\n   "content" :"有点不符合",\n   "categoryId" :17,\n   "categoryName" :"自我防御",\n   "value" :4\n}, {\n   "index" :"C",\n   "content" :"不确定",\n   "categoryId" :17,\n   "categoryName" :"自我防御",\n   "value" :3\n}, {\n   "index" :"D",\n   "content" :"比较符合",\n   "categoryId" :17,\n   "categoryName" :"自我防御",\n   "value" :2\n}, {\n   "index" :"E",\n   "content" :"非常符合",\n   "categoryId" :17,\n   "categoryName" :"自我防御",\n   "value" :1\n}]', 0, NULL, NULL, NULL, NULL, 5),
	(79, '我总能在各种聚会上交到新朋友。', 0, '[{\n   "index" :"A",\n   "content" :"非常不符合",\n   "categoryId" :16,\n   "categoryName" :"社会支持",\n   "value" :1\n}, {\n   "index" :"B",\n   "content" :"有点不符合",\n   "categoryId" :16,\n   "categoryName" :"社会支持",\n   "value" :2\n}, {\n   "index" :"C",\n   "content" :"不确定",\n   "categoryId" :16,\n   "categoryName" :"社会支持",\n   "value" :3\n}, {\n   "index" :"D",\n   "content" :"比较符合",\n   "categoryId" :16,\n   "categoryName" :"社会支持",\n   "value" :4\n}, {\n   "index" :"E",\n   "content" :"非常符合",\n   "categoryId" :16,\n   "categoryName" :"社会支持",\n   "value" :5\n}]', 0, NULL, NULL, NULL, NULL, 5),
	(80, '我的背部经常不舒服。', 0, '[{\n   "index" :"A",\n   "content" :"非常不符合",\n   "categoryId" :15,\n   "categoryName" :"生理症状",\n   "value" :5\n}, {\n   "index" :"B",\n   "content" :"有点不符合",\n   "categoryId" :15,\n   "categoryName" :"生理症状",\n   "value" :4\n}, {\n   "index" :"C",\n   "content" :"不确定",\n   "categoryId" :15,\n   "categoryName" :"生理症状",\n   "value" :3\n}, {\n   "index" :"D",\n   "content" :"比较符合",\n   "categoryId" :15,\n   "categoryName" :"生理症状",\n   "value" :2\n}, {\n   "index" :"E",\n   "content" :"非常符合",\n   "categoryId" :15,\n   "categoryName" :"生理症状",\n   "value" :1\n}]', 0, NULL, NULL, NULL, NULL, 5),
	(81, '我认为，很多事情都只有一种解决方法。', 0, '[{\n   "index" :"A",\n   "content" :"非常不符合",\n   "categoryId" :12,\n   "categoryName" :"积极心态",\n   "value" :5\n}, {\n   "index" :"B",\n   "content" :"有点不符合",\n   "categoryId" :12,\n   "categoryName" :"积极心态",\n   "value" :4\n}, {\n   "index" :"C",\n   "content" :"不确定",\n   "categoryId" :12,\n   "categoryName" :"积极心态",\n   "value" :3\n}, {\n   "index" :"D",\n   "content" :"比较符合",\n   "categoryId" :12,\n   "categoryName" :"积极心态",\n   "value" :2\n}, {\n   "index" :"E",\n   "content" :"非常符合",\n   "categoryId" :12,\n   "categoryName" :"积极心态",\n   "value" :1\n}]', 0, NULL, NULL, NULL, NULL, 5),
	(82, '我对自己的外表没有什么信心。', 0, '[{\n   "index" :"A",\n   "content" :"非常不符合",\n   "categoryId" :12,\n   "categoryName" :"积极心态",\n   "value" :5\n}, {\n   "index" :"B",\n   "content" :"有点不符合",\n   "categoryId" :12,\n   "categoryName" :"积极心态",\n   "value" :4\n}, {\n   "index" :"C",\n   "content" :"不确定",\n   "categoryId" :12,\n   "categoryName" :"积极心态",\n   "value" :3\n}, {\n   "index" :"D",\n   "content" :"比较符合",\n   "categoryId" :12,\n   "categoryName" :"积极心态",\n   "value" :2\n}, {\n   "index" :"E",\n   "content" :"非常符合",\n   "categoryId" :12,\n   "categoryName" :"积极心态",\n   "value" :1\n}]', 0, NULL, NULL, NULL, NULL, 5),
	(83, '周围的人都很容易知道我的情绪状况。', 0, '[{\n   "index" :"A",\n   "content" :"非常不符合",\n   "categoryId" :13,\n   "categoryName" :"情绪管理",\n   "value" :5\n}, {\n   "index" :"B",\n   "content" :"有点不符合",\n   "categoryId" :13,\n   "categoryName" :"情绪管理",\n   "value" :4\n}, {\n   "index" :"C",\n   "content" :"不确定",\n   "categoryId" :13,\n   "categoryName" :"情绪管理",\n   "value" :3\n}, {\n   "index" :"D",\n   "content" :"比较符合",\n   "categoryId" :13,\n   "categoryName" :"情绪管理",\n   "value" :2\n}, {\n   "index" :"E",\n   "content" :"非常符合",\n   "categoryId" :13,\n   "categoryName" :"情绪管理",\n   "value" :1\n}]', 0, NULL, NULL, NULL, NULL, 5),
	(84, '最近一段时间，我的情绪低落，常感到沮丧。', 0, '[{\n   "index" :"A",\n   "content" :"非常不符合",\n   "categoryId" :14,\n   "categoryName" :"行为表现",\n   "value" :5\n}, {\n   "index" :"B",\n   "content" :"有点不符合",\n   "categoryId" :14,\n   "categoryName" :"行为表现",\n   "value" :4\n}, {\n   "index" :"C",\n   "content" :"不确定",\n   "categoryId" :14,\n   "categoryName" :"行为表现",\n   "value" :3\n}, {\n   "index" :"D",\n   "content" :"比较符合",\n   "categoryId" :14,\n   "categoryName" :"行为表现",\n   "value" :2\n}, {\n   "index" :"E",\n   "content" :"非常符合",\n   "categoryId" :14,\n   "categoryName" :"行为表现",\n   "value" :1\n}]', 0, NULL, NULL, NULL, NULL, 5),
	(85, '我总是需要比较长的一段时间来慢慢适应新环境。', 0, '[{\n   "index" :"A",\n   "content" :"非常不符合",\n   "categoryId" :17,\n   "categoryName" :"自我防御",\n   "value" :5\n}, {\n   "index" :"B",\n   "content" :"有点不符合",\n   "categoryId" :17,\n   "categoryName" :"自我防御",\n   "value" :4\n}, {\n   "index" :"C",\n   "content" :"不确定",\n   "categoryId" :17,\n   "categoryName" :"自我防御",\n   "value" :3\n}, {\n   "index" :"D",\n   "content" :"比较符合",\n   "categoryId" :17,\n   "categoryName" :"自我防御",\n   "value" :2\n}, {\n   "index" :"E",\n   "content" :"非常符合",\n   "categoryId" :17,\n   "categoryName" :"自我防御",\n   "value" :1\n}]', 0, NULL, NULL, NULL, NULL, 5),
	(86, '当我生气时，我常常不由自主地做一些平时不会出现行为。', 0, '[{\n   "index" :"A",\n   "content" :"非常不符合",\n   "categoryId" :17,\n   "categoryName" :"自我防御",\n   "value" :5\n}, {\n   "index" :"B",\n   "content" :"有点不符合",\n   "categoryId" :17,\n   "categoryName" :"自我防御",\n   "value" :4\n}, {\n   "index" :"C",\n   "content" :"不确定",\n   "categoryId" :17,\n   "categoryName" :"自我防御",\n   "value" :3\n}, {\n   "index" :"D",\n   "content" :"比较符合",\n   "categoryId" :17,\n   "categoryName" :"自我防御",\n   "value" :2\n}, {\n   "index" :"E",\n   "content" :"非常符合",\n   "categoryId" :17,\n   "categoryName" :"自我防御",\n   "value" :1\n}]', 0, NULL, NULL, NULL, NULL, 5),
	(87, '周围人的情绪不会影响我的情绪。', 0, '[{\n   "index" :"A",\n   "content" :"非常不符合",\n   "categoryId" :13,\n   "categoryName" :"情绪管理",\n   "value" :1\n}, {\n   "index" :"B",\n   "content" :"有点不符合",\n   "categoryId" :13,\n   "categoryName" :"情绪管理",\n   "value" :2\n}, {\n   "index" :"C",\n   "content" :"不确定",\n   "categoryId" :13,\n   "categoryName" :"情绪管理",\n   "value" :3\n}, {\n   "index" :"D",\n   "content" :"比较符合",\n   "categoryId" :13,\n   "categoryName" :"情绪管理",\n   "value" :4\n}, {\n   "index" :"E",\n   "content" :"非常符合",\n   "categoryId" :13,\n   "categoryName" :"情绪管理",\n   "value" :5\n}]', 0, NULL, NULL, NULL, NULL, 5),
	(88, '有时候我会感到全身一阵阵发冷或发热。', 0, '[{\n   "index" :"A",\n   "content" :"非常不符合",\n   "categoryId" :15,\n   "categoryName" :"生理症状",\n   "value" :5\n}, {\n   "index" :"B",\n   "content" :"有点不符合",\n   "categoryId" :15,\n   "categoryName" :"生理症状",\n   "value" :4\n}, {\n   "index" :"C",\n   "content" :"不确定",\n   "categoryId" :15,\n   "categoryName" :"生理症状",\n   "value" :3\n}, {\n   "index" :"D",\n   "content" :"比较符合",\n   "categoryId" :15,\n   "categoryName" :"生理症状",\n   "value" :2\n}, {\n   "index" :"E",\n   "content" :"非常符合",\n   "categoryId" :15,\n   "categoryName" :"生理症状",\n   "value" :1\n}]', 0, NULL, NULL, NULL, NULL, 5),
	(89, '我早上醒来，经常会觉得夜里没睡好，还是很疲惫。', 0, '[{\n   "index" :"A",\n   "content" :"非常不符合",\n   "categoryId" :15,\n   "categoryName" :"生理症状",\n   "value" :5\n}, {\n   "index" :"B",\n   "content" :"有点不符合",\n   "categoryId" :15,\n   "categoryName" :"生理症状",\n   "value" :4\n}, {\n   "index" :"C",\n   "content" :"不确定",\n   "categoryId" :15,\n   "categoryName" :"生理症状",\n   "value" :3\n}, {\n   "index" :"D",\n   "content" :"比较符合",\n   "categoryId" :15,\n   "categoryName" :"生理症状",\n   "value" :2\n}, {\n   "index" :"E",\n   "content" :"非常符合",\n   "categoryId" :15,\n   "categoryName" :"生理症状",\n   "value" :1\n}]', 0, NULL, NULL, NULL, NULL, 5),
	(90, '在大部分时间中，我的心情是轻松愉快的。', 0, '[{\n   "index" :"A",\n   "content" :"非常不符合",\n   "categoryId" :13,\n   "categoryName" :"情绪管理",\n   "value" :1\n}, {\n   "index" :"B",\n   "content" :"有点不符合",\n   "categoryId" :13,\n   "categoryName" :"情绪管理",\n   "value" :2\n}, {\n   "index" :"C",\n   "content" :"不确定",\n   "categoryId" :13,\n   "categoryName" :"情绪管理",\n   "value" :3\n}, {\n   "index" :"D",\n   "content" :"比较符合",\n   "categoryId" :13,\n   "categoryName" :"情绪管理",\n   "value" :4\n}, {\n   "index" :"E",\n   "content" :"非常符合",\n   "categoryId" :13,\n   "categoryName" :"情绪管理",\n   "value" :5\n}]', 0, NULL, NULL, NULL, NULL, 5),
	(91, '最近我的工作效率明显提高。', 0, '[{\n   "index" :"A",\n   "content" :"非常不符合",\n   "categoryId" :14,\n   "categoryName" :"行为表现",\n   "value" :1\n}, {\n   "index" :"B",\n   "content" :"有点不符合",\n   "categoryId" :14,\n   "categoryName" :"行为表现",\n   "value" :2\n}, {\n   "index" :"C",\n   "content" :"不确定",\n   "categoryId" :14,\n   "categoryName" :"行为表现",\n   "value" :3\n}, {\n   "index" :"D",\n   "content" :"比较符合",\n   "categoryId" :14,\n   "categoryName" :"行为表现",\n   "value" :4\n}, {\n   "index" :"E",\n   "content" :"非常符合",\n   "categoryId" :14,\n   "categoryName" :"行为表现",\n   "value" :5\n}]', 0, NULL, NULL, NULL, NULL, 5),
	(92, '我内心有其他人都不知道的小秘密。', 1, '[{\n   "index" :"A",\n   "content" :"非常不符合",\n   "categoryId" :11,\n   "categoryName" :"",\n   "value" :10\n}, {\n   "index" :"B",\n   "content" :"有点不符合",\n   "categoryId" :11,\n   "categoryName" :"",\n   "value" :8\n}, {\n   "index" :"C",\n   "content" :"不确定",\n   "categoryId" :11,\n   "categoryName" :"",\n   "value" :6\n}, {\n   "index" :"D",\n   "content" :"比较符合",\n   "categoryId" :11,\n   "categoryName" :"",\n   "value" :4\n}, {\n   "index" :"E",\n   "content" :"非常符合",\n   "categoryId" :11,\n   "categoryName" :"",\n   "value" :2\n}]', 0, NULL, NULL, NULL, NULL, 5),
	(93, '我感到自己精力呈下降状态。', 0, '[{\n   "index" :"A",\n   "content" :"非常不符合",\n   "categoryId" :14,\n   "categoryName" :"行为表现",\n   "value" :5\n}, {\n   "index" :"B",\n   "content" :"有点不符合",\n   "categoryId" :14,\n   "categoryName" :"行为表现",\n   "value" :4\n}, {\n   "index" :"C",\n   "content" :"不确定",\n   "categoryId" :14,\n   "categoryName" :"行为表现",\n   "value" :3\n}, {\n   "index" :"D",\n   "content" :"比较符合",\n   "categoryId" :14,\n   "categoryName" :"行为表现",\n   "value" :2\n}, {\n   "index" :"E",\n   "content" :"非常符合",\n   "categoryId" :14,\n   "categoryName" :"行为表现",\n   "value" :1\n}]', 0, NULL, NULL, NULL, NULL, 5),
	(94, '为了逃避责任，有时候我会撒谎。', 1, '[{\n   "index" :"A",\n   "content" :"非常不符合",\n   "categoryId" :11,\n   "categoryName" :"",\n   "value" :10\n}, {\n   "index" :"B",\n   "content" :"有点不符合",\n   "categoryId" :11,\n   "categoryName" :"",\n   "value" :8\n}, {\n   "index" :"C",\n   "content" :"不确定",\n   "categoryId" :11,\n   "categoryName" :"",\n   "value" :6\n}, {\n   "index" :"D",\n   "content" :"比较符合",\n   "categoryId" :11,\n   "categoryName" :"",\n   "value" :4\n}, {\n   "index" :"E",\n   "content" :"非常符合",\n   "categoryId" :11,\n   "categoryName" :"",\n   "value" :2\n}]', 0, NULL, NULL, NULL, NULL, 5),
	(95, '周围的人都觉得我最近不在状态。', 0, '[{\n   "index" :"A",\n   "content" :"非常不符合",\n   "categoryId" :14,\n   "categoryName" :"行为表现",\n   "value" :5\n}, {\n   "index" :"B",\n   "content" :"有点不符合",\n   "categoryId" :14,\n   "categoryName" :"行为表现",\n   "value" :4\n}, {\n   "index" :"C",\n   "content" :"不确定",\n   "categoryId" :14,\n   "categoryName" :"行为表现",\n   "value" :3\n}, {\n   "index" :"D",\n   "content" :"比较符合",\n   "categoryId" :14,\n   "categoryName" :"行为表现",\n   "value" :2\n}, {\n   "index" :"E",\n   "content" :"非常符合",\n   "categoryId" :14,\n   "categoryName" :"行为表现",\n   "value" :1\n}]', 0, NULL, NULL, NULL, NULL, 5),
	(96, '我不喜欢成为别人谈论的焦点。', 0, '[{\n   "index" :"A",\n   "content" :"非常不符合",\n   "categoryId" :16,\n   "categoryName" :"社会支持",\n   "value" :5\n}, {\n   "index" :"B",\n   "content" :"有点不符合",\n   "categoryId" :16,\n   "categoryName" :"社会支持",\n   "value" :4\n}, {\n   "index" :"C",\n   "content" :"不确定",\n   "categoryId" :16,\n   "categoryName" :"社会支持",\n   "value" :3\n}, {\n   "index" :"D",\n   "content" :"比较符合",\n   "categoryId" :16,\n   "categoryName" :"社会支持",\n   "value" :2\n}, {\n   "index" :"E",\n   "content" :"非常符合",\n   "categoryId" :16,\n   "categoryName" :"社会支持",\n   "value" :1\n}]', 0, NULL, NULL, NULL, NULL, 5),
	(97, '我坚信以后的生活与现在相比，肯定会越来越好。', 0, '[{\n   "index" :"A",\n   "content" :"非常不符合",\n   "categoryId" :12,\n   "categoryName" :"积极心态",\n   "value" :1\n}, {\n   "index" :"B",\n   "content" :"有点不符合",\n   "categoryId" :12,\n   "categoryName" :"积极心态",\n   "value" :2\n}, {\n   "index" :"C",\n   "content" :"不确定",\n   "categoryId" :12,\n   "categoryName" :"积极心态",\n   "value" :3\n}, {\n   "index" :"D",\n   "content" :"比较符合",\n   "categoryId" :12,\n   "categoryName" :"积极心态",\n   "value" :4\n}, {\n   "index" :"E",\n   "content" :"非常符合",\n   "categoryId" :12,\n   "categoryName" :"积极心态",\n   "value" :5\n}]', 0, NULL, NULL, NULL, NULL, 5),
	(98, '当遇事不顺心时，我就很容易生病。', 0, '[{\n   "index" :"A",\n   "content" :"非常不符合",\n   "categoryId" :15,\n   "categoryName" :"生理症状",\n   "value" :5\n}, {\n   "index" :"B",\n   "content" :"有点不符合",\n   "categoryId" :15,\n   "categoryName" :"生理症状",\n   "value" :4\n}, {\n   "index" :"C",\n   "content" :"不确定",\n   "categoryId" :15,\n   "categoryName" :"生理症状",\n   "value" :3\n}, {\n   "index" :"D",\n   "content" :"比较符合",\n   "categoryId" :15,\n   "categoryName" :"生理症状",\n   "value" :2\n}, {\n   "index" :"E",\n   "content" :"非常符合",\n   "categoryId" :15,\n   "categoryName" :"生理症状",\n   "value" :1\n}]', 0, NULL, NULL, NULL, NULL, 5),
	(99, '当我的心情被破坏了之后，很长时间我都高兴不起来。', 0, '[{\n   "index" :"A",\n   "content" :"非常不符合",\n   "categoryId" :13,\n   "categoryName" :"情绪管理",\n   "value" :5\n}, {\n   "index" :"B",\n   "content" :"有点不符合",\n   "categoryId" :13,\n   "categoryName" :"情绪管理",\n   "value" :4\n}, {\n   "index" :"C",\n   "content" :"不确定",\n   "categoryId" :13,\n   "categoryName" :"情绪管理",\n   "value" :3\n}, {\n   "index" :"D",\n   "content" :"比较符合",\n   "categoryId" :13,\n   "categoryName" :"情绪管理",\n   "value" :2\n}, {\n   "index" :"E",\n   "content" :"非常符合",\n   "categoryId" :13,\n   "categoryName" :"情绪管理",\n   "value" :1\n}]', 0, NULL, NULL, NULL, NULL, 5),
	(100, '我经常入睡困难。', 0, '[{\n   "index" :"A",\n   "content" :"非常不符合",\n   "categoryId" :15,\n   "categoryName" :"生理症状",\n   "value" :5\n}, {\n   "index" :"B",\n   "content" :"有点不符合",\n   "categoryId" :15,\n   "categoryName" :"生理症状",\n   "value" :4\n}, {\n   "index" :"C",\n   "content" :"不确定",\n   "categoryId" :15,\n   "categoryName" :"生理症状",\n   "value" :3\n}, {\n   "index" :"D",\n   "content" :"比较符合",\n   "categoryId" :15,\n   "categoryName" :"生理症状",\n   "value" :2\n}, {\n   "index" :"E",\n   "content" :"非常符合",\n   "categoryId" :15,\n   "categoryName" :"生理症状",\n   "value" :1\n}]', 0, NULL, NULL, NULL, NULL, 5),
	(101, '在公众场合说话，我总感觉不自在。', 0, '[{\n   "index" :"A",\n   "content" :"非常不符合",\n   "categoryId" :16,\n   "categoryName" :"社会支持",\n   "value" :5\n}, {\n   "index" :"B",\n   "content" :"有点不符合",\n   "categoryId" :16,\n   "categoryName" :"社会支持",\n   "value" :4\n}, {\n   "index" :"C",\n   "content" :"不确定",\n   "categoryId" :16,\n   "categoryName" :"社会支持",\n   "value" :3\n}, {\n   "index" :"D",\n   "content" :"比较符合",\n   "categoryId" :16,\n   "categoryName" :"社会支持",\n   "value" :2\n}, {\n   "index" :"E",\n   "content" :"非常符合",\n   "categoryId" :16,\n   "categoryName" :"社会支持",\n   "value" :1\n}]', 0, NULL, NULL, NULL, NULL, 5),
	(102, '生活中，我真正能掌控的东西很少。', 0, '[{\n   "index" :"A",\n   "content" :"非常不符合",\n   "categoryId" :12,\n   "categoryName" :"积极心态",\n   "value" :5\n}, {\n   "index" :"B",\n   "content" :"有点不符合",\n   "categoryId" :12,\n   "categoryName" :"积极心态",\n   "value" :4\n}, {\n   "index" :"C",\n   "content" :"不确定",\n   "categoryId" :12,\n   "categoryName" :"积极心态",\n   "value" :3\n}, {\n   "index" :"D",\n   "content" :"比较符合",\n   "categoryId" :12,\n   "categoryName" :"积极心态",\n   "value" :2\n}, {\n   "index" :"E",\n   "content" :"非常符合",\n   "categoryId" :12,\n   "categoryName" :"积极心态",\n   "value" :1\n}]', 0, NULL, NULL, NULL, NULL, 5),
	(103, '我知道生活是艰辛的，但我仍然会积极地面对它。', 0, '[{\n   "index" :"A",\n   "content" :"非常不符合",\n   "categoryId" :12,\n   "categoryName" :"积极心态",\n   "value" :1\n}, {\n   "index" :"B",\n   "content" :"有点不符合",\n   "categoryId" :12,\n   "categoryName" :"积极心态",\n   "value" :2\n}, {\n   "index" :"C",\n   "content" :"不确定",\n   "categoryId" :12,\n   "categoryName" :"积极心态",\n   "value" :3\n}, {\n   "index" :"D",\n   "content" :"比较符合",\n   "categoryId" :12,\n   "categoryName" :"积极心态",\n   "value" :4\n}, {\n   "index" :"E",\n   "content" :"非常符合",\n   "categoryId" :12,\n   "categoryName" :"积极心态",\n   "value" :5\n}]', 0, NULL, NULL, NULL, NULL, 5),
	(104, '我很愿意介绍别人到我们公司工作。', 0, '[{\n   "index" :"A",\n   "content" :"非常不同意",\n   "categoryId" :42,\n   "categoryName" :"表现/赞扬",\n   "value" :0\n}, {\n   "index" :"B",\n   "content" :"不同意",\n   "categoryId" :42,\n   "categoryName" :"表现/赞扬",\n   "value" :1\n}, {\n   "index" :"C",\n   "content" :"比较不同意",\n   "categoryId" :42,\n   "categoryName" :"表现/赞扬",\n   "value" :2\n}, {\n   "index" :"D",\n   "content" :"比较同意",\n   "categoryId" :42,\n   "categoryName" :"表现/赞扬",\n   "value" :3\n}, {\n   "index" :"E",\n   "content" :"同意",\n   "categoryId" :42,\n   "categoryName" :"表现/赞扬",\n   "value" :4\n}, {\n   "index" :"F",\n   "content" :"非常同意",\n   "categoryId" :42,\n   "categoryName" :"表现/赞扬",\n   "value" :5\n}]', 0, NULL, NULL, NULL, NULL, 6),
	(105, '如果让我离开这个公司，我情感上会有依依不舍。', 0, '[{\n   "index" :"A",\n   "content" :"非常不同意",\n   "categoryId" :43,\n   "categoryName" :"表现/留任",\n   "value" :0\n}, {\n   "index" :"B",\n   "content" :"不同意",\n   "categoryId" :43,\n   "categoryName" :"表现/留任",\n   "value" :1\n}, {\n   "index" :"C",\n   "content" :"比较不同意",\n   "categoryId" :43,\n   "categoryName" :"表现/留任",\n   "value" :2\n}, {\n   "index" :"D",\n   "content" :"比较同意",\n   "categoryId" :43,\n   "categoryName" :"表现/留任",\n   "value" :3\n}, {\n   "index" :"E",\n   "content" :"同意",\n   "categoryId" :43,\n   "categoryName" :"表现/留任",\n   "value" :4\n}, {\n   "index" :"F",\n   "content" :"非常同意",\n   "categoryId" :43,\n   "categoryName" :"表现/留任",\n   "value" :5\n}]', 0, NULL, NULL, NULL, NULL, 6),
	(106, '与同行业相比，我的薪酬是合理的。', 0, '[{\n   "index" :"A",\n   "content" :"非常不同意",\n   "categoryId" :35,\n   "categoryName" :"薪酬福利/薪酬",\n   "value" :0\n}, {\n   "index" :"B",\n   "content" :"不同意",\n   "categoryId" :35,\n   "categoryName" :"薪酬福利/薪酬",\n   "value" :1\n}, {\n   "index" :"C",\n   "content" :"比较不同意",\n   "categoryId" :35,\n   "categoryName" :"薪酬福利/薪酬",\n   "value" :2\n}, {\n   "index" :"D",\n   "content" :"比较同意",\n   "categoryId" :35,\n   "categoryName" :"薪酬福利/薪酬",\n   "value" :3\n}, {\n   "index" :"E",\n   "content" :"同意",\n   "categoryId" :35,\n   "categoryName" :"薪酬福利/薪酬",\n   "value" :4\n}, {\n   "index" :"F",\n   "content" :"非常同意",\n   "categoryId" :35,\n   "categoryName" :"薪酬福利/薪酬",\n   "value" :5\n}]', 0, NULL, NULL, NULL, NULL, 6),
	(107, '公司的福利总让我觉得很暖心。', 0, '[{\n   "index" :"A",\n   "content" :"非常不同意",\n   "categoryId" :36,\n   "categoryName" :"薪酬福利/福利",\n   "value" :0\n}, {\n   "index" :"B",\n   "content" :"不同意",\n   "categoryId" :36,\n   "categoryName" :"薪酬福利/福利",\n   "value" :1\n}, {\n   "index" :"C",\n   "content" :"比较不同意",\n   "categoryId" :36,\n   "categoryName" :"薪酬福利/福利",\n   "value" :2\n}, {\n   "index" :"D",\n   "content" :"比较同意",\n   "categoryId" :36,\n   "categoryName" :"薪酬福利/福利",\n   "value" :3\n}, {\n   "index" :"E",\n   "content" :"同意",\n   "categoryId" :36,\n   "categoryName" :"薪酬福利/福利",\n   "value" :4\n}, {\n   "index" :"F",\n   "content" :"非常同意",\n   "categoryId" :36,\n   "categoryName" :"薪酬福利/福利",\n   "value" :5\n}]', 0, NULL, NULL, NULL, NULL, 6),
	(108, '公司对我有明确的绩效考核指标。', 0, '[{\n   "index" :"A",\n   "content" :"非常不同意",\n   "categoryId" :37,\n   "categoryName" :"薪酬福利/绩效",\n   "value" :0\n}, {\n   "index" :"B",\n   "content" :"不同意",\n   "categoryId" :37,\n   "categoryName" :"薪酬福利/绩效",\n   "value" :1\n}, {\n   "index" :"C",\n   "content" :"比较不同意",\n   "categoryId" :37,\n   "categoryName" :"薪酬福利/绩效",\n   "value" :2\n}, {\n   "index" :"D",\n   "content" :"比较同意",\n   "categoryId" :37,\n   "categoryName" :"薪酬福利/绩效",\n   "value" :3\n}, {\n   "index" :"E",\n   "content" :"同意",\n   "categoryId" :37,\n   "categoryName" :"薪酬福利/绩效",\n   "value" :4\n}, {\n   "index" :"F",\n   "content" :"非常同意",\n   "categoryId" :37,\n   "categoryName" :"薪酬福利/绩效",\n   "value" :5\n}]', 0, NULL, NULL, NULL, NULL, 6),
	(109, '在工作中，我认为我学到了很多，能力也得到了提高。', 0, '[{\n   "index" :"A",\n   "content" :"非常不同意",\n   "categoryId" :25,\n   "categoryName" :"职业发展/能力",\n   "value" :0\n}, {\n   "index" :"B",\n   "content" :"不同意",\n   "categoryId" :25,\n   "categoryName" :"职业发展/能力",\n   "value" :1\n}, {\n   "index" :"C",\n   "content" :"比较不同意",\n   "categoryId" :25,\n   "categoryName" :"职业发展/能力",\n   "value" :2\n}, {\n   "index" :"D",\n   "content" :"比较同意",\n   "categoryId" :25,\n   "categoryName" :"职业发展/能力",\n   "value" :3\n}, {\n   "index" :"E",\n   "content" :"同意",\n   "categoryId" :25,\n   "categoryName" :"职业发展/能力",\n   "value" :4\n}, {\n   "index" :"F",\n   "content" :"非常同意",\n   "categoryId" :25,\n   "categoryName" :"职业发展/能力",\n   "value" :5\n}]', 0, NULL, NULL, NULL, NULL, 6),
	(110, '如果我努力工作，会有在公司升职的机会。', 0, '[{\n   "index" :"A",\n   "content" :"非常不同意",\n   "categoryId" :26,\n   "categoryName" :"职业发展/机会",\n   "value" :0\n}, {\n   "index" :"B",\n   "content" :"不同意",\n   "categoryId" :26,\n   "categoryName" :"职业发展/机会",\n   "value" :1\n}, {\n   "index" :"C",\n   "content" :"比较不同意",\n   "categoryId" :26,\n   "categoryName" :"职业发展/机会",\n   "value" :2\n}, {\n   "index" :"D",\n   "content" :"比较同意",\n   "categoryId" :26,\n   "categoryName" :"职业发展/机会",\n   "value" :3\n}, {\n   "index" :"E",\n   "content" :"同意",\n   "categoryId" :26,\n   "categoryName" :"职业发展/机会",\n   "value" :4\n}, {\n   "index" :"F",\n   "content" :"非常同意",\n   "categoryId" :26,\n   "categoryName" :"职业发展/机会",\n   "value" :5\n}]', 0, NULL, NULL, NULL, NULL, 6),
	(111, '我很清楚我在公司的职业发展前景。', 0, '[{\n   "index" :"A",\n   "content" :"非常不同意",\n   "categoryId" :27,\n   "categoryName" :"职业发展/前景",\n   "value" :0\n}, {\n   "index" :"B",\n   "content" :"不同意",\n   "categoryId" :27,\n   "categoryName" :"职业发展/前景",\n   "value" :1\n}, {\n   "index" :"C",\n   "content" :"比较不同意",\n   "categoryId" :27,\n   "categoryName" :"职业发展/前景",\n   "value" :2\n}, {\n   "index" :"D",\n   "content" :"比较同意",\n   "categoryId" :27,\n   "categoryName" :"职业发展/前景",\n   "value" :3\n}, {\n   "index" :"E",\n   "content" :"同意",\n   "categoryId" :27,\n   "categoryName" :"职业发展/前景",\n   "value" :4\n}, {\n   "index" :"F",\n   "content" :"非常同意",\n   "categoryId" :27,\n   "categoryName" :"职业发展/前景",\n   "value" :5\n}]', 0, NULL, NULL, NULL, NULL, 6),
	(112, '我很清楚我的工作职责。', 0, '[{\n   "index" :"A",\n   "content" :"非常不同意",\n   "categoryId" :33,\n   "categoryName" :"工作职责/明确",\n   "value" :0\n}, {\n   "index" :"B",\n   "content" :"不同意",\n   "categoryId" :33,\n   "categoryName" :"工作职责/明确",\n   "value" :1\n}, {\n   "index" :"C",\n   "content" :"比较不同意",\n   "categoryId" :33,\n   "categoryName" :"工作职责/明确",\n   "value" :2\n}, {\n   "index" :"D",\n   "content" :"比较同意",\n   "categoryId" :33,\n   "categoryName" :"工作职责/明确",\n   "value" :3\n}, {\n   "index" :"E",\n   "content" :"同意",\n   "categoryId" :33,\n   "categoryName" :"工作职责/明确",\n   "value" :4\n}, {\n   "index" :"F",\n   "content" :"非常同意",\n   "categoryId" :33,\n   "categoryName" :"工作职责/明确",\n   "value" :5\n}]', 0, NULL, NULL, NULL, NULL, 6),
	(113, '我觉得我目前的工作很有意义。', 0, '[{\n   "index" :"A",\n   "content" :"非常不同意",\n   "categoryId" :34,\n   "categoryName" :"工作职责/意义",\n   "value" :0\n}, {\n   "index" :"B",\n   "content" :"不同意",\n   "categoryId" :34,\n   "categoryName" :"工作职责/意义",\n   "value" :1\n}, {\n   "index" :"C",\n   "content" :"比较不同意",\n   "categoryId" :34,\n   "categoryName" :"工作职责/意义",\n   "value" :2\n}, {\n   "index" :"D",\n   "content" :"比较同意",\n   "categoryId" :34,\n   "categoryName" :"工作职责/意义",\n   "value" :3\n}, {\n   "index" :"E",\n   "content" :"同意",\n   "categoryId" :34,\n   "categoryName" :"工作职责/意义",\n   "value" :4\n}, {\n   "index" :"F",\n   "content" :"非常同意",\n   "categoryId" :34,\n   "categoryName" :"工作职责/意义",\n   "value" :5\n}]', 0, NULL, NULL, NULL, NULL, 6),
	(114, '我的直接上级能够为我提供必要的支持，提高我的工作能力。', 0, '[{\n   "index" :"A",\n   "content" :"非常不同意",\n   "categoryId" :28,\n   "categoryName" :"管理/培养",\n   "value" :0\n}, {\n   "index" :"B",\n   "content" :"不同意",\n   "categoryId" :28,\n   "categoryName" :"管理/培养",\n   "value" :1\n}, {\n   "index" :"C",\n   "content" :"比较不同意",\n   "categoryId" :28,\n   "categoryName" :"管理/培养",\n   "value" :2\n}, {\n   "index" :"D",\n   "content" :"比较同意",\n   "categoryId" :28,\n   "categoryName" :"管理/培养",\n   "value" :3\n}, {\n   "index" :"E",\n   "content" :"同意",\n   "categoryId" :28,\n   "categoryName" :"管理/培养",\n   "value" :4\n}, {\n   "index" :"F",\n   "content" :"非常同意",\n   "categoryId" :28,\n   "categoryName" :"管理/培养",\n   "value" :5\n}]', 0, NULL, NULL, NULL, NULL, 6),
	(115, '对于我的努力和成果，我的直接上级能够给与公开表扬来肯定我的工作。', 0, '[{\n   "index" :"A",\n   "content" :"非常不同意",\n   "categoryId" :29,\n   "categoryName" :"管理/认可",\n   "value" :0\n}, {\n   "index" :"B",\n   "content" :"不同意",\n   "categoryId" :29,\n   "categoryName" :"管理/认可",\n   "value" :1\n}, {\n   "index" :"C",\n   "content" :"比较不同意",\n   "categoryId" :29,\n   "categoryName" :"管理/认可",\n   "value" :2\n}, {\n   "index" :"D",\n   "content" :"比较同意",\n   "categoryId" :29,\n   "categoryName" :"管理/认可",\n   "value" :3\n}, {\n   "index" :"E",\n   "content" :"同意",\n   "categoryId" :29,\n   "categoryName" :"管理/认可",\n   "value" :4\n}, {\n   "index" :"F",\n   "content" :"非常同意",\n   "categoryId" :29,\n   "categoryName" :"管理/认可",\n   "value" :5\n}]', 0, NULL, NULL, NULL, NULL, 6),
	(116, '我可以独立的开展工作，除了必要的事项外，不必每件事都向上级请示。', 0, '[{\n   "index" :"A",\n   "content" :"非常不同意",\n   "categoryId" :30,\n   "categoryName" :"管理/信任",\n   "value" :0\n}, {\n   "index" :"B",\n   "content" :"不同意",\n   "categoryId" :30,\n   "categoryName" :"管理/信任",\n   "value" :1\n}, {\n   "index" :"C",\n   "content" :"比较不同意",\n   "categoryId" :30,\n   "categoryName" :"管理/信任",\n   "value" :2\n}, {\n   "index" :"D",\n   "content" :"比较同意",\n   "categoryId" :30,\n   "categoryName" :"管理/信任",\n   "value" :3\n}, {\n   "index" :"E",\n   "content" :"同意",\n   "categoryId" :30,\n   "categoryName" :"管理/信任",\n   "value" :4\n}, {\n   "index" :"F",\n   "content" :"非常同意",\n   "categoryId" :30,\n   "categoryName" :"管理/信任",\n   "value" :5\n}]', 0, NULL, NULL, NULL, NULL, 6),
	(117, '公司的各个业务环节之间的衔接流畅，且高效便捷。', 0, '[{\n   "index" :"A",\n   "content" :"非常不同意",\n   "categoryId" :31,\n   "categoryName" :"管理/制度流程",\n   "value" :0\n}, {\n   "index" :"B",\n   "content" :"不同意",\n   "categoryId" :31,\n   "categoryName" :"管理/制度流程",\n   "value" :1\n}, {\n   "index" :"C",\n   "content" :"比较不同意",\n   "categoryId" :31,\n   "categoryName" :"管理/制度流程",\n   "value" :2\n}, {\n   "index" :"D",\n   "content" :"比较同意",\n   "categoryId" :31,\n   "categoryName" :"管理/制度流程",\n   "value" :3\n}, {\n   "index" :"E",\n   "content" :"同意",\n   "categoryId" :31,\n   "categoryName" :"管理/制度流程",\n   "value" :4\n}, {\n   "index" :"F",\n   "content" :"非常同意",\n   "categoryId" :31,\n   "categoryName" :"管理/制度流程",\n   "value" :5\n}]', 0, NULL, NULL, NULL, NULL, 6),
	(118, '无论我提出任何意见和建议，领导都会仔细倾听并且给予适时反馈。', 0, '[{\n   "index" :"A",\n   "content" :"非常不同意",\n   "categoryId" :32,\n   "categoryName" :"管理/倾听",\n   "value" :0\n}, {\n   "index" :"B",\n   "content" :"不同意",\n   "categoryId" :32,\n   "categoryName" :"管理/倾听",\n   "value" :1\n}, {\n   "index" :"C",\n   "content" :"比较不同意",\n   "categoryId" :32,\n   "categoryName" :"管理/倾听",\n   "value" :2\n}, {\n   "index" :"D",\n   "content" :"比较同意",\n   "categoryId" :32,\n   "categoryName" :"管理/倾听",\n   "value" :3\n}, {\n   "index" :"E",\n   "content" :"同意",\n   "categoryId" :32,\n   "categoryName" :"管理/倾听",\n   "value" :4\n}, {\n   "index" :"F",\n   "content" :"非常同意",\n   "categoryId" :32,\n   "categoryName" :"管理/倾听",\n   "value" :5\n}]', 0, NULL, NULL, NULL, NULL, 6),
	(119, '当我工作上遇到问题时，总能知道去哪里寻找解决办法。', 0, '[{\n   "index" :"A",\n   "content" :"非常不同意",\n   "categoryId" :39,\n   "categoryName" :"环境/资源",\n   "value" :0\n}, {\n   "index" :"B",\n   "content" :"不同意",\n   "categoryId" :39,\n   "categoryName" :"环境/资源",\n   "value" :1\n}, {\n   "index" :"C",\n   "content" :"比较不同意",\n   "categoryId" :39,\n   "categoryName" :"环境/资源",\n   "value" :2\n}, {\n   "index" :"D",\n   "content" :"比较同意",\n   "categoryId" :39,\n   "categoryName" :"环境/资源",\n   "value" :3\n}, {\n   "index" :"E",\n   "content" :"同意",\n   "categoryId" :39,\n   "categoryName" :"环境/资源",\n   "value" :4\n}, {\n   "index" :"F",\n   "content" :"非常同意",\n   "categoryId" :39,\n   "categoryName" :"环境/资源",\n   "value" :5\n}]', 0, NULL, NULL, NULL, NULL, 6),
	(120, '我很认同公司的企业文化。', 0, '[{\n   "index" :"A",\n   "content" :"非常不同意",\n   "categoryId" :38,\n   "categoryName" :"环境/企业文化",\n   "value" :0\n}, {\n   "index" :"B",\n   "content" :"不同意",\n   "categoryId" :38,\n   "categoryName" :"环境/企业文化",\n   "value" :1\n}, {\n   "index" :"C",\n   "content" :"比较不同意",\n   "categoryId" :38,\n   "categoryName" :"环境/企业文化",\n   "value" :2\n}, {\n   "index" :"D",\n   "content" :"比较同意",\n   "categoryId" :38,\n   "categoryName" :"环境/企业文化",\n   "value" :3\n}, {\n   "index" :"E",\n   "content" :"同意",\n   "categoryId" :38,\n   "categoryName" :"环境/企业文化",\n   "value" :4\n}, {\n   "index" :"F",\n   "content" :"非常同意",\n   "categoryId" :38,\n   "categoryName" :"环境/企业文化",\n   "value" :5\n}]', 0, NULL, NULL, NULL, NULL, 6),
	(121, '我所在的部门里，同事之间能够自由地交换意见。', 0, '[{\n   "index" :"A",\n   "content" :"非常不同意",\n   "categoryId" :40,\n   "categoryName" :"环境/同事关系",\n   "value" :0\n}, {\n   "index" :"B",\n   "content" :"不同意",\n   "categoryId" :40,\n   "categoryName" :"环境/同事关系",\n   "value" :1\n}, {\n   "index" :"C",\n   "content" :"比较不同意",\n   "categoryId" :40,\n   "categoryName" :"环境/同事关系",\n   "value" :2\n}, {\n   "index" :"D",\n   "content" :"比较同意",\n   "categoryId" :40,\n   "categoryName" :"环境/同事关系",\n   "value" :3\n}, {\n   "index" :"E",\n   "content" :"同意",\n   "categoryId" :40,\n   "categoryName" :"环境/同事关系",\n   "value" :4\n}, {\n   "index" :"F",\n   "content" :"非常同意",\n   "categoryId" :40,\n   "categoryName" :"环境/同事关系",\n   "value" :5\n}]', 0, NULL, NULL, NULL, NULL, 6),
	(122, '我对办公场所的设置等环境很满意。', 0, '[{\n   "index" :"A",\n   "content" :"非常不同意",\n   "categoryId" :41,\n   "categoryName" :"环境/工作场所",\n   "value" :0\n}, {\n   "index" :"B",\n   "content" :"不同意",\n   "categoryId" :41,\n   "categoryName" :"环境/工作场所",\n   "value" :1\n}, {\n   "index" :"C",\n   "content" :"比较不同意",\n   "categoryId" :41,\n   "categoryName" :"环境/工作场所",\n   "value" :2\n}, {\n   "index" :"D",\n   "content" :"比较同意",\n   "categoryId" :41,\n   "categoryName" :"环境/工作场所",\n   "value" :3\n}, {\n   "index" :"E",\n   "content" :"同意",\n   "categoryId" :41,\n   "categoryName" :"环境/工作场所",\n   "value" :4\n}, {\n   "index" :"F",\n   "content" :"非常同意",\n   "categoryId" :41,\n   "categoryName" :"环境/工作场所",\n   "value" :5\n}]', 0, NULL, NULL, NULL, NULL, 6),
	(123, '我现在的工作很有成就感。', 0, '[{\n   "index" :"A",\n   "content" :"非常不同意",\n   "categoryId" :44,\n   "categoryName" :"满意度/成就感",\n   "value" :0\n}, {\n   "index" :"B",\n   "content" :"不同意",\n   "categoryId" :44,\n   "categoryName" :"满意度/成就感",\n   "value" :1\n}, {\n   "index" :"C",\n   "content" :"比较不同意",\n   "categoryId" :44,\n   "categoryName" :"满意度/成就感",\n   "value" :2\n}, {\n   "index" :"D",\n   "content" :"比较同意",\n   "categoryId" :44,\n   "categoryName" :"满意度/成就感",\n   "value" :3\n}, {\n   "index" :"E",\n   "content" :"同意",\n   "categoryId" :44,\n   "categoryName" :"满意度/成就感",\n   "value" :4\n}, {\n   "index" :"F",\n   "content" :"非常同意",\n   "categoryId" :44,\n   "categoryName" :"满意度/成就感",\n   "value" :5\n}]', 0, NULL, NULL, NULL, NULL, 6),
	(124, '我认为我所在部门的工作任务分配是合理的。', 0, '[{\n   "index" :"A",\n   "content" :"非常不同意",\n   "categoryId" :45,\n   "categoryName" :"满意度/公平感",\n   "value" :0\n}, {\n   "index" :"B",\n   "content" :"不同意",\n   "categoryId" :45,\n   "categoryName" :"满意度/公平感",\n   "value" :1\n}, {\n   "index" :"C",\n   "content" :"比较不同意",\n   "categoryId" :45,\n   "categoryName" :"满意度/公平感",\n   "value" :2\n}, {\n   "index" :"D",\n   "content" :"比较同意",\n   "categoryId" :45,\n   "categoryName" :"满意度/公平感",\n   "value" :3\n}, {\n   "index" :"E",\n   "content" :"同意",\n   "categoryId" :45,\n   "categoryName" :"满意度/公平感",\n   "value" :4\n}, {\n   "index" :"F",\n   "content" :"非常同意",\n   "categoryId" :45,\n   "categoryName" :"满意度/公平感",\n   "value" :5\n}]', 0, NULL, NULL, NULL, NULL, 6),
	(125, '我工作时心情愉悦。', 0, '[{\n   "index" :"A",\n   "content" :"非常不同意",\n   "categoryId" :46,\n   "categoryName" :"满意度/心情",\n   "value" :0\n}, {\n   "index" :"B",\n   "content" :"不同意",\n   "categoryId" :46,\n   "categoryName" :"满意度/心情",\n   "value" :1\n}, {\n   "index" :"C",\n   "content" :"比较不同意",\n   "categoryId" :46,\n   "categoryName" :"满意度/心情",\n   "value" :2\n}, {\n   "index" :"D",\n   "content" :"比较同意",\n   "categoryId" :46,\n   "categoryName" :"满意度/心情",\n   "value" :3\n}, {\n   "index" :"E",\n   "content" :"同意",\n   "categoryId" :46,\n   "categoryName" :"满意度/心情",\n   "value" :4\n}, {\n   "index" :"F",\n   "content" :"非常同意",\n   "categoryId" :46,\n   "categoryName" :"满意度/心情",\n   "value" :5\n}]', 0, NULL, NULL, NULL, NULL, 6),
	(126, '我很清楚自己每时每刻的情绪。', 0, '[{\n   "index" :"A",\n   "content" :"非常强烈地不同意",\n   "categoryId" :51,\n   "categoryName" :"情绪感知/自我情绪感知",\n   "value" :1\n}, {\n   "index" :"B",\n   "content" :"强烈不同意",\n   "categoryId" :51,\n   "categoryName" :"情绪感知/自我情绪感知",\n   "value" :2\n}, {\n   "index" :"C",\n   "content" :"不同意",\n   "categoryId" :51,\n   "categoryName" :"情绪感知/自我情绪感知",\n   "value" :3\n}, {\n   "index" :"D",\n   "content" :"轻微不同意",\n   "categoryId" :51,\n   "categoryName" :"情绪感知/自我情绪感知",\n   "value" :4\n}, {\n   "index" :"E",\n   "content" :"不确定",\n   "categoryId" :51,\n   "categoryName" :"情绪感知/自我情绪感知",\n   "value" :5\n}, {\n   "index" :"F",\n   "content" :"轻微同意",\n   "categoryId" :51,\n   "categoryName" :"情绪感知/自我情绪感知",\n   "value" :6\n}, {\n   "index" :"G",\n   "content" :"同意",\n   "categoryId" :51,\n   "categoryName" :"情绪感知/自我情绪感知",\n   "value" :7\n}, {\n   "index" :"H",\n   "content" :"强烈同意",\n   "categoryId" :51,\n   "categoryName" :"情绪感知/自我情绪感知",\n   "value" :8\n}, {\n   "index" :"I",\n   "content" :"非常强烈同意",\n   "categoryId" :51,\n   "categoryName" :"情绪感知/自我情绪感知",\n   "value" :9\n}]', 0, NULL, NULL, NULL, NULL, 7),
	(127, '我认为自己很容易理解别人的身体语言。', 0, '[{\n   "index" :"A",\n   "content" :"非常强烈地不同意",\n   "categoryId" :52,\n   "categoryName" :"情绪感知/他人情绪感知",\n   "value" :1\n}, {\n   "index" :"B",\n   "content" :"强烈不同意",\n   "categoryId" :52,\n   "categoryName" :"情绪感知/他人情绪感知",\n   "value" :2\n}, {\n   "index" :"C",\n   "content" :"不同意",\n   "categoryId" :52,\n   "categoryName" :"情绪感知/他人情绪感知",\n   "value" :3\n}, {\n   "index" :"D",\n   "content" :"轻微不同意",\n   "categoryId" :52,\n   "categoryName" :"情绪感知/他人情绪感知",\n   "value" :4\n}, {\n   "index" :"E",\n   "content" :"不确定",\n   "categoryId" :52,\n   "categoryName" :"情绪感知/他人情绪感知",\n   "value" :5\n}, {\n   "index" :"F",\n   "content" :"轻微同意",\n   "categoryId" :52,\n   "categoryName" :"情绪感知/他人情绪感知",\n   "value" :6\n}, {\n   "index" :"G",\n   "content" :"同意",\n   "categoryId" :52,\n   "categoryName" :"情绪感知/他人情绪感知",\n   "value" :7\n}, {\n   "index" :"H",\n   "content" :"强烈同意",\n   "categoryId" :52,\n   "categoryName" :"情绪感知/他人情绪感知",\n   "value" :8\n}, {\n   "index" :"I",\n   "content" :"非常强烈同意",\n   "categoryId" :52,\n   "categoryName" :"情绪感知/他人情绪感知",\n   "value" :9\n}]', 0, NULL, NULL, NULL, NULL, 7),
	(128, '整体上来说，我的情绪比较稳定。', 0, '[{\n   "index" :"A",\n   "content" :"非常强烈地不同意",\n   "categoryId" :53,\n   "categoryName" :"情绪控制/稳定性",\n   "value" :1\n}, {\n   "index" :"B",\n   "content" :"强烈不同意",\n   "categoryId" :53,\n   "categoryName" :"情绪控制/稳定性",\n   "value" :2\n}, {\n   "index" :"C",\n   "content" :"不同意",\n   "categoryId" :53,\n   "categoryName" :"情绪控制/稳定性",\n   "value" :3\n}, {\n   "index" :"D",\n   "content" :"轻微不同意",\n   "categoryId" :53,\n   "categoryName" :"情绪控制/稳定性",\n   "value" :4\n}, {\n   "index" :"E",\n   "content" :"不确定",\n   "categoryId" :53,\n   "categoryName" :"情绪控制/稳定性",\n   "value" :5\n}, {\n   "index" :"F",\n   "content" :"轻微同意",\n   "categoryId" :53,\n   "categoryName" :"情绪控制/稳定性",\n   "value" :6\n}, {\n   "index" :"G",\n   "content" :"同意",\n   "categoryId" :53,\n   "categoryName" :"情绪控制/稳定性",\n   "value" :7\n}, {\n   "index" :"H",\n   "content" :"强烈同意",\n   "categoryId" :53,\n   "categoryName" :"情绪控制/稳定性",\n   "value" :8\n}, {\n   "index" :"I",\n   "content" :"非常强烈同意",\n   "categoryId" :53,\n   "categoryName" :"情绪控制/稳定性",\n   "value" :9\n}]', 0, NULL, NULL, NULL, NULL, 7),
	(129, '遇到困难时，我会想起以前遇到相似问题并解决的情境。', 0, '[{\n   "index" :"A",\n   "content" :"非常强烈地不同意",\n   "categoryId" :54,\n   "categoryName" :"情绪控制/控制力",\n   "value" :1\n}, {\n   "index" :"B",\n   "content" :"强烈不同意",\n   "categoryId" :54,\n   "categoryName" :"情绪控制/控制力",\n   "value" :2\n}, {\n   "index" :"C",\n   "content" :"不同意",\n   "categoryId" :54,\n   "categoryName" :"情绪控制/控制力",\n   "value" :3\n}, {\n   "index" :"D",\n   "content" :"轻微不同意",\n   "categoryId" :54,\n   "categoryName" :"情绪控制/控制力",\n   "value" :4\n}, {\n   "index" :"E",\n   "content" :"不确定",\n   "categoryId" :54,\n   "categoryName" :"情绪控制/控制力",\n   "value" :5\n}, {\n   "index" :"F",\n   "content" :"轻微同意",\n   "categoryId" :54,\n   "categoryName" :"情绪控制/控制力",\n   "value" :6\n}, {\n   "index" :"G",\n   "content" :"同意",\n   "categoryId" :54,\n   "categoryName" :"情绪控制/控制力",\n   "value" :7\n}, {\n   "index" :"H",\n   "content" :"强烈同意",\n   "categoryId" :54,\n   "categoryName" :"情绪控制/控制力",\n   "value" :8\n}, {\n   "index" :"I",\n   "content" :"非常强烈同意",\n   "categoryId" :54,\n   "categoryName" :"情绪控制/控制力",\n   "value" :9\n}]', 0, NULL, NULL, NULL, NULL, 7),
	(130, '我会积极参加让自己开心的活动。', 0, '[{\n   "index" :"A",\n   "content" :"非常强烈地不同意",\n   "categoryId" :55,\n   "categoryName" :"情绪控制/自我激励",\n   "value" :1\n}, {\n   "index" :"B",\n   "content" :"强烈不同意",\n   "categoryId" :55,\n   "categoryName" :"情绪控制/自我激励",\n   "value" :2\n}, {\n   "index" :"C",\n   "content" :"不同意",\n   "categoryId" :55,\n   "categoryName" :"情绪控制/自我激励",\n   "value" :3\n}, {\n   "index" :"D",\n   "content" :"轻微不同意",\n   "categoryId" :55,\n   "categoryName" :"情绪控制/自我激励",\n   "value" :4\n}, {\n   "index" :"E",\n   "content" :"不确定",\n   "categoryId" :55,\n   "categoryName" :"情绪控制/自我激励",\n   "value" :5\n}, {\n   "index" :"F",\n   "content" :"轻微同意",\n   "categoryId" :55,\n   "categoryName" :"情绪控制/自我激励",\n   "value" :6\n}, {\n   "index" :"G",\n   "content" :"同意",\n   "categoryId" :55,\n   "categoryName" :"情绪控制/自我激励",\n   "value" :7\n}, {\n   "index" :"H",\n   "content" :"强烈同意",\n   "categoryId" :55,\n   "categoryName" :"情绪控制/自我激励",\n   "value" :8\n}, {\n   "index" :"I",\n   "content" :"非常强烈同意",\n   "categoryId" :55,\n   "categoryName" :"情绪控制/自我激励",\n   "value" :9\n}]', 0, NULL, NULL, NULL, NULL, 7),
	(131, '我喜欢和别人分享自己的感受。', 0, '[{\n   "index" :"A",\n   "content" :"非常强烈地不同意",\n   "categoryId" :56,\n   "categoryName" :"社交技巧/表达",\n   "value" :1\n}, {\n   "index" :"B",\n   "content" :"强烈不同意",\n   "categoryId" :56,\n   "categoryName" :"社交技巧/表达",\n   "value" :2\n}, {\n   "index" :"C",\n   "content" :"不同意",\n   "categoryId" :56,\n   "categoryName" :"社交技巧/表达",\n   "value" :3\n}, {\n   "index" :"D",\n   "content" :"轻微不同意",\n   "categoryId" :56,\n   "categoryName" :"社交技巧/表达",\n   "value" :4\n}, {\n   "index" :"E",\n   "content" :"不确定",\n   "categoryId" :56,\n   "categoryName" :"社交技巧/表达",\n   "value" :5\n}, {\n   "index" :"F",\n   "content" :"轻微同意",\n   "categoryId" :56,\n   "categoryName" :"社交技巧/表达",\n   "value" :6\n}, {\n   "index" :"G",\n   "content" :"同意",\n   "categoryId" :56,\n   "categoryName" :"社交技巧/表达",\n   "value" :7\n}, {\n   "index" :"H",\n   "content" :"强烈同意",\n   "categoryId" :56,\n   "categoryName" :"社交技巧/表达",\n   "value" :8\n}, {\n   "index" :"I",\n   "content" :"非常强烈同意",\n   "categoryId" :56,\n   "categoryName" :"社交技巧/表达",\n   "value" :9\n}]', 0, NULL, NULL, NULL, NULL, 7),
	(132, '我能清楚地知道自己的情绪为何发生变化。', 0, '[{\n   "index" :"A",\n   "content" :"非常强烈地不同意",\n   "categoryId" :51,\n   "categoryName" :"情绪感知/自我情绪感知",\n   "value" :1\n}, {\n   "index" :"B",\n   "content" :"强烈不同意",\n   "categoryId" :51,\n   "categoryName" :"情绪感知/自我情绪感知",\n   "value" :2\n}, {\n   "index" :"C",\n   "content" :"不同意",\n   "categoryId" :51,\n   "categoryName" :"情绪感知/自我情绪感知",\n   "value" :3\n}, {\n   "index" :"D",\n   "content" :"轻微不同意",\n   "categoryId" :51,\n   "categoryName" :"情绪感知/自我情绪感知",\n   "value" :4\n}, {\n   "index" :"E",\n   "content" :"不确定",\n   "categoryId" :51,\n   "categoryName" :"情绪感知/自我情绪感知",\n   "value" :5\n}, {\n   "index" :"F",\n   "content" :"轻微同意",\n   "categoryId" :51,\n   "categoryName" :"情绪感知/自我情绪感知",\n   "value" :6\n}, {\n   "index" :"G",\n   "content" :"同意",\n   "categoryId" :51,\n   "categoryName" :"情绪感知/自我情绪感知",\n   "value" :7\n}, {\n   "index" :"H",\n   "content" :"强烈同意",\n   "categoryId" :51,\n   "categoryName" :"情绪感知/自我情绪感知",\n   "value" :8\n}, {\n   "index" :"I",\n   "content" :"非常强烈同意",\n   "categoryId" :51,\n   "categoryName" :"情绪感知/自我情绪感知",\n   "value" :9\n}]', 1, NULL, NULL, NULL, NULL, 7),
	(133, '通过别人的面部表情，我就可以识别出别人的情绪。', 0, '[{\n   "index" :"A",\n   "content" :"非常强烈地不同意",\n   "categoryId" :52,\n   "categoryName" :"情绪感知/他人情绪感知",\n   "value" :1\n}, {\n   "index" :"B",\n   "content" :"强烈不同意",\n   "categoryId" :52,\n   "categoryName" :"情绪感知/他人情绪感知",\n   "value" :2\n}, {\n   "index" :"C",\n   "content" :"不同意",\n   "categoryId" :52,\n   "categoryName" :"情绪感知/他人情绪感知",\n   "value" :3\n}, {\n   "index" :"D",\n   "content" :"轻微不同意",\n   "categoryId" :52,\n   "categoryName" :"情绪感知/他人情绪感知",\n   "value" :4\n}, {\n   "index" :"E",\n   "content" :"不确定",\n   "categoryId" :52,\n   "categoryName" :"情绪感知/他人情绪感知",\n   "value" :5\n}, {\n   "index" :"F",\n   "content" :"轻微同意",\n   "categoryId" :52,\n   "categoryName" :"情绪感知/他人情绪感知",\n   "value" :6\n}, {\n   "index" :"G",\n   "content" :"同意",\n   "categoryId" :52,\n   "categoryName" :"情绪感知/他人情绪感知",\n   "value" :7\n}, {\n   "index" :"H",\n   "content" :"强烈同意",\n   "categoryId" :52,\n   "categoryName" :"情绪感知/他人情绪感知",\n   "value" :8\n}, {\n   "index" :"I",\n   "content" :"非常强烈同意",\n   "categoryId" :52,\n   "categoryName" :"情绪感知/他人情绪感知",\n   "value" :9\n}]', 1, NULL, NULL, NULL, NULL, 7),
	(134, '如果没有特别的事情发生，我的情绪整体上是积极向上的。', 0, '[{\n   "index" :"A",\n   "content" :"非常强烈地不同意",\n   "categoryId" :53,\n   "categoryName" :"情绪控制/稳定性",\n   "value" :1\n}, {\n   "index" :"B",\n   "content" :"强烈不同意",\n   "categoryId" :53,\n   "categoryName" :"情绪控制/稳定性",\n   "value" :2\n}, {\n   "index" :"C",\n   "content" :"不同意",\n   "categoryId" :53,\n   "categoryName" :"情绪控制/稳定性",\n   "value" :3\n}, {\n   "index" :"D",\n   "content" :"轻微不同意",\n   "categoryId" :53,\n   "categoryName" :"情绪控制/稳定性",\n   "value" :4\n}, {\n   "index" :"E",\n   "content" :"不确定",\n   "categoryId" :53,\n   "categoryName" :"情绪控制/稳定性",\n   "value" :5\n}, {\n   "index" :"F",\n   "content" :"轻微同意",\n   "categoryId" :53,\n   "categoryName" :"情绪控制/稳定性",\n   "value" :6\n}, {\n   "index" :"G",\n   "content" :"同意",\n   "categoryId" :53,\n   "categoryName" :"情绪控制/稳定性",\n   "value" :7\n}, {\n   "index" :"H",\n   "content" :"强烈同意",\n   "categoryId" :53,\n   "categoryName" :"情绪控制/稳定性",\n   "value" :8\n}, {\n   "index" :"I",\n   "content" :"非常强烈同意",\n   "categoryId" :53,\n   "categoryName" :"情绪控制/稳定性",\n   "value" :9\n}]', 1, NULL, NULL, NULL, NULL, 7),
	(135, '对事情做出安排时我会尽量考虑别人感受。', 0, '[{\n   "index" :"A",\n   "content" :"非常强烈地不同意",\n   "categoryId" :57,\n   "categoryName" :"社交技巧/适应力",\n   "value" :1\n}, {\n   "index" :"B",\n   "content" :"强烈不同意",\n   "categoryId" :57,\n   "categoryName" :"社交技巧/适应力",\n   "value" :2\n}, {\n   "index" :"C",\n   "content" :"不同意",\n   "categoryId" :57,\n   "categoryName" :"社交技巧/适应力",\n   "value" :3\n}, {\n   "index" :"D",\n   "content" :"轻微不同意",\n   "categoryId" :57,\n   "categoryName" :"社交技巧/适应力",\n   "value" :4\n}, {\n   "index" :"E",\n   "content" :"不确定",\n   "categoryId" :57,\n   "categoryName" :"社交技巧/适应力",\n   "value" :5\n}, {\n   "index" :"F",\n   "content" :"轻微同意",\n   "categoryId" :57,\n   "categoryName" :"社交技巧/适应力",\n   "value" :6\n}, {\n   "index" :"G",\n   "content" :"同意",\n   "categoryId" :57,\n   "categoryName" :"社交技巧/适应力",\n   "value" :7\n}, {\n   "index" :"H",\n   "content" :"强烈同意",\n   "categoryId" :57,\n   "categoryName" :"社交技巧/适应力",\n   "value" :8\n}, {\n   "index" :"I",\n   "content" :"非常强烈同意",\n   "categoryId" :57,\n   "categoryName" :"社交技巧/适应力",\n   "value" :9\n}]', 1, NULL, NULL, NULL, NULL, 7),
	(136, '别人很容易信任我。', 0, '[{\n   "index" :"A",\n   "content" :"非常强烈地不同意",\n   "categoryId" :58,\n   "categoryName" :"社交技巧/感染力",\n   "value" :1\n}, {\n   "index" :"B",\n   "content" :"强烈不同意",\n   "categoryId" :58,\n   "categoryName" :"社交技巧/感染力",\n   "value" :2\n}, {\n   "index" :"C",\n   "content" :"不同意",\n   "categoryId" :58,\n   "categoryName" :"社交技巧/感染力",\n   "value" :3\n}, {\n   "index" :"D",\n   "content" :"轻微不同意",\n   "categoryId" :58,\n   "categoryName" :"社交技巧/感染力",\n   "value" :4\n}, {\n   "index" :"E",\n   "content" :"不确定",\n   "categoryId" :58,\n   "categoryName" :"社交技巧/感染力",\n   "value" :5\n}, {\n   "index" :"F",\n   "content" :"轻微同意",\n   "categoryId" :58,\n   "categoryName" :"社交技巧/感染力",\n   "value" :6\n}, {\n   "index" :"G",\n   "content" :"同意",\n   "categoryId" :58,\n   "categoryName" :"社交技巧/感染力",\n   "value" :7\n}, {\n   "index" :"H",\n   "content" :"强烈同意",\n   "categoryId" :58,\n   "categoryName" :"社交技巧/感染力",\n   "value" :8\n}, {\n   "index" :"I",\n   "content" :"非常强烈同意",\n   "categoryId" :58,\n   "categoryName" :"社交技巧/感染力",\n   "value" :9\n}]', 1, NULL, NULL, NULL, NULL, 7),
	(137, '遇到困难时，我会想起曾经遇到困难时自己是如何解决的，从而减轻自己的焦虑。', 0, '[{\n   "index" :"A",\n   "content" :"非常强烈地不同意",\n   "categoryId" :59,\n   "categoryName" :"情绪利用/问题解决",\n   "value" :1\n}, {\n   "index" :"B",\n   "content" :"强烈不同意",\n   "categoryId" :59,\n   "categoryName" :"情绪利用/问题解决",\n   "value" :2\n}, {\n   "index" :"C",\n   "content" :"不同意",\n   "categoryId" :59,\n   "categoryName" :"情绪利用/问题解决",\n   "value" :3\n}, {\n   "index" :"D",\n   "content" :"轻微不同意",\n   "categoryId" :59,\n   "categoryName" :"情绪利用/问题解决",\n   "value" :4\n}, {\n   "index" :"E",\n   "content" :"不确定",\n   "categoryId" :59,\n   "categoryName" :"情绪利用/问题解决",\n   "value" :5\n}, {\n   "index" :"F",\n   "content" :"轻微同意",\n   "categoryId" :59,\n   "categoryName" :"情绪利用/问题解决",\n   "value" :6\n}, {\n   "index" :"G",\n   "content" :"同意",\n   "categoryId" :59,\n   "categoryName" :"情绪利用/问题解决",\n   "value" :7\n}, {\n   "index" :"H",\n   "content" :"强烈同意",\n   "categoryId" :59,\n   "categoryName" :"情绪利用/问题解决",\n   "value" :8\n}, {\n   "index" :"I",\n   "content" :"非常强烈同意",\n   "categoryId" :59,\n   "categoryName" :"情绪利用/问题解决",\n   "value" :9\n}]', 1, NULL, NULL, NULL, NULL, 7),
	(138, '我能清楚地察觉和意识到自己的情绪。', 0, '[{\n   "index" :"A",\n   "content" :"非常强烈地不同意",\n   "categoryId" :51,\n   "categoryName" :"情绪感知/自我情绪感知",\n   "value" :1\n}, {\n   "index" :"B",\n   "content" :"强烈不同意",\n   "categoryId" :51,\n   "categoryName" :"情绪感知/自我情绪感知",\n   "value" :2\n}, {\n   "index" :"C",\n   "content" :"不同意",\n   "categoryId" :51,\n   "categoryName" :"情绪感知/自我情绪感知",\n   "value" :3\n}, {\n   "index" :"D",\n   "content" :"轻微不同意",\n   "categoryId" :51,\n   "categoryName" :"情绪感知/自我情绪感知",\n   "value" :4\n}, {\n   "index" :"E",\n   "content" :"不确定",\n   "categoryId" :51,\n   "categoryName" :"情绪感知/自我情绪感知",\n   "value" :5\n}, {\n   "index" :"F",\n   "content" :"轻微同意",\n   "categoryId" :51,\n   "categoryName" :"情绪感知/自我情绪感知",\n   "value" :6\n}, {\n   "index" :"G",\n   "content" :"同意",\n   "categoryId" :51,\n   "categoryName" :"情绪感知/自我情绪感知",\n   "value" :7\n}, {\n   "index" :"H",\n   "content" :"强烈同意",\n   "categoryId" :51,\n   "categoryName" :"情绪感知/自我情绪感知",\n   "value" :8\n}, {\n   "index" :"I",\n   "content" :"非常强烈同意",\n   "categoryId" :51,\n   "categoryName" :"情绪感知/自我情绪感知",\n   "value" :9\n}]', 2, NULL, NULL, NULL, NULL, 7),
	(139, '周围没有人觉得我的脾气古怪。', 0, '[{\n   "index" :"A",\n   "content" :"非常强烈地不同意",\n   "categoryId" :53,\n   "categoryName" :"情绪控制/稳定性",\n   "value" :1\n}, {\n   "index" :"B",\n   "content" :"强烈不同意",\n   "categoryId" :53,\n   "categoryName" :"情绪控制/稳定性",\n   "value" :2\n}, {\n   "index" :"C",\n   "content" :"不同意",\n   "categoryId" :53,\n   "categoryName" :"情绪控制/稳定性",\n   "value" :3\n}, {\n   "index" :"D",\n   "content" :"轻微不同意",\n   "categoryId" :53,\n   "categoryName" :"情绪控制/稳定性",\n   "value" :4\n}, {\n   "index" :"E",\n   "content" :"不确定",\n   "categoryId" :53,\n   "categoryName" :"情绪控制/稳定性",\n   "value" :5\n}, {\n   "index" :"F",\n   "content" :"轻微同意",\n   "categoryId" :53,\n   "categoryName" :"情绪控制/稳定性",\n   "value" :6\n}, {\n   "index" :"G",\n   "content" :"同意",\n   "categoryId" :53,\n   "categoryName" :"情绪控制/稳定性",\n   "value" :7\n}, {\n   "index" :"H",\n   "content" :"强烈同意",\n   "categoryId" :53,\n   "categoryName" :"情绪控制/稳定性",\n   "value" :8\n}, {\n   "index" :"I",\n   "content" :"非常强烈同意",\n   "categoryId" :53,\n   "categoryName" :"情绪控制/稳定性",\n   "value" :9\n}]', 2, NULL, NULL, NULL, NULL, 7),
	(140, '就算我情绪不好，我也能控制情绪使之不影响工作。', 0, '[{\n   "index" :"A",\n   "content" :"非常强烈地不同意",\n   "categoryId" :54,\n   "categoryName" :"情绪控制/控制力",\n   "value" :1\n}, {\n   "index" :"B",\n   "content" :"强烈不同意",\n   "categoryId" :54,\n   "categoryName" :"情绪控制/控制力",\n   "value" :2\n}, {\n   "index" :"C",\n   "content" :"不同意",\n   "categoryId" :54,\n   "categoryName" :"情绪控制/控制力",\n   "value" :3\n}, {\n   "index" :"D",\n   "content" :"轻微不同意",\n   "categoryId" :54,\n   "categoryName" :"情绪控制/控制力",\n   "value" :4\n}, {\n   "index" :"E",\n   "content" :"不确定",\n   "categoryId" :54,\n   "categoryName" :"情绪控制/控制力",\n   "value" :5\n}, {\n   "index" :"F",\n   "content" :"轻微同意",\n   "categoryId" :54,\n   "categoryName" :"情绪控制/控制力",\n   "value" :6\n}, {\n   "index" :"G",\n   "content" :"同意",\n   "categoryId" :54,\n   "categoryName" :"情绪控制/控制力",\n   "value" :7\n}, {\n   "index" :"H",\n   "content" :"强烈同意",\n   "categoryId" :54,\n   "categoryName" :"情绪控制/控制力",\n   "value" :8\n}, {\n   "index" :"I",\n   "content" :"非常强烈同意",\n   "categoryId" :54,\n   "categoryName" :"情绪控制/控制力",\n   "value" :9\n}]', 2, NULL, NULL, NULL, NULL, 7),
	(141, '我会想象自己会干得出色，以此来激励自己。', 0, '[{\n   "index" :"A",\n   "content" :"非常强烈地不同意",\n   "categoryId" :55,\n   "categoryName" :"情绪控制/自我激励",\n   "value" :1\n}, {\n   "index" :"B",\n   "content" :"强烈不同意",\n   "categoryId" :55,\n   "categoryName" :"情绪控制/自我激励",\n   "value" :2\n}, {\n   "index" :"C",\n   "content" :"不同意",\n   "categoryId" :55,\n   "categoryName" :"情绪控制/自我激励",\n   "value" :3\n}, {\n   "index" :"D",\n   "content" :"轻微不同意",\n   "categoryId" :55,\n   "categoryName" :"情绪控制/自我激励",\n   "value" :4\n}, {\n   "index" :"E",\n   "content" :"不确定",\n   "categoryId" :55,\n   "categoryName" :"情绪控制/自我激励",\n   "value" :5\n}, {\n   "index" :"F",\n   "content" :"轻微同意",\n   "categoryId" :55,\n   "categoryName" :"情绪控制/自我激励",\n   "value" :6\n}, {\n   "index" :"G",\n   "content" :"同意",\n   "categoryId" :55,\n   "categoryName" :"情绪控制/自我激励",\n   "value" :7\n}, {\n   "index" :"H",\n   "content" :"强烈同意",\n   "categoryId" :55,\n   "categoryName" :"情绪控制/自我激励",\n   "value" :8\n}, {\n   "index" :"I",\n   "content" :"非常强烈同意",\n   "categoryId" :55,\n   "categoryName" :"情绪控制/自我激励",\n   "value" :9\n}]', 2, NULL, NULL, NULL, NULL, 7),
	(142, '我从来没有特别讨厌谁。', 1, '[{\n   "index" :"A",\n   "content" :"非常强烈地不同意",\n   "categoryId" :47,\n   "categoryName" :"",\n   "value" :1\n}, {\n   "index" :"B",\n   "content" :"强烈不同意",\n   "categoryId" :47,\n   "categoryName" :"",\n   "value" :2\n}, {\n   "index" :"C",\n   "content" :"不同意",\n   "categoryId" :47,\n   "categoryName" :"",\n   "value" :3\n}, {\n   "index" :"D",\n   "content" :"轻微不同意",\n   "categoryId" :47,\n   "categoryName" :"",\n   "value" :4\n}, {\n   "index" :"E",\n   "content" :"不确定",\n   "categoryId" :47,\n   "categoryName" :"",\n   "value" :5\n}, {\n   "index" :"F",\n   "content" :"轻微同意",\n   "categoryId" :47,\n   "categoryName" :"",\n   "value" :6\n}, {\n   "index" :"G",\n   "content" :"同意",\n   "categoryId" :47,\n   "categoryName" :"",\n   "value" :7\n}, {\n   "index" :"H",\n   "content" :"强烈同意",\n   "categoryId" :47,\n   "categoryName" :"",\n   "value" :8\n}, {\n   "index" :"I",\n   "content" :"非常强烈同意",\n   "categoryId" :47,\n   "categoryName" :"",\n   "value" :9\n}]', 2, NULL, NULL, NULL, NULL, 7),
	(143, '当我心情好时，解决问题比较容易，所以我会努力保持心情愉悦。', 0, '[{\n   "index" :"A",\n   "content" :"非常强烈地不同意",\n   "categoryId" :59,\n   "categoryName" :"情绪利用/问题解决",\n   "value" :1\n}, {\n   "index" :"B",\n   "content" :"强烈不同意",\n   "categoryId" :59,\n   "categoryName" :"情绪利用/问题解决",\n   "value" :2\n}, {\n   "index" :"C",\n   "content" :"不同意",\n   "categoryId" :59,\n   "categoryName" :"情绪利用/问题解决",\n   "value" :3\n}, {\n   "index" :"D",\n   "content" :"轻微不同意",\n   "categoryId" :59,\n   "categoryName" :"情绪利用/问题解决",\n   "value" :4\n}, {\n   "index" :"E",\n   "content" :"不确定",\n   "categoryId" :59,\n   "categoryName" :"情绪利用/问题解决",\n   "value" :5\n}, {\n   "index" :"F",\n   "content" :"轻微同意",\n   "categoryId" :59,\n   "categoryName" :"情绪利用/问题解决",\n   "value" :6\n}, {\n   "index" :"G",\n   "content" :"同意",\n   "categoryId" :59,\n   "categoryName" :"情绪利用/问题解决",\n   "value" :7\n}, {\n   "index" :"H",\n   "content" :"强烈同意",\n   "categoryId" :59,\n   "categoryName" :"情绪利用/问题解决",\n   "value" :8\n}, {\n   "index" :"I",\n   "content" :"非常强烈同意",\n   "categoryId" :59,\n   "categoryName" :"情绪利用/问题解决",\n   "value" :9\n}]', 2, NULL, NULL, NULL, NULL, 7),
	(144, '我很清楚自己表达出的非言语信息。', 0, '[{\n   "index" :"A",\n   "content" :"非常强烈地不同意",\n   "categoryId" :51,\n   "categoryName" :"情绪感知/自我情绪感知",\n   "value" :1\n}, {\n   "index" :"B",\n   "content" :"强烈不同意",\n   "categoryId" :51,\n   "categoryName" :"情绪感知/自我情绪感知",\n   "value" :2\n}, {\n   "index" :"C",\n   "content" :"不同意",\n   "categoryId" :51,\n   "categoryName" :"情绪感知/自我情绪感知",\n   "value" :3\n}, {\n   "index" :"D",\n   "content" :"轻微不同意",\n   "categoryId" :51,\n   "categoryName" :"情绪感知/自我情绪感知",\n   "value" :4\n}, {\n   "index" :"E",\n   "content" :"不确定",\n   "categoryId" :51,\n   "categoryName" :"情绪感知/自我情绪感知",\n   "value" :5\n}, {\n   "index" :"F",\n   "content" :"轻微同意",\n   "categoryId" :51,\n   "categoryName" :"情绪感知/自我情绪感知",\n   "value" :6\n}, {\n   "index" :"G",\n   "content" :"同意",\n   "categoryId" :51,\n   "categoryName" :"情绪感知/自我情绪感知",\n   "value" :7\n}, {\n   "index" :"H",\n   "content" :"强烈同意",\n   "categoryId" :51,\n   "categoryName" :"情绪感知/自我情绪感知",\n   "value" :8\n}, {\n   "index" :"I",\n   "content" :"非常强烈同意",\n   "categoryId" :51,\n   "categoryName" :"情绪感知/自我情绪感知",\n   "value" :9\n}]', 3, NULL, NULL, NULL, NULL, 7),
	(145, '当别人告诉我他们人生中的重大事情时，我会感同身受。', 0, '[{\n   "index" :"A",\n   "content" :"非常强烈地不同意",\n   "categoryId" :52,\n   "categoryName" :"情绪感知/他人情绪感知",\n   "value" :1\n}, {\n   "index" :"B",\n   "content" :"强烈不同意",\n   "categoryId" :52,\n   "categoryName" :"情绪感知/他人情绪感知",\n   "value" :2\n}, {\n   "index" :"C",\n   "content" :"不同意",\n   "categoryId" :52,\n   "categoryName" :"情绪感知/他人情绪感知",\n   "value" :3\n}, {\n   "index" :"D",\n   "content" :"轻微不同意",\n   "categoryId" :52,\n   "categoryName" :"情绪感知/他人情绪感知",\n   "value" :4\n}, {\n   "index" :"E",\n   "content" :"不确定",\n   "categoryId" :52,\n   "categoryName" :"情绪感知/他人情绪感知",\n   "value" :5\n}, {\n   "index" :"F",\n   "content" :"轻微同意",\n   "categoryId" :52,\n   "categoryName" :"情绪感知/他人情绪感知",\n   "value" :6\n}, {\n   "index" :"G",\n   "content" :"同意",\n   "categoryId" :52,\n   "categoryName" :"情绪感知/他人情绪感知",\n   "value" :7\n}, {\n   "index" :"H",\n   "content" :"强烈同意",\n   "categoryId" :52,\n   "categoryName" :"情绪感知/他人情绪感知",\n   "value" :8\n}, {\n   "index" :"I",\n   "content" :"非常强烈同意",\n   "categoryId" :52,\n   "categoryName" :"情绪感知/他人情绪感知",\n   "value" :9\n}]', 3, NULL, NULL, NULL, NULL, 7),
	(146, '参加大型活动，我也不会紧张。', 0, '[{\n   "index" :"A",\n   "content" :"非常强烈地不同意",\n   "categoryId" :53,\n   "categoryName" :"情绪控制/稳定性",\n   "value" :1\n}, {\n   "index" :"B",\n   "content" :"强烈不同意",\n   "categoryId" :53,\n   "categoryName" :"情绪控制/稳定性",\n   "value" :2\n}, {\n   "index" :"C",\n   "content" :"不同意",\n   "categoryId" :53,\n   "categoryName" :"情绪控制/稳定性",\n   "value" :3\n}, {\n   "index" :"D",\n   "content" :"轻微不同意",\n   "categoryId" :53,\n   "categoryName" :"情绪控制/稳定性",\n   "value" :4\n}, {\n   "index" :"E",\n   "content" :"不确定",\n   "categoryId" :53,\n   "categoryName" :"情绪控制/稳定性",\n   "value" :5\n}, {\n   "index" :"F",\n   "content" :"轻微同意",\n   "categoryId" :53,\n   "categoryName" :"情绪控制/稳定性",\n   "value" :6\n}, {\n   "index" :"G",\n   "content" :"同意",\n   "categoryId" :53,\n   "categoryName" :"情绪控制/稳定性",\n   "value" :7\n}, {\n   "index" :"H",\n   "content" :"强烈同意",\n   "categoryId" :53,\n   "categoryName" :"情绪控制/稳定性",\n   "value" :8\n}, {\n   "index" :"I",\n   "content" :"非常强烈同意",\n   "categoryId" :53,\n   "categoryName" :"情绪控制/稳定性",\n   "value" :9\n}]', 3, NULL, NULL, NULL, NULL, 7),
	(147, '在工作中，我从来没有表达过不恰当的情绪。', 1, '[{\n   "index" :"A",\n   "content" :"非常强烈地不同意",\n   "categoryId" :47,\n   "categoryName" :"",\n   "value" :1\n}, {\n   "index" :"B",\n   "content" :"强烈不同意",\n   "categoryId" :47,\n   "categoryName" :"",\n   "value" :2\n}, {\n   "index" :"C",\n   "content" :"不同意",\n   "categoryId" :47,\n   "categoryName" :"",\n   "value" :3\n}, {\n   "index" :"D",\n   "content" :"轻微不同意",\n   "categoryId" :47,\n   "categoryName" :"",\n   "value" :4\n}, {\n   "index" :"E",\n   "content" :"不确定",\n   "categoryId" :47,\n   "categoryName" :"",\n   "value" :5\n}, {\n   "index" :"F",\n   "content" :"轻微同意",\n   "categoryId" :47,\n   "categoryName" :"",\n   "value" :6\n}, {\n   "index" :"G",\n   "content" :"同意",\n   "categoryId" :47,\n   "categoryName" :"",\n   "value" :7\n}, {\n   "index" :"H",\n   "content" :"强烈同意",\n   "categoryId" :47,\n   "categoryName" :"",\n   "value" :8\n}, {\n   "index" :"I",\n   "content" :"非常强烈同意",\n   "categoryId" :47,\n   "categoryName" :"",\n   "value" :9\n}]', 3, NULL, NULL, NULL, NULL, 7),
	(148, '我善于通过对方的表情推测对方的态度，从而灵活改变自己的情绪态度。', 0, '[{\n   "index" :"A",\n   "content" :"非常强烈地不同意",\n   "categoryId" :57,\n   "categoryName" :"社交技巧/适应力",\n   "value" :1\n}, {\n   "index" :"B",\n   "content" :"强烈不同意",\n   "categoryId" :57,\n   "categoryName" :"社交技巧/适应力",\n   "value" :2\n}, {\n   "index" :"C",\n   "content" :"不同意",\n   "categoryId" :57,\n   "categoryName" :"社交技巧/适应力",\n   "value" :3\n}, {\n   "index" :"D",\n   "content" :"轻微不同意",\n   "categoryId" :57,\n   "categoryName" :"社交技巧/适应力",\n   "value" :4\n}, {\n   "index" :"E",\n   "content" :"不确定",\n   "categoryId" :57,\n   "categoryName" :"社交技巧/适应力",\n   "value" :5\n}, {\n   "index" :"F",\n   "content" :"轻微同意",\n   "categoryId" :57,\n   "categoryName" :"社交技巧/适应力",\n   "value" :6\n}, {\n   "index" :"G",\n   "content" :"同意",\n   "categoryId" :57,\n   "categoryName" :"社交技巧/适应力",\n   "value" :7\n}, {\n   "index" :"H",\n   "content" :"强烈同意",\n   "categoryId" :57,\n   "categoryName" :"社交技巧/适应力",\n   "value" :8\n}, {\n   "index" :"I",\n   "content" :"非常强烈同意",\n   "categoryId" :57,\n   "categoryName" :"社交技巧/适应力",\n   "value" :9\n}]', 3, NULL, NULL, NULL, NULL, 7),
	(149, '我从来没有跟父母冲突过。', 1, '[{\n   "index" :"A",\n   "content" :"非常强烈地不同意",\n   "categoryId" :47,\n   "categoryName" :"",\n   "value" :1\n}, {\n   "index" :"B",\n   "content" :"强烈不同意",\n   "categoryId" :47,\n   "categoryName" :"",\n   "value" :2\n}, {\n   "index" :"C",\n   "content" :"不同意",\n   "categoryId" :47,\n   "categoryName" :"",\n   "value" :3\n}, {\n   "index" :"D",\n   "content" :"轻微不同意",\n   "categoryId" :47,\n   "categoryName" :"",\n   "value" :4\n}, {\n   "index" :"E",\n   "content" :"不确定",\n   "categoryId" :47,\n   "categoryName" :"",\n   "value" :5\n}, {\n   "index" :"F",\n   "content" :"轻微同意",\n   "categoryId" :47,\n   "categoryName" :"",\n   "value" :6\n}, {\n   "index" :"G",\n   "content" :"同意",\n   "categoryId" :47,\n   "categoryName" :"",\n   "value" :7\n}, {\n   "index" :"H",\n   "content" :"强烈同意",\n   "categoryId" :47,\n   "categoryName" :"",\n   "value" :8\n}, {\n   "index" :"I",\n   "content" :"非常强烈同意",\n   "categoryId" :47,\n   "categoryName" :"",\n   "value" :9\n}]', 3, NULL, NULL, NULL, NULL, 7),
	(150, '我能清楚意识到伴随情绪的生理反应。', 0, '[{\n   "index" :"A",\n   "content" :"非常强烈地不同意",\n   "categoryId" :51,\n   "categoryName" :"情绪感知/自我情绪感知",\n   "value" :1\n}, {\n   "index" :"B",\n   "content" :"强烈不同意",\n   "categoryId" :51,\n   "categoryName" :"情绪感知/自我情绪感知",\n   "value" :2\n}, {\n   "index" :"C",\n   "content" :"不同意",\n   "categoryId" :51,\n   "categoryName" :"情绪感知/自我情绪感知",\n   "value" :3\n}, {\n   "index" :"D",\n   "content" :"轻微不同意",\n   "categoryId" :51,\n   "categoryName" :"情绪感知/自我情绪感知",\n   "value" :4\n}, {\n   "index" :"E",\n   "content" :"不确定",\n   "categoryId" :51,\n   "categoryName" :"情绪感知/自我情绪感知",\n   "value" :5\n}, {\n   "index" :"F",\n   "content" :"轻微同意",\n   "categoryId" :51,\n   "categoryName" :"情绪感知/自我情绪感知",\n   "value" :6\n}, {\n   "index" :"G",\n   "content" :"同意",\n   "categoryId" :51,\n   "categoryName" :"情绪感知/自我情绪感知",\n   "value" :7\n}, {\n   "index" :"H",\n   "content" :"强烈同意",\n   "categoryId" :51,\n   "categoryName" :"情绪感知/自我情绪感知",\n   "value" :8\n}, {\n   "index" :"I",\n   "content" :"非常强烈同意",\n   "categoryId" :51,\n   "categoryName" :"情绪感知/自我情绪感知",\n   "value" :9\n}]', 4, NULL, NULL, NULL, NULL, 7),
	(151, '我很容易就能察觉别人的情绪。', 0, '[{\n   "index" :"A",\n   "content" :"非常强烈地不同意",\n   "categoryId" :52,\n   "categoryName" :"情绪感知/他人情绪感知",\n   "value" :1\n}, {\n   "index" :"B",\n   "content" :"强烈不同意",\n   "categoryId" :52,\n   "categoryName" :"情绪感知/他人情绪感知",\n   "value" :2\n}, {\n   "index" :"C",\n   "content" :"不同意",\n   "categoryId" :52,\n   "categoryName" :"情绪感知/他人情绪感知",\n   "value" :3\n}, {\n   "index" :"D",\n   "content" :"轻微不同意",\n   "categoryId" :52,\n   "categoryName" :"情绪感知/他人情绪感知",\n   "value" :4\n}, {\n   "index" :"E",\n   "content" :"不确定",\n   "categoryId" :52,\n   "categoryName" :"情绪感知/他人情绪感知",\n   "value" :5\n}, {\n   "index" :"F",\n   "content" :"轻微同意",\n   "categoryId" :52,\n   "categoryName" :"情绪感知/他人情绪感知",\n   "value" :6\n}, {\n   "index" :"G",\n   "content" :"同意",\n   "categoryId" :52,\n   "categoryName" :"情绪感知/他人情绪感知",\n   "value" :7\n}, {\n   "index" :"H",\n   "content" :"强烈同意",\n   "categoryId" :52,\n   "categoryName" :"情绪感知/他人情绪感知",\n   "value" :8\n}, {\n   "index" :"I",\n   "content" :"非常强烈同意",\n   "categoryId" :52,\n   "categoryName" :"情绪感知/他人情绪感知",\n   "value" :9\n}]', 4, NULL, NULL, NULL, NULL, 7),
	(152, '朋友们都觉得我是一个沉着冷静的人。', 0, '[{\n   "index" :"A",\n   "content" :"非常强烈地不同意",\n   "categoryId" :53,\n   "categoryName" :"情绪控制/稳定性",\n   "value" :1\n}, {\n   "index" :"B",\n   "content" :"强烈不同意",\n   "categoryId" :53,\n   "categoryName" :"情绪控制/稳定性",\n   "value" :2\n}, {\n   "index" :"C",\n   "content" :"不同意",\n   "categoryId" :53,\n   "categoryName" :"情绪控制/稳定性",\n   "value" :3\n}, {\n   "index" :"D",\n   "content" :"轻微不同意",\n   "categoryId" :53,\n   "categoryName" :"情绪控制/稳定性",\n   "value" :4\n}, {\n   "index" :"E",\n   "content" :"不确定",\n   "categoryId" :53,\n   "categoryName" :"情绪控制/稳定性",\n   "value" :5\n}, {\n   "index" :"F",\n   "content" :"轻微同意",\n   "categoryId" :53,\n   "categoryName" :"情绪控制/稳定性",\n   "value" :6\n}, {\n   "index" :"G",\n   "content" :"同意",\n   "categoryId" :53,\n   "categoryName" :"情绪控制/稳定性",\n   "value" :7\n}, {\n   "index" :"H",\n   "content" :"强烈同意",\n   "categoryId" :53,\n   "categoryName" :"情绪控制/稳定性",\n   "value" :8\n}, {\n   "index" :"I",\n   "content" :"非常强烈同意",\n   "categoryId" :53,\n   "categoryName" :"情绪控制/稳定性",\n   "value" :9\n}]', 4, NULL, NULL, NULL, NULL, 7),
	(153, '如果发现自己的情绪低落，会自己说服自己，重整情绪。', 0, '[{\n   "index" :"A",\n   "content" :"非常强烈地不同意",\n   "categoryId" :55,\n   "categoryName" :"情绪控制/自我激励",\n   "value" :1\n}, {\n   "index" :"B",\n   "content" :"强烈不同意",\n   "categoryId" :55,\n   "categoryName" :"情绪控制/自我激励",\n   "value" :2\n}, {\n   "index" :"C",\n   "content" :"不同意",\n   "categoryId" :55,\n   "categoryName" :"情绪控制/自我激励",\n   "value" :3\n}, {\n   "index" :"D",\n   "content" :"轻微不同意",\n   "categoryId" :55,\n   "categoryName" :"情绪控制/自我激励",\n   "value" :4\n}, {\n   "index" :"E",\n   "content" :"不确定",\n   "categoryId" :55,\n   "categoryName" :"情绪控制/自我激励",\n   "value" :5\n}, {\n   "index" :"F",\n   "content" :"轻微同意",\n   "categoryId" :55,\n   "categoryName" :"情绪控制/自我激励",\n   "value" :6\n}, {\n   "index" :"G",\n   "content" :"同意",\n   "categoryId" :55,\n   "categoryName" :"情绪控制/自我激励",\n   "value" :7\n}, {\n   "index" :"H",\n   "content" :"强烈同意",\n   "categoryId" :55,\n   "categoryName" :"情绪控制/自我激励",\n   "value" :8\n}, {\n   "index" :"I",\n   "content" :"非常强烈同意",\n   "categoryId" :55,\n   "categoryName" :"情绪控制/自我激励",\n   "value" :9\n}]', 4, NULL, NULL, NULL, NULL, 7),
	(154, '我很善于讲笑话。', 0, '[{\n   "index" :"A",\n   "content" :"非常强烈地不同意",\n   "categoryId" :58,\n   "categoryName" :"社交技巧/感染力",\n   "value" :1\n}, {\n   "index" :"B",\n   "content" :"强烈不同意",\n   "categoryId" :58,\n   "categoryName" :"社交技巧/感染力",\n   "value" :2\n}, {\n   "index" :"C",\n   "content" :"不同意",\n   "categoryId" :58,\n   "categoryName" :"社交技巧/感染力",\n   "value" :3\n}, {\n   "index" :"D",\n   "content" :"轻微不同意",\n   "categoryId" :58,\n   "categoryName" :"社交技巧/感染力",\n   "value" :4\n}, {\n   "index" :"E",\n   "content" :"不确定",\n   "categoryId" :58,\n   "categoryName" :"社交技巧/感染力",\n   "value" :5\n}, {\n   "index" :"F",\n   "content" :"轻微同意",\n   "categoryId" :58,\n   "categoryName" :"社交技巧/感染力",\n   "value" :6\n}, {\n   "index" :"G",\n   "content" :"同意",\n   "categoryId" :58,\n   "categoryName" :"社交技巧/感染力",\n   "value" :7\n}, {\n   "index" :"H",\n   "content" :"强烈同意",\n   "categoryId" :58,\n   "categoryName" :"社交技巧/感染力",\n   "value" :8\n}, {\n   "index" :"I",\n   "content" :"非常强烈同意",\n   "categoryId" :58,\n   "categoryName" :"社交技巧/感染力",\n   "value" :9\n}]', 4, NULL, NULL, NULL, NULL, 7),
	(155, '面对挑战时，我不会因为害怕失败而放弃。', 0, '[{\n   "index" :"A",\n   "content" :"非常强烈地不同意",\n   "categoryId" :59,\n   "categoryName" :"情绪利用/问题解决",\n   "value" :1\n}, {\n   "index" :"B",\n   "content" :"强烈不同意",\n   "categoryId" :59,\n   "categoryName" :"情绪利用/问题解决",\n   "value" :2\n}, {\n   "index" :"C",\n   "content" :"不同意",\n   "categoryId" :59,\n   "categoryName" :"情绪利用/问题解决",\n   "value" :3\n}, {\n   "index" :"D",\n   "content" :"轻微不同意",\n   "categoryId" :59,\n   "categoryName" :"情绪利用/问题解决",\n   "value" :4\n}, {\n   "index" :"E",\n   "content" :"不确定",\n   "categoryId" :59,\n   "categoryName" :"情绪利用/问题解决",\n   "value" :5\n}, {\n   "index" :"F",\n   "content" :"轻微同意",\n   "categoryId" :59,\n   "categoryName" :"情绪利用/问题解决",\n   "value" :6\n}, {\n   "index" :"G",\n   "content" :"同意",\n   "categoryId" :59,\n   "categoryName" :"情绪利用/问题解决",\n   "value" :7\n}, {\n   "index" :"H",\n   "content" :"强烈同意",\n   "categoryId" :59,\n   "categoryName" :"情绪利用/问题解决",\n   "value" :8\n}, {\n   "index" :"I",\n   "content" :"非常强烈同意",\n   "categoryId" :59,\n   "categoryName" :"情绪利用/问题解决",\n   "value" :9\n}]', 4, NULL, NULL, NULL, NULL, 7),
	(156, '我能根据其他人对我的态度来判断自己传达出的情绪。', 0, '[{\n   "index" :"A",\n   "content" :"非常强烈地不同意",\n   "categoryId" :51,\n   "categoryName" :"情绪感知/自我情绪感知",\n   "value" :1\n}, {\n   "index" :"B",\n   "content" :"强烈不同意",\n   "categoryId" :51,\n   "categoryName" :"情绪感知/自我情绪感知",\n   "value" :2\n}, {\n   "index" :"C",\n   "content" :"不同意",\n   "categoryId" :51,\n   "categoryName" :"情绪感知/自我情绪感知",\n   "value" :3\n}, {\n   "index" :"D",\n   "content" :"轻微不同意",\n   "categoryId" :51,\n   "categoryName" :"情绪感知/自我情绪感知",\n   "value" :4\n}, {\n   "index" :"E",\n   "content" :"不确定",\n   "categoryId" :51,\n   "categoryName" :"情绪感知/自我情绪感知",\n   "value" :5\n}, {\n   "index" :"F",\n   "content" :"轻微同意",\n   "categoryId" :51,\n   "categoryName" :"情绪感知/自我情绪感知",\n   "value" :6\n}, {\n   "index" :"G",\n   "content" :"同意",\n   "categoryId" :51,\n   "categoryName" :"情绪感知/自我情绪感知",\n   "value" :7\n}, {\n   "index" :"H",\n   "content" :"强烈同意",\n   "categoryId" :51,\n   "categoryName" :"情绪感知/自我情绪感知",\n   "value" :8\n}, {\n   "index" :"I",\n   "content" :"非常强烈同意",\n   "categoryId" :51,\n   "categoryName" :"情绪感知/自我情绪感知",\n   "value" :9\n}]', 5, NULL, NULL, NULL, NULL, 7),
	(157, '我能够通过别人的语调判断此人当时的情绪。', 0, '[{\n   "index" :"A",\n   "content" :"非常强烈地不同意",\n   "categoryId" :52,\n   "categoryName" :"情绪感知/他人情绪感知",\n   "value" :1\n}, {\n   "index" :"B",\n   "content" :"强烈不同意",\n   "categoryId" :52,\n   "categoryName" :"情绪感知/他人情绪感知",\n   "value" :2\n}, {\n   "index" :"C",\n   "content" :"不同意",\n   "categoryId" :52,\n   "categoryName" :"情绪感知/他人情绪感知",\n   "value" :3\n}, {\n   "index" :"D",\n   "content" :"轻微不同意",\n   "categoryId" :52,\n   "categoryName" :"情绪感知/他人情绪感知",\n   "value" :4\n}, {\n   "index" :"E",\n   "content" :"不确定",\n   "categoryId" :52,\n   "categoryName" :"情绪感知/他人情绪感知",\n   "value" :5\n}, {\n   "index" :"F",\n   "content" :"轻微同意",\n   "categoryId" :52,\n   "categoryName" :"情绪感知/他人情绪感知",\n   "value" :6\n}, {\n   "index" :"G",\n   "content" :"同意",\n   "categoryId" :52,\n   "categoryName" :"情绪感知/他人情绪感知",\n   "value" :7\n}, {\n   "index" :"H",\n   "content" :"强烈同意",\n   "categoryId" :52,\n   "categoryName" :"情绪感知/他人情绪感知",\n   "value" :8\n}, {\n   "index" :"I",\n   "content" :"非常强烈同意",\n   "categoryId" :52,\n   "categoryName" :"情绪感知/他人情绪感知",\n   "value" :9\n}]', 5, NULL, NULL, NULL, NULL, 7),
	(158, '在面对挑战时，我总能调整好自己的情绪。', 0, '[{\n   "index" :"A",\n   "content" :"非常强烈地不同意",\n   "categoryId" :54,\n   "categoryName" :"情绪控制/控制力",\n   "value" :1\n}, {\n   "index" :"B",\n   "content" :"强烈不同意",\n   "categoryId" :54,\n   "categoryName" :"情绪控制/控制力",\n   "value" :2\n}, {\n   "index" :"C",\n   "content" :"不同意",\n   "categoryId" :54,\n   "categoryName" :"情绪控制/控制力",\n   "value" :3\n}, {\n   "index" :"D",\n   "content" :"轻微不同意",\n   "categoryId" :54,\n   "categoryName" :"情绪控制/控制力",\n   "value" :4\n}, {\n   "index" :"E",\n   "content" :"不确定",\n   "categoryId" :54,\n   "categoryName" :"情绪控制/控制力",\n   "value" :5\n}, {\n   "index" :"F",\n   "content" :"轻微同意",\n   "categoryId" :54,\n   "categoryName" :"情绪控制/控制力",\n   "value" :6\n}, {\n   "index" :"G",\n   "content" :"同意",\n   "categoryId" :54,\n   "categoryName" :"情绪控制/控制力",\n   "value" :7\n}, {\n   "index" :"H",\n   "content" :"强烈同意",\n   "categoryId" :54,\n   "categoryName" :"情绪控制/控制力",\n   "value" :8\n}, {\n   "index" :"I",\n   "content" :"非常强烈同意",\n   "categoryId" :54,\n   "categoryName" :"情绪控制/控制力",\n   "value" :9\n}]', 5, NULL, NULL, NULL, NULL, 7),
	(159, '大家都觉得我很随和。', 0, '[{\n   "index" :"A",\n   "content" :"非常强烈地不同意",\n   "categoryId" :53,\n   "categoryName" :"情绪控制/稳定性",\n   "value" :1\n}, {\n   "index" :"B",\n   "content" :"强烈不同意",\n   "categoryId" :53,\n   "categoryName" :"情绪控制/稳定性",\n   "value" :2\n}, {\n   "index" :"C",\n   "content" :"不同意",\n   "categoryId" :53,\n   "categoryName" :"情绪控制/稳定性",\n   "value" :3\n}, {\n   "index" :"D",\n   "content" :"轻微不同意",\n   "categoryId" :53,\n   "categoryName" :"情绪控制/稳定性",\n   "value" :4\n}, {\n   "index" :"E",\n   "content" :"不确定",\n   "categoryId" :53,\n   "categoryName" :"情绪控制/稳定性",\n   "value" :5\n}, {\n   "index" :"F",\n   "content" :"轻微同意",\n   "categoryId" :53,\n   "categoryName" :"情绪控制/稳定性",\n   "value" :6\n}, {\n   "index" :"G",\n   "content" :"同意",\n   "categoryId" :53,\n   "categoryName" :"情绪控制/稳定性",\n   "value" :7\n}, {\n   "index" :"H",\n   "content" :"强烈同意",\n   "categoryId" :53,\n   "categoryName" :"情绪控制/稳定性",\n   "value" :8\n}, {\n   "index" :"I",\n   "content" :"非常强烈同意",\n   "categoryId" :53,\n   "categoryName" :"情绪控制/稳定性",\n   "value" :9\n}]', 5, NULL, NULL, NULL, NULL, 7),
	(160, '我的演讲，很容易调动观众的情绪。', 0, '[{\n   "index" :"A",\n   "content" :"非常强烈地不同意",\n   "categoryId" :58,\n   "categoryName" :"社交技巧/感染力",\n   "value" :1\n}, {\n   "index" :"B",\n   "content" :"强烈不同意",\n   "categoryId" :58,\n   "categoryName" :"社交技巧/感染力",\n   "value" :2\n}, {\n   "index" :"C",\n   "content" :"不同意",\n   "categoryId" :58,\n   "categoryName" :"社交技巧/感染力",\n   "value" :3\n}, {\n   "index" :"D",\n   "content" :"轻微不同意",\n   "categoryId" :58,\n   "categoryName" :"社交技巧/感染力",\n   "value" :4\n}, {\n   "index" :"E",\n   "content" :"不确定",\n   "categoryId" :58,\n   "categoryName" :"社交技巧/感染力",\n   "value" :5\n}, {\n   "index" :"F",\n   "content" :"轻微同意",\n   "categoryId" :58,\n   "categoryName" :"社交技巧/感染力",\n   "value" :6\n}, {\n   "index" :"G",\n   "content" :"同意",\n   "categoryId" :58,\n   "categoryName" :"社交技巧/感染力",\n   "value" :7\n}, {\n   "index" :"H",\n   "content" :"强烈同意",\n   "categoryId" :58,\n   "categoryName" :"社交技巧/感染力",\n   "value" :8\n}, {\n   "index" :"I",\n   "content" :"非常强烈同意",\n   "categoryId" :58,\n   "categoryName" :"社交技巧/感染力",\n   "value" :9\n}]', 5, NULL, NULL, NULL, NULL, 7),
	(161, '我经常会想象有好的事情会发生。', 0, '[{\n   "index" :"A",\n   "content" :"非常强烈地不同意",\n   "categoryId" :59,\n   "categoryName" :"情绪利用/问题解决",\n   "value" :1\n}, {\n   "index" :"B",\n   "content" :"强烈不同意",\n   "categoryId" :59,\n   "categoryName" :"情绪利用/问题解决",\n   "value" :2\n}, {\n   "index" :"C",\n   "content" :"不同意",\n   "categoryId" :59,\n   "categoryName" :"情绪利用/问题解决",\n   "value" :3\n}, {\n   "index" :"D",\n   "content" :"轻微不同意",\n   "categoryId" :59,\n   "categoryName" :"情绪利用/问题解决",\n   "value" :4\n}, {\n   "index" :"E",\n   "content" :"不确定",\n   "categoryId" :59,\n   "categoryName" :"情绪利用/问题解决",\n   "value" :5\n}, {\n   "index" :"F",\n   "content" :"轻微同意",\n   "categoryId" :59,\n   "categoryName" :"情绪利用/问题解决",\n   "value" :6\n}, {\n   "index" :"G",\n   "content" :"同意",\n   "categoryId" :59,\n   "categoryName" :"情绪利用/问题解决",\n   "value" :7\n}, {\n   "index" :"H",\n   "content" :"强烈同意",\n   "categoryId" :59,\n   "categoryName" :"情绪利用/问题解决",\n   "value" :8\n}, {\n   "index" :"I",\n   "content" :"非常强烈同意",\n   "categoryId" :59,\n   "categoryName" :"情绪利用/问题解决",\n   "value" :9\n}]', 5, NULL, NULL, NULL, NULL, 7),
	(162, '我可以根据别人的情绪来调整出合适的情绪来应对。', 0, '[{\n   "index" :"A",\n   "content" :"非常强烈地不同意",\n   "categoryId" :51,\n   "categoryName" :"情绪感知/自我情绪感知",\n   "value" :1\n}, {\n   "index" :"B",\n   "content" :"强烈不同意",\n   "categoryId" :51,\n   "categoryName" :"情绪感知/自我情绪感知",\n   "value" :2\n}, {\n   "index" :"C",\n   "content" :"不同意",\n   "categoryId" :51,\n   "categoryName" :"情绪感知/自我情绪感知",\n   "value" :3\n}, {\n   "index" :"D",\n   "content" :"轻微不同意",\n   "categoryId" :51,\n   "categoryName" :"情绪感知/自我情绪感知",\n   "value" :4\n}, {\n   "index" :"E",\n   "content" :"不确定",\n   "categoryId" :51,\n   "categoryName" :"情绪感知/自我情绪感知",\n   "value" :5\n}, {\n   "index" :"F",\n   "content" :"轻微同意",\n   "categoryId" :51,\n   "categoryName" :"情绪感知/自我情绪感知",\n   "value" :6\n}, {\n   "index" :"G",\n   "content" :"同意",\n   "categoryId" :51,\n   "categoryName" :"情绪感知/自我情绪感知",\n   "value" :7\n}, {\n   "index" :"H",\n   "content" :"强烈同意",\n   "categoryId" :51,\n   "categoryName" :"情绪感知/自我情绪感知",\n   "value" :8\n}, {\n   "index" :"I",\n   "content" :"非常强烈同意",\n   "categoryId" :51,\n   "categoryName" :"情绪感知/自我情绪感知",\n   "value" :9\n}]', 6, NULL, NULL, NULL, NULL, 7),
	(163, '就算内心有很大的愤怒，我也可以理智对待发生的事情。', 0, '[{\n   "index" :"A",\n   "content" :"非常强烈地不同意",\n   "categoryId" :53,\n   "categoryName" :"情绪控制/稳定性",\n   "value" :1\n}, {\n   "index" :"B",\n   "content" :"强烈不同意",\n   "categoryId" :53,\n   "categoryName" :"情绪控制/稳定性",\n   "value" :2\n}, {\n   "index" :"C",\n   "content" :"不同意",\n   "categoryId" :53,\n   "categoryName" :"情绪控制/稳定性",\n   "value" :3\n}, {\n   "index" :"D",\n   "content" :"轻微不同意",\n   "categoryId" :53,\n   "categoryName" :"情绪控制/稳定性",\n   "value" :4\n}, {\n   "index" :"E",\n   "content" :"不确定",\n   "categoryId" :53,\n   "categoryName" :"情绪控制/稳定性",\n   "value" :5\n}, {\n   "index" :"F",\n   "content" :"轻微同意",\n   "categoryId" :53,\n   "categoryName" :"情绪控制/稳定性",\n   "value" :6\n}, {\n   "index" :"G",\n   "content" :"同意",\n   "categoryId" :53,\n   "categoryName" :"情绪控制/稳定性",\n   "value" :7\n}, {\n   "index" :"H",\n   "content" :"强烈同意",\n   "categoryId" :53,\n   "categoryName" :"情绪控制/稳定性",\n   "value" :8\n}, {\n   "index" :"I",\n   "content" :"非常强烈同意",\n   "categoryId" :53,\n   "categoryName" :"情绪控制/稳定性",\n   "value" :9\n}]', 6, NULL, NULL, NULL, NULL, 7),
	(164, '在追随既定目标时，我总能不鞭策断自己。', 0, '[{\n   "index" :"A",\n   "content" :"非常强烈地不同意",\n   "categoryId" :55,\n   "categoryName" :"情绪控制/自我激励",\n   "value" :1\n}, {\n   "index" :"B",\n   "content" :"强烈不同意",\n   "categoryId" :55,\n   "categoryName" :"情绪控制/自我激励",\n   "value" :2\n}, {\n   "index" :"C",\n   "content" :"不同意",\n   "categoryId" :55,\n   "categoryName" :"情绪控制/自我激励",\n   "value" :3\n}, {\n   "index" :"D",\n   "content" :"轻微不同意",\n   "categoryId" :55,\n   "categoryName" :"情绪控制/自我激励",\n   "value" :4\n}, {\n   "index" :"E",\n   "content" :"不确定",\n   "categoryId" :55,\n   "categoryName" :"情绪控制/自我激励",\n   "value" :5\n}, {\n   "index" :"F",\n   "content" :"轻微同意",\n   "categoryId" :55,\n   "categoryName" :"情绪控制/自我激励",\n   "value" :6\n}, {\n   "index" :"G",\n   "content" :"同意",\n   "categoryId" :55,\n   "categoryName" :"情绪控制/自我激励",\n   "value" :7\n}, {\n   "index" :"H",\n   "content" :"强烈同意",\n   "categoryId" :55,\n   "categoryName" :"情绪控制/自我激励",\n   "value" :8\n}, {\n   "index" :"I",\n   "content" :"非常强烈同意",\n   "categoryId" :55,\n   "categoryName" :"情绪控制/自我激励",\n   "value" :9\n}]', 6, NULL, NULL, NULL, NULL, 7),
	(165, '我表达出的情绪别人很容易接受。', 0, '[{\n   "index" :"A",\n   "content" :"非常强烈地不同意",\n   "categoryId" :56,\n   "categoryName" :"社交技巧/表达",\n   "value" :1\n}, {\n   "index" :"B",\n   "content" :"强烈不同意",\n   "categoryId" :56,\n   "categoryName" :"社交技巧/表达",\n   "value" :2\n}, {\n   "index" :"C",\n   "content" :"不同意",\n   "categoryId" :56,\n   "categoryName" :"社交技巧/表达",\n   "value" :3\n}, {\n   "index" :"D",\n   "content" :"轻微不同意",\n   "categoryId" :56,\n   "categoryName" :"社交技巧/表达",\n   "value" :4\n}, {\n   "index" :"E",\n   "content" :"不确定",\n   "categoryId" :56,\n   "categoryName" :"社交技巧/表达",\n   "value" :5\n}, {\n   "index" :"F",\n   "content" :"轻微同意",\n   "categoryId" :56,\n   "categoryName" :"社交技巧/表达",\n   "value" :6\n}, {\n   "index" :"G",\n   "content" :"同意",\n   "categoryId" :56,\n   "categoryName" :"社交技巧/表达",\n   "value" :7\n}, {\n   "index" :"H",\n   "content" :"强烈同意",\n   "categoryId" :56,\n   "categoryName" :"社交技巧/表达",\n   "value" :8\n}, {\n   "index" :"I",\n   "content" :"非常强烈同意",\n   "categoryId" :56,\n   "categoryName" :"社交技巧/表达",\n   "value" :9\n}]', 6, NULL, NULL, NULL, NULL, 7),
	(166, '我善于应对别人糟糕的情绪。', 0, '[{\n   "index" :"A",\n   "content" :"非常强烈地不同意",\n   "categoryId" :57,\n   "categoryName" :"社交技巧/适应力",\n   "value" :1\n}, {\n   "index" :"B",\n   "content" :"强烈不同意",\n   "categoryId" :57,\n   "categoryName" :"社交技巧/适应力",\n   "value" :2\n}, {\n   "index" :"C",\n   "content" :"不同意",\n   "categoryId" :57,\n   "categoryName" :"社交技巧/适应力",\n   "value" :3\n}, {\n   "index" :"D",\n   "content" :"轻微不同意",\n   "categoryId" :57,\n   "categoryName" :"社交技巧/适应力",\n   "value" :4\n}, {\n   "index" :"E",\n   "content" :"不确定",\n   "categoryId" :57,\n   "categoryName" :"社交技巧/适应力",\n   "value" :5\n}, {\n   "index" :"F",\n   "content" :"轻微同意",\n   "categoryId" :57,\n   "categoryName" :"社交技巧/适应力",\n   "value" :6\n}, {\n   "index" :"G",\n   "content" :"同意",\n   "categoryId" :57,\n   "categoryName" :"社交技巧/适应力",\n   "value" :7\n}, {\n   "index" :"H",\n   "content" :"强烈同意",\n   "categoryId" :57,\n   "categoryName" :"社交技巧/适应力",\n   "value" :8\n}, {\n   "index" :"I",\n   "content" :"非常强烈同意",\n   "categoryId" :57,\n   "categoryName" :"社交技巧/适应力",\n   "value" :9\n}]', 6, NULL, NULL, NULL, NULL, 7),
	(167, '如果我兴趣低落，那么我会先调整好情绪再开始工作。', 0, '[{\n   "index" :"A",\n   "content" :"非常强烈地不同意",\n   "categoryId" :59,\n   "categoryName" :"情绪利用/问题解决",\n   "value" :1\n}, {\n   "index" :"B",\n   "content" :"强烈不同意",\n   "categoryId" :59,\n   "categoryName" :"情绪利用/问题解决",\n   "value" :2\n}, {\n   "index" :"C",\n   "content" :"不同意",\n   "categoryId" :59,\n   "categoryName" :"情绪利用/问题解决",\n   "value" :3\n}, {\n   "index" :"D",\n   "content" :"轻微不同意",\n   "categoryId" :59,\n   "categoryName" :"情绪利用/问题解决",\n   "value" :4\n}, {\n   "index" :"E",\n   "content" :"不确定",\n   "categoryId" :59,\n   "categoryName" :"情绪利用/问题解决",\n   "value" :5\n}, {\n   "index" :"F",\n   "content" :"轻微同意",\n   "categoryId" :59,\n   "categoryName" :"情绪利用/问题解决",\n   "value" :6\n}, {\n   "index" :"G",\n   "content" :"同意",\n   "categoryId" :59,\n   "categoryName" :"情绪利用/问题解决",\n   "value" :7\n}, {\n   "index" :"H",\n   "content" :"强烈同意",\n   "categoryId" :59,\n   "categoryName" :"情绪利用/问题解决",\n   "value" :8\n}, {\n   "index" :"I",\n   "content" :"非常强烈同意",\n   "categoryId" :59,\n   "categoryName" :"情绪利用/问题解决",\n   "value" :9\n}]', 6, NULL, NULL, NULL, NULL, 7),
	(168, '我从不感情用事。', 1, '[{\n   "index" :"A",\n   "content" :"非常强烈地不同意",\n   "categoryId" :47,\n   "categoryName" :"",\n   "value" :1\n}, {\n   "index" :"B",\n   "content" :"强烈不同意",\n   "categoryId" :47,\n   "categoryName" :"",\n   "value" :2\n}, {\n   "index" :"C",\n   "content" :"不同意",\n   "categoryId" :47,\n   "categoryName" :"",\n   "value" :3\n}, {\n   "index" :"D",\n   "content" :"轻微不同意",\n   "categoryId" :47,\n   "categoryName" :"",\n   "value" :4\n}, {\n   "index" :"E",\n   "content" :"不确定",\n   "categoryId" :47,\n   "categoryName" :"",\n   "value" :5\n}, {\n   "index" :"F",\n   "content" :"轻微同意",\n   "categoryId" :47,\n   "categoryName" :"",\n   "value" :6\n}, {\n   "index" :"G",\n   "content" :"同意",\n   "categoryId" :47,\n   "categoryName" :"",\n   "value" :7\n}, {\n   "index" :"H",\n   "content" :"强烈同意",\n   "categoryId" :47,\n   "categoryName" :"",\n   "value" :8\n}, {\n   "index" :"I",\n   "content" :"非常强烈同意",\n   "categoryId" :47,\n   "categoryName" :"",\n   "value" :9\n}]', 7, NULL, NULL, NULL, NULL, 7),
	(169, '无论是好坏情绪，我都能够理智对待。', 0, '[{\n   "index" :"A",\n   "content" :"非常强烈地不同意",\n   "categoryId" :54,\n   "categoryName" :"情绪控制/控制力",\n   "value" :1\n}, {\n   "index" :"B",\n   "content" :"强烈不同意",\n   "categoryId" :54,\n   "categoryName" :"情绪控制/控制力",\n   "value" :2\n}, {\n   "index" :"C",\n   "content" :"不同意",\n   "categoryId" :54,\n   "categoryName" :"情绪控制/控制力",\n   "value" :3\n}, {\n   "index" :"D",\n   "content" :"轻微不同意",\n   "categoryId" :54,\n   "categoryName" :"情绪控制/控制力",\n   "value" :4\n}, {\n   "index" :"E",\n   "content" :"不确定",\n   "categoryId" :54,\n   "categoryName" :"情绪控制/控制力",\n   "value" :5\n}, {\n   "index" :"F",\n   "content" :"轻微同意",\n   "categoryId" :54,\n   "categoryName" :"情绪控制/控制力",\n   "value" :6\n}, {\n   "index" :"G",\n   "content" :"同意",\n   "categoryId" :54,\n   "categoryName" :"情绪控制/控制力",\n   "value" :7\n}, {\n   "index" :"H",\n   "content" :"强烈同意",\n   "categoryId" :54,\n   "categoryName" :"情绪控制/控制力",\n   "value" :8\n}, {\n   "index" :"I",\n   "content" :"非常强烈同意",\n   "categoryId" :54,\n   "categoryName" :"情绪控制/控制力",\n   "value" :9\n}]', 7, NULL, NULL, NULL, NULL, 7),
	(170, '面对我想搞定的任务时，我总会保持高度热忱。', 0, '[{\n   "index" :"A",\n   "content" :"非常强烈地不同意",\n   "categoryId" :55,\n   "categoryName" :"情绪控制/自我激励",\n   "value" :1\n}, {\n   "index" :"B",\n   "content" :"强烈不同意",\n   "categoryId" :55,\n   "categoryName" :"情绪控制/自我激励",\n   "value" :2\n}, {\n   "index" :"C",\n   "content" :"不同意",\n   "categoryId" :55,\n   "categoryName" :"情绪控制/自我激励",\n   "value" :3\n}, {\n   "index" :"D",\n   "content" :"轻微不同意",\n   "categoryId" :55,\n   "categoryName" :"情绪控制/自我激励",\n   "value" :4\n}, {\n   "index" :"E",\n   "content" :"不确定",\n   "categoryId" :55,\n   "categoryName" :"情绪控制/自我激励",\n   "value" :5\n}, {\n   "index" :"F",\n   "content" :"轻微同意",\n   "categoryId" :55,\n   "categoryName" :"情绪控制/自我激励",\n   "value" :6\n}, {\n   "index" :"G",\n   "content" :"同意",\n   "categoryId" :55,\n   "categoryName" :"情绪控制/自我激励",\n   "value" :7\n}, {\n   "index" :"H",\n   "content" :"强烈同意",\n   "categoryId" :55,\n   "categoryName" :"情绪控制/自我激励",\n   "value" :8\n}, {\n   "index" :"I",\n   "content" :"非常强烈同意",\n   "categoryId" :55,\n   "categoryName" :"情绪控制/自我激励",\n   "value" :9\n}]', 7, NULL, NULL, NULL, NULL, 7),
	(171, '我总能与别人相处愉快。', 0, '[{\n   "index" :"A",\n   "content" :"非常强烈地不同意",\n   "categoryId" :56,\n   "categoryName" :"社交技巧/表达",\n   "value" :1\n}, {\n   "index" :"B",\n   "content" :"强烈不同意",\n   "categoryId" :56,\n   "categoryName" :"社交技巧/表达",\n   "value" :2\n}, {\n   "index" :"C",\n   "content" :"不同意",\n   "categoryId" :56,\n   "categoryName" :"社交技巧/表达",\n   "value" :3\n}, {\n   "index" :"D",\n   "content" :"轻微不同意",\n   "categoryId" :56,\n   "categoryName" :"社交技巧/表达",\n   "value" :4\n}, {\n   "index" :"E",\n   "content" :"不确定",\n   "categoryId" :56,\n   "categoryName" :"社交技巧/表达",\n   "value" :5\n}, {\n   "index" :"F",\n   "content" :"轻微同意",\n   "categoryId" :56,\n   "categoryName" :"社交技巧/表达",\n   "value" :6\n}, {\n   "index" :"G",\n   "content" :"同意",\n   "categoryId" :56,\n   "categoryName" :"社交技巧/表达",\n   "value" :7\n}, {\n   "index" :"H",\n   "content" :"强烈同意",\n   "categoryId" :56,\n   "categoryName" :"社交技巧/表达",\n   "value" :8\n}, {\n   "index" :"I",\n   "content" :"非常强烈同意",\n   "categoryId" :56,\n   "categoryName" :"社交技巧/表达",\n   "value" :9\n}]', 7, NULL, NULL, NULL, NULL, 7),
	(172, '我的演讲很有感染力。', 0, '[{\n   "index" :"A",\n   "content" :"非常强烈地不同意",\n   "categoryId" :58,\n   "categoryName" :"社交技巧/感染力",\n   "value" :1\n}, {\n   "index" :"B",\n   "content" :"强烈不同意",\n   "categoryId" :58,\n   "categoryName" :"社交技巧/感染力",\n   "value" :2\n}, {\n   "index" :"C",\n   "content" :"不同意",\n   "categoryId" :58,\n   "categoryName" :"社交技巧/感染力",\n   "value" :3\n}, {\n   "index" :"D",\n   "content" :"轻微不同意",\n   "categoryId" :58,\n   "categoryName" :"社交技巧/感染力",\n   "value" :4\n}, {\n   "index" :"E",\n   "content" :"不确定",\n   "categoryId" :58,\n   "categoryName" :"社交技巧/感染力",\n   "value" :5\n}, {\n   "index" :"F",\n   "content" :"轻微同意",\n   "categoryId" :58,\n   "categoryName" :"社交技巧/感染力",\n   "value" :6\n}, {\n   "index" :"G",\n   "content" :"同意",\n   "categoryId" :58,\n   "categoryName" :"社交技巧/感染力",\n   "value" :7\n}, {\n   "index" :"H",\n   "content" :"强烈同意",\n   "categoryId" :58,\n   "categoryName" :"社交技巧/感染力",\n   "value" :8\n}, {\n   "index" :"I",\n   "content" :"非常强烈同意",\n   "categoryId" :58,\n   "categoryName" :"社交技巧/感染力",\n   "value" :9\n}]', 7, NULL, NULL, NULL, NULL, 7),
	(173, '我的情绪改变时，往往思维会比较活跃。', 0, '[{\n   "index" :"A",\n   "content" :"非常强烈地不同意",\n   "categoryId" :59,\n   "categoryName" :"情绪利用/问题解决",\n   "value" :1\n}, {\n   "index" :"B",\n   "content" :"强烈不同意",\n   "categoryId" :59,\n   "categoryName" :"情绪利用/问题解决",\n   "value" :2\n}, {\n   "index" :"C",\n   "content" :"不同意",\n   "categoryId" :59,\n   "categoryName" :"情绪利用/问题解决",\n   "value" :3\n}, {\n   "index" :"D",\n   "content" :"轻微不同意",\n   "categoryId" :59,\n   "categoryName" :"情绪利用/问题解决",\n   "value" :4\n}, {\n   "index" :"E",\n   "content" :"不确定",\n   "categoryId" :59,\n   "categoryName" :"情绪利用/问题解决",\n   "value" :5\n}, {\n   "index" :"F",\n   "content" :"轻微同意",\n   "categoryId" :59,\n   "categoryName" :"情绪利用/问题解决",\n   "value" :6\n}, {\n   "index" :"G",\n   "content" :"同意",\n   "categoryId" :59,\n   "categoryName" :"情绪利用/问题解决",\n   "value" :7\n}, {\n   "index" :"H",\n   "content" :"强烈同意",\n   "categoryId" :59,\n   "categoryName" :"情绪利用/问题解决",\n   "value" :8\n}, {\n   "index" :"I",\n   "content" :"非常强烈同意",\n   "categoryId" :59,\n   "categoryName" :"情绪利用/问题解决",\n   "value" :9\n}]', 7, NULL, NULL, NULL, NULL, 7),
	(174, '我的情绪从来没有影响工作。', 1, '[{\n   "index" :"A",\n   "content" :"非常强烈地不同意",\n   "categoryId" :47,\n   "categoryName" :"",\n   "value" :1\n}, {\n   "index" :"B",\n   "content" :"强烈不同意",\n   "categoryId" :47,\n   "categoryName" :"",\n   "value" :2\n}, {\n   "index" :"C",\n   "content" :"不同意",\n   "categoryId" :47,\n   "categoryName" :"",\n   "value" :3\n}, {\n   "index" :"D",\n   "content" :"轻微不同意",\n   "categoryId" :47,\n   "categoryName" :"",\n   "value" :4\n}, {\n   "index" :"E",\n   "content" :"不确定",\n   "categoryId" :47,\n   "categoryName" :"",\n   "value" :5\n}, {\n   "index" :"F",\n   "content" :"轻微同意",\n   "categoryId" :47,\n   "categoryName" :"",\n   "value" :6\n}, {\n   "index" :"G",\n   "content" :"同意",\n   "categoryId" :47,\n   "categoryName" :"",\n   "value" :7\n}, {\n   "index" :"H",\n   "content" :"强烈同意",\n   "categoryId" :47,\n   "categoryName" :"",\n   "value" :8\n}, {\n   "index" :"I",\n   "content" :"非常强烈同意",\n   "categoryId" :47,\n   "categoryName" :"",\n   "value" :9\n}]', 8, NULL, NULL, NULL, NULL, 7),
	(175, '我总是以客观的立场看待事物。', 1, '[{\n   "index" :"A",\n   "content" :"非常强烈地不同意",\n   "categoryId" :47,\n   "categoryName" :"",\n   "value" :1\n}, {\n   "index" :"B",\n   "content" :"强烈不同意",\n   "categoryId" :47,\n   "categoryName" :"",\n   "value" :2\n}, {\n   "index" :"C",\n   "content" :"不同意",\n   "categoryId" :47,\n   "categoryName" :"",\n   "value" :3\n}, {\n   "index" :"D",\n   "content" :"轻微不同意",\n   "categoryId" :47,\n   "categoryName" :"",\n   "value" :4\n}, {\n   "index" :"E",\n   "content" :"不确定",\n   "categoryId" :47,\n   "categoryName" :"",\n   "value" :5\n}, {\n   "index" :"F",\n   "content" :"轻微同意",\n   "categoryId" :47,\n   "categoryName" :"",\n   "value" :6\n}, {\n   "index" :"G",\n   "content" :"同意",\n   "categoryId" :47,\n   "categoryName" :"",\n   "value" :7\n}, {\n   "index" :"H",\n   "content" :"强烈同意",\n   "categoryId" :47,\n   "categoryName" :"",\n   "value" :8\n}, {\n   "index" :"I",\n   "content" :"非常强烈同意",\n   "categoryId" :47,\n   "categoryName" :"",\n   "value" :9\n}]', 8, NULL, NULL, NULL, NULL, 7),
	(176, '讲话时，我的面部表情和肢体语言都比较到位。', 0, '[{\n   "index" :"A",\n   "content" :"非常强烈地不同意",\n   "categoryId" :56,\n   "categoryName" :"社交技巧/表达",\n   "value" :1\n}, {\n   "index" :"B",\n   "content" :"强烈不同意",\n   "categoryId" :56,\n   "categoryName" :"社交技巧/表达",\n   "value" :2\n}, {\n   "index" :"C",\n   "content" :"不同意",\n   "categoryId" :56,\n   "categoryName" :"社交技巧/表达",\n   "value" :3\n}, {\n   "index" :"D",\n   "content" :"轻微不同意",\n   "categoryId" :56,\n   "categoryName" :"社交技巧/表达",\n   "value" :4\n}, {\n   "index" :"E",\n   "content" :"不确定",\n   "categoryId" :56,\n   "categoryName" :"社交技巧/表达",\n   "value" :5\n}, {\n   "index" :"F",\n   "content" :"轻微同意",\n   "categoryId" :56,\n   "categoryName" :"社交技巧/表达",\n   "value" :6\n}, {\n   "index" :"G",\n   "content" :"同意",\n   "categoryId" :56,\n   "categoryName" :"社交技巧/表达",\n   "value" :7\n}, {\n   "index" :"H",\n   "content" :"强烈同意",\n   "categoryId" :56,\n   "categoryName" :"社交技巧/表达",\n   "value" :8\n}, {\n   "index" :"I",\n   "content" :"非常强烈同意",\n   "categoryId" :56,\n   "categoryName" :"社交技巧/表达",\n   "value" :9\n}]', 8, NULL, NULL, NULL, NULL, 7),
	(177, '我善于处理人际关系。', 0, '[{\n   "index" :"A",\n   "content" :"非常强烈地不同意",\n   "categoryId" :57,\n   "categoryName" :"社交技巧/适应力",\n   "value" :1\n}, {\n   "index" :"B",\n   "content" :"强烈不同意",\n   "categoryId" :57,\n   "categoryName" :"社交技巧/适应力",\n   "value" :2\n}, {\n   "index" :"C",\n   "content" :"不同意",\n   "categoryId" :57,\n   "categoryName" :"社交技巧/适应力",\n   "value" :3\n}, {\n   "index" :"D",\n   "content" :"轻微不同意",\n   "categoryId" :57,\n   "categoryName" :"社交技巧/适应力",\n   "value" :4\n}, {\n   "index" :"E",\n   "content" :"不确定",\n   "categoryId" :57,\n   "categoryName" :"社交技巧/适应力",\n   "value" :5\n}, {\n   "index" :"F",\n   "content" :"轻微同意",\n   "categoryId" :57,\n   "categoryName" :"社交技巧/适应力",\n   "value" :6\n}, {\n   "index" :"G",\n   "content" :"同意",\n   "categoryId" :57,\n   "categoryName" :"社交技巧/适应力",\n   "value" :7\n}, {\n   "index" :"H",\n   "content" :"强烈同意",\n   "categoryId" :57,\n   "categoryName" :"社交技巧/适应力",\n   "value" :8\n}, {\n   "index" :"I",\n   "content" :"非常强烈同意",\n   "categoryId" :57,\n   "categoryName" :"社交技巧/适应力",\n   "value" :9\n}]', 8, NULL, NULL, NULL, NULL, 7),
	(178, '周围的人很容易受到我的情绪影响。', 0, '[{\n   "index" :"A",\n   "content" :"非常强烈地不同意",\n   "categoryId" :58,\n   "categoryName" :"社交技巧/感染力",\n   "value" :1\n}, {\n   "index" :"B",\n   "content" :"强烈不同意",\n   "categoryId" :58,\n   "categoryName" :"社交技巧/感染力",\n   "value" :2\n}, {\n   "index" :"C",\n   "content" :"不同意",\n   "categoryId" :58,\n   "categoryName" :"社交技巧/感染力",\n   "value" :3\n}, {\n   "index" :"D",\n   "content" :"轻微不同意",\n   "categoryId" :58,\n   "categoryName" :"社交技巧/感染力",\n   "value" :4\n}, {\n   "index" :"E",\n   "content" :"不确定",\n   "categoryId" :58,\n   "categoryName" :"社交技巧/感染力",\n   "value" :5\n}, {\n   "index" :"F",\n   "content" :"轻微同意",\n   "categoryId" :58,\n   "categoryName" :"社交技巧/感染力",\n   "value" :6\n}, {\n   "index" :"G",\n   "content" :"同意",\n   "categoryId" :58,\n   "categoryName" :"社交技巧/感染力",\n   "value" :7\n}, {\n   "index" :"H",\n   "content" :"强烈同意",\n   "categoryId" :58,\n   "categoryName" :"社交技巧/感染力",\n   "value" :8\n}, {\n   "index" :"I",\n   "content" :"非常强烈同意",\n   "categoryId" :58,\n   "categoryName" :"社交技巧/感染力",\n   "value" :9\n}]', 8, NULL, NULL, NULL, NULL, 7),
	(179, '在工作中，我会时刻关注其他同事的情绪。', 0, '[{\n   "index" :"A",\n   "content" :"非常强烈地不同意",\n   "categoryId" :59,\n   "categoryName" :"情绪利用/问题解决",\n   "value" :1\n}, {\n   "index" :"B",\n   "content" :"强烈不同意",\n   "categoryId" :59,\n   "categoryName" :"情绪利用/问题解决",\n   "value" :2\n}, {\n   "index" :"C",\n   "content" :"不同意",\n   "categoryId" :59,\n   "categoryName" :"情绪利用/问题解决",\n   "value" :3\n}, {\n   "index" :"D",\n   "content" :"轻微不同意",\n   "categoryId" :59,\n   "categoryName" :"情绪利用/问题解决",\n   "value" :4\n}, {\n   "index" :"E",\n   "content" :"不确定",\n   "categoryId" :59,\n   "categoryName" :"情绪利用/问题解决",\n   "value" :5\n}, {\n   "index" :"F",\n   "content" :"轻微同意",\n   "categoryId" :59,\n   "categoryName" :"情绪利用/问题解决",\n   "value" :6\n}, {\n   "index" :"G",\n   "content" :"同意",\n   "categoryId" :59,\n   "categoryName" :"情绪利用/问题解决",\n   "value" :7\n}, {\n   "index" :"H",\n   "content" :"强烈同意",\n   "categoryId" :59,\n   "categoryName" :"情绪利用/问题解决",\n   "value" :8\n}, {\n   "index" :"I",\n   "content" :"非常强烈同意",\n   "categoryId" :59,\n   "categoryName" :"情绪利用/问题解决",\n   "value" :9\n}]', 8, NULL, NULL, NULL, NULL, 7),
	(180, '我能很清楚地理解别人的想法和感受。', 0, '[{\n   "index" :"A",\n   "content" :"非常强烈地不同意",\n   "categoryId" :52,\n   "categoryName" :"情绪感知/他人情绪感知",\n   "value" :1\n}, {\n   "index" :"B",\n   "content" :"强烈不同意",\n   "categoryId" :52,\n   "categoryName" :"情绪感知/他人情绪感知",\n   "value" :2\n}, {\n   "index" :"C",\n   "content" :"不同意",\n   "categoryId" :52,\n   "categoryName" :"情绪感知/他人情绪感知",\n   "value" :3\n}, {\n   "index" :"D",\n   "content" :"轻微不同意",\n   "categoryId" :52,\n   "categoryName" :"情绪感知/他人情绪感知",\n   "value" :4\n}, {\n   "index" :"E",\n   "content" :"不确定",\n   "categoryId" :52,\n   "categoryName" :"情绪感知/他人情绪感知",\n   "value" :5\n}, {\n   "index" :"F",\n   "content" :"轻微同意",\n   "categoryId" :52,\n   "categoryName" :"情绪感知/他人情绪感知",\n   "value" :6\n}, {\n   "index" :"G",\n   "content" :"同意",\n   "categoryId" :52,\n   "categoryName" :"情绪感知/他人情绪感知",\n   "value" :7\n}, {\n   "index" :"H",\n   "content" :"强烈同意",\n   "categoryId" :52,\n   "categoryName" :"情绪感知/他人情绪感知",\n   "value" :8\n}, {\n   "index" :"I",\n   "content" :"非常强烈同意",\n   "categoryId" :52,\n   "categoryName" :"情绪感知/他人情绪感知",\n   "value" :9\n}]', 9, NULL, NULL, NULL, NULL, 7),
	(181, '我能够控制自己的情绪。', 0, '[{\n   "index" :"A",\n   "content" :"非常强烈地不同意",\n   "categoryId" :54,\n   "categoryName" :"情绪控制/控制力",\n   "value" :1\n}, {\n   "index" :"B",\n   "content" :"强烈不同意",\n   "categoryId" :54,\n   "categoryName" :"情绪控制/控制力",\n   "value" :2\n}, {\n   "index" :"C",\n   "content" :"不同意",\n   "categoryId" :54,\n   "categoryName" :"情绪控制/控制力",\n   "value" :3\n}, {\n   "index" :"D",\n   "content" :"轻微不同意",\n   "categoryId" :54,\n   "categoryName" :"情绪控制/控制力",\n   "value" :4\n}, {\n   "index" :"E",\n   "content" :"不确定",\n   "categoryId" :54,\n   "categoryName" :"情绪控制/控制力",\n   "value" :5\n}, {\n   "index" :"F",\n   "content" :"轻微同意",\n   "categoryId" :54,\n   "categoryName" :"情绪控制/控制力",\n   "value" :6\n}, {\n   "index" :"G",\n   "content" :"同意",\n   "categoryId" :54,\n   "categoryName" :"情绪控制/控制力",\n   "value" :7\n}, {\n   "index" :"H",\n   "content" :"强烈同意",\n   "categoryId" :54,\n   "categoryName" :"情绪控制/控制力",\n   "value" :8\n}, {\n   "index" :"I",\n   "content" :"非常强烈同意",\n   "categoryId" :54,\n   "categoryName" :"情绪控制/控制力",\n   "value" :9\n}]', 9, NULL, NULL, NULL, NULL, 7),
	(182, '我很乐意与别人谈心。', 0, '[{\n   "index" :"A",\n   "content" :"非常强烈地不同意",\n   "categoryId" :55,\n   "categoryName" :"情绪控制/自我激励",\n   "value" :1\n}, {\n   "index" :"B",\n   "content" :"强烈不同意",\n   "categoryId" :55,\n   "categoryName" :"情绪控制/自我激励",\n   "value" :2\n}, {\n   "index" :"C",\n   "content" :"不同意",\n   "categoryId" :55,\n   "categoryName" :"情绪控制/自我激励",\n   "value" :3\n}, {\n   "index" :"D",\n   "content" :"轻微不同意",\n   "categoryId" :55,\n   "categoryName" :"情绪控制/自我激励",\n   "value" :4\n}, {\n   "index" :"E",\n   "content" :"不确定",\n   "categoryId" :55,\n   "categoryName" :"情绪控制/自我激励",\n   "value" :5\n}, {\n   "index" :"F",\n   "content" :"轻微同意",\n   "categoryId" :55,\n   "categoryName" :"情绪控制/自我激励",\n   "value" :6\n}, {\n   "index" :"G",\n   "content" :"同意",\n   "categoryId" :55,\n   "categoryName" :"情绪控制/自我激励",\n   "value" :7\n}, {\n   "index" :"H",\n   "content" :"强烈同意",\n   "categoryId" :55,\n   "categoryName" :"情绪控制/自我激励",\n   "value" :8\n}, {\n   "index" :"I",\n   "content" :"非常强烈同意",\n   "categoryId" :55,\n   "categoryName" :"情绪控制/自我激励",\n   "value" :9\n}]', 9, NULL, NULL, NULL, NULL, 7),
	(183, '我很清楚在什么情况下该表达什么情绪。', 0, '[{\n   "index" :"A",\n   "content" :"非常强烈地不同意",\n   "categoryId" :56,\n   "categoryName" :"社交技巧/表达",\n   "value" :1\n}, {\n   "index" :"B",\n   "content" :"强烈不同意",\n   "categoryId" :56,\n   "categoryName" :"社交技巧/表达",\n   "value" :2\n}, {\n   "index" :"C",\n   "content" :"不同意",\n   "categoryId" :56,\n   "categoryName" :"社交技巧/表达",\n   "value" :3\n}, {\n   "index" :"D",\n   "content" :"轻微不同意",\n   "categoryId" :56,\n   "categoryName" :"社交技巧/表达",\n   "value" :4\n}, {\n   "index" :"E",\n   "content" :"不确定",\n   "categoryId" :56,\n   "categoryName" :"社交技巧/表达",\n   "value" :5\n}, {\n   "index" :"F",\n   "content" :"轻微同意",\n   "categoryId" :56,\n   "categoryName" :"社交技巧/表达",\n   "value" :6\n}, {\n   "index" :"G",\n   "content" :"同意",\n   "categoryId" :56,\n   "categoryName" :"社交技巧/表达",\n   "value" :7\n}, {\n   "index" :"H",\n   "content" :"强烈同意",\n   "categoryId" :56,\n   "categoryName" :"社交技巧/表达",\n   "value" :8\n}, {\n   "index" :"I",\n   "content" :"非常强烈同意",\n   "categoryId" :56,\n   "categoryName" :"社交技巧/表达",\n   "value" :9\n}]', 9, NULL, NULL, NULL, NULL, 7),
	(184, '我知道如何拒绝别人而不会影响别人的情绪。', 0, '[{\n   "index" :"A",\n   "content" :"非常强烈地不同意",\n   "categoryId" :57,\n   "categoryName" :"社交技巧/适应力",\n   "value" :1\n}, {\n   "index" :"B",\n   "content" :"强烈不同意",\n   "categoryId" :57,\n   "categoryName" :"社交技巧/适应力",\n   "value" :2\n}, {\n   "index" :"C",\n   "content" :"不同意",\n   "categoryId" :57,\n   "categoryName" :"社交技巧/适应力",\n   "value" :3\n}, {\n   "index" :"D",\n   "content" :"轻微不同意",\n   "categoryId" :57,\n   "categoryName" :"社交技巧/适应力",\n   "value" :4\n}, {\n   "index" :"E",\n   "content" :"不确定",\n   "categoryId" :57,\n   "categoryName" :"社交技巧/适应力",\n   "value" :5\n}, {\n   "index" :"F",\n   "content" :"轻微同意",\n   "categoryId" :57,\n   "categoryName" :"社交技巧/适应力",\n   "value" :6\n}, {\n   "index" :"G",\n   "content" :"同意",\n   "categoryId" :57,\n   "categoryName" :"社交技巧/适应力",\n   "value" :7\n}, {\n   "index" :"H",\n   "content" :"强烈同意",\n   "categoryId" :57,\n   "categoryName" :"社交技巧/适应力",\n   "value" :8\n}, {\n   "index" :"I",\n   "content" :"非常强烈同意",\n   "categoryId" :57,\n   "categoryName" :"社交技巧/适应力",\n   "value" :9\n}]', 9, NULL, NULL, NULL, NULL, 7),
	(185, '我总不在背后批评其他人。', 1, '[{\n   "index" :"A",\n   "content" :"非常强烈地不同意",\n   "categoryId" :47,\n   "categoryName" :"",\n   "value" :1\n}, {\n   "index" :"B",\n   "content" :"强烈不同意",\n   "categoryId" :47,\n   "categoryName" :"",\n   "value" :2\n}, {\n   "index" :"C",\n   "content" :"不同意",\n   "categoryId" :47,\n   "categoryName" :"",\n   "value" :3\n}, {\n   "index" :"D",\n   "content" :"轻微不同意",\n   "categoryId" :47,\n   "categoryName" :"",\n   "value" :4\n}, {\n   "index" :"E",\n   "content" :"不确定",\n   "categoryId" :47,\n   "categoryName" :"",\n   "value" :5\n}, {\n   "index" :"F",\n   "content" :"轻微同意",\n   "categoryId" :47,\n   "categoryName" :"",\n   "value" :6\n}, {\n   "index" :"G",\n   "content" :"同意",\n   "categoryId" :47,\n   "categoryName" :"",\n   "value" :7\n}, {\n   "index" :"H",\n   "content" :"强烈同意",\n   "categoryId" :47,\n   "categoryName" :"",\n   "value" :8\n}, {\n   "index" :"I",\n   "content" :"非常强烈同意",\n   "categoryId" :47,\n   "categoryName" :"",\n   "value" :9\n}]', 9, NULL, NULL, NULL, NULL, 7),
	(186, '我从来没有嘲笑过别人的缺点。', 1, '[{\n   "index" :"A",\n   "content" :"非常强烈地不同意",\n   "categoryId" :47,\n   "categoryName" :"",\n   "value" :1\n}, {\n   "index" :"B",\n   "content" :"强烈不同意",\n   "categoryId" :47,\n   "categoryName" :"",\n   "value" :2\n}, {\n   "index" :"C",\n   "content" :"不同意",\n   "categoryId" :47,\n   "categoryName" :"",\n   "value" :3\n}, {\n   "index" :"D",\n   "content" :"轻微不同意",\n   "categoryId" :47,\n   "categoryName" :"",\n   "value" :4\n}, {\n   "index" :"E",\n   "content" :"不确定",\n   "categoryId" :47,\n   "categoryName" :"",\n   "value" :5\n}, {\n   "index" :"F",\n   "content" :"轻微同意",\n   "categoryId" :47,\n   "categoryName" :"",\n   "value" :6\n}, {\n   "index" :"G",\n   "content" :"同意",\n   "categoryId" :47,\n   "categoryName" :"",\n   "value" :7\n}, {\n   "index" :"H",\n   "content" :"强烈同意",\n   "categoryId" :47,\n   "categoryName" :"",\n   "value" :8\n}, {\n   "index" :"I",\n   "content" :"非常强烈同意",\n   "categoryId" :47,\n   "categoryName" :"",\n   "value" :9\n}]', 10, NULL, NULL, NULL, NULL, 7),
	(187, '我能以给别人好印象的方式来表现自己。', 0, '[{\n   "index" :"A",\n   "content" :"非常强烈地不同意",\n   "categoryId" :54,\n   "categoryName" :"情绪控制/控制力",\n   "value" :1\n}, {\n   "index" :"B",\n   "content" :"强烈不同意",\n   "categoryId" :54,\n   "categoryName" :"情绪控制/控制力",\n   "value" :2\n}, {\n   "index" :"C",\n   "content" :"不同意",\n   "categoryId" :54,\n   "categoryName" :"情绪控制/控制力",\n   "value" :3\n}, {\n   "index" :"D",\n   "content" :"轻微不同意",\n   "categoryId" :54,\n   "categoryName" :"情绪控制/控制力",\n   "value" :4\n}, {\n   "index" :"E",\n   "content" :"不确定",\n   "categoryId" :54,\n   "categoryName" :"情绪控制/控制力",\n   "value" :5\n}, {\n   "index" :"F",\n   "content" :"轻微同意",\n   "categoryId" :54,\n   "categoryName" :"情绪控制/控制力",\n   "value" :6\n}, {\n   "index" :"G",\n   "content" :"同意",\n   "categoryId" :54,\n   "categoryName" :"情绪控制/控制力",\n   "value" :7\n}, {\n   "index" :"H",\n   "content" :"强烈同意",\n   "categoryId" :54,\n   "categoryName" :"情绪控制/控制力",\n   "value" :8\n}, {\n   "index" :"I",\n   "content" :"非常强烈同意",\n   "categoryId" :54,\n   "categoryName" :"情绪控制/控制力",\n   "value" :9\n}]', 10, NULL, NULL, NULL, NULL, 7),
	(188, '朋友遇到伤心事想找人谈心，总会找到我。', 0, '[{\n   "index" :"A",\n   "content" :"非常强烈地不同意",\n   "categoryId" :55,\n   "categoryName" :"情绪控制/自我激励",\n   "value" :1\n}, {\n   "index" :"B",\n   "content" :"强烈不同意",\n   "categoryId" :55,\n   "categoryName" :"情绪控制/自我激励",\n   "value" :2\n}, {\n   "index" :"C",\n   "content" :"不同意",\n   "categoryId" :55,\n   "categoryName" :"情绪控制/自我激励",\n   "value" :3\n}, {\n   "index" :"D",\n   "content" :"轻微不同意",\n   "categoryId" :55,\n   "categoryName" :"情绪控制/自我激励",\n   "value" :4\n}, {\n   "index" :"E",\n   "content" :"不确定",\n   "categoryId" :55,\n   "categoryName" :"情绪控制/自我激励",\n   "value" :5\n}, {\n   "index" :"F",\n   "content" :"轻微同意",\n   "categoryId" :55,\n   "categoryName" :"情绪控制/自我激励",\n   "value" :6\n}, {\n   "index" :"G",\n   "content" :"同意",\n   "categoryId" :55,\n   "categoryName" :"情绪控制/自我激励",\n   "value" :7\n}, {\n   "index" :"H",\n   "content" :"强烈同意",\n   "categoryId" :55,\n   "categoryName" :"情绪控制/自我激励",\n   "value" :8\n}, {\n   "index" :"I",\n   "content" :"非常强烈同意",\n   "categoryId" :55,\n   "categoryName" :"情绪控制/自我激励",\n   "value" :9\n}]', 10, NULL, NULL, NULL, NULL, 7),
	(189, '我总会在合适的机会下表达自己的情绪。', 0, '[{\n   "index" :"A",\n   "content" :"非常强烈地不同意",\n   "categoryId" :56,\n   "categoryName" :"社交技巧/表达",\n   "value" :1\n}, {\n   "index" :"B",\n   "content" :"强烈不同意",\n   "categoryId" :56,\n   "categoryName" :"社交技巧/表达",\n   "value" :2\n}, {\n   "index" :"C",\n   "content" :"不同意",\n   "categoryId" :56,\n   "categoryName" :"社交技巧/表达",\n   "value" :3\n}, {\n   "index" :"D",\n   "content" :"轻微不同意",\n   "categoryId" :56,\n   "categoryName" :"社交技巧/表达",\n   "value" :4\n}, {\n   "index" :"E",\n   "content" :"不确定",\n   "categoryId" :56,\n   "categoryName" :"社交技巧/表达",\n   "value" :5\n}, {\n   "index" :"F",\n   "content" :"轻微同意",\n   "categoryId" :56,\n   "categoryName" :"社交技巧/表达",\n   "value" :6\n}, {\n   "index" :"G",\n   "content" :"同意",\n   "categoryId" :56,\n   "categoryName" :"社交技巧/表达",\n   "value" :7\n}, {\n   "index" :"H",\n   "content" :"强烈同意",\n   "categoryId" :56,\n   "categoryName" :"社交技巧/表达",\n   "value" :8\n}, {\n   "index" :"I",\n   "content" :"非常强烈同意",\n   "categoryId" :56,\n   "categoryName" :"社交技巧/表达",\n   "value" :9\n}]', 10, NULL, NULL, NULL, NULL, 7),
	(190, '跟脾气不好的人在一起，我们也能和谐相处。', 0, '[{\n   "index" :"A",\n   "content" :"非常强烈地不同意",\n   "categoryId" :57,\n   "categoryName" :"社交技巧/适应力",\n   "value" :1\n}, {\n   "index" :"B",\n   "content" :"强烈不同意",\n   "categoryId" :57,\n   "categoryName" :"社交技巧/适应力",\n   "value" :2\n}, {\n   "index" :"C",\n   "content" :"不同意",\n   "categoryId" :57,\n   "categoryName" :"社交技巧/适应力",\n   "value" :3\n}, {\n   "index" :"D",\n   "content" :"轻微不同意",\n   "categoryId" :57,\n   "categoryName" :"社交技巧/适应力",\n   "value" :4\n}, {\n   "index" :"E",\n   "content" :"不确定",\n   "categoryId" :57,\n   "categoryName" :"社交技巧/适应力",\n   "value" :5\n}, {\n   "index" :"F",\n   "content" :"轻微同意",\n   "categoryId" :57,\n   "categoryName" :"社交技巧/适应力",\n   "value" :6\n}, {\n   "index" :"G",\n   "content" :"同意",\n   "categoryId" :57,\n   "categoryName" :"社交技巧/适应力",\n   "value" :7\n}, {\n   "index" :"H",\n   "content" :"强烈同意",\n   "categoryId" :57,\n   "categoryName" :"社交技巧/适应力",\n   "value" :8\n}, {\n   "index" :"I",\n   "content" :"非常强烈同意",\n   "categoryId" :57,\n   "categoryName" :"社交技巧/适应力",\n   "value" :9\n}]', 10, NULL, NULL, NULL, NULL, 7),
	(191, '我擅长鼓励别人。', 0, '[{\n   "index" :"A",\n   "content" :"非常强烈地不同意",\n   "categoryId" :58,\n   "categoryName" :"社交技巧/感染力",\n   "value" :1\n}, {\n   "index" :"B",\n   "content" :"强烈不同意",\n   "categoryId" :58,\n   "categoryName" :"社交技巧/感染力",\n   "value" :2\n}, {\n   "index" :"C",\n   "content" :"不同意",\n   "categoryId" :58,\n   "categoryName" :"社交技巧/感染力",\n   "value" :3\n}, {\n   "index" :"D",\n   "content" :"轻微不同意",\n   "categoryId" :58,\n   "categoryName" :"社交技巧/感染力",\n   "value" :4\n}, {\n   "index" :"E",\n   "content" :"不确定",\n   "categoryId" :58,\n   "categoryName" :"社交技巧/感染力",\n   "value" :5\n}, {\n   "index" :"F",\n   "content" :"轻微同意",\n   "categoryId" :58,\n   "categoryName" :"社交技巧/感染力",\n   "value" :6\n}, {\n   "index" :"G",\n   "content" :"同意",\n   "categoryId" :58,\n   "categoryName" :"社交技巧/感染力",\n   "value" :7\n}, {\n   "index" :"H",\n   "content" :"强烈同意",\n   "categoryId" :58,\n   "categoryName" :"社交技巧/感染力",\n   "value" :8\n}, {\n   "index" :"I",\n   "content" :"非常强烈同意",\n   "categoryId" :58,\n   "categoryName" :"社交技巧/感染力",\n   "value" :9\n}]', 10, NULL, NULL, NULL, NULL, 7),
	(192, '我能够从细节中体察到别人的情绪。', 0, '[{\n   "index" :"A",\n   "content" :"非常强烈地不同意",\n   "categoryId" :52,\n   "categoryName" :"情绪感知/他人情绪感知",\n   "value" :1\n}, {\n   "index" :"B",\n   "content" :"强烈不同意",\n   "categoryId" :52,\n   "categoryName" :"情绪感知/他人情绪感知",\n   "value" :2\n}, {\n   "index" :"C",\n   "content" :"不同意",\n   "categoryId" :52,\n   "categoryName" :"情绪感知/他人情绪感知",\n   "value" :3\n}, {\n   "index" :"D",\n   "content" :"轻微不同意",\n   "categoryId" :52,\n   "categoryName" :"情绪感知/他人情绪感知",\n   "value" :4\n}, {\n   "index" :"E",\n   "content" :"不确定",\n   "categoryId" :52,\n   "categoryName" :"情绪感知/他人情绪感知",\n   "value" :5\n}, {\n   "index" :"F",\n   "content" :"轻微同意",\n   "categoryId" :52,\n   "categoryName" :"情绪感知/他人情绪感知",\n   "value" :6\n}, {\n   "index" :"G",\n   "content" :"同意",\n   "categoryId" :52,\n   "categoryName" :"情绪感知/他人情绪感知",\n   "value" :7\n}, {\n   "index" :"H",\n   "content" :"强烈同意",\n   "categoryId" :52,\n   "categoryName" :"情绪感知/他人情绪感知",\n   "value" :8\n}, {\n   "index" :"I",\n   "content" :"非常强烈同意",\n   "categoryId" :52,\n   "categoryName" :"情绪感知/他人情绪感知",\n   "value" :9\n}]', 11, NULL, NULL, NULL, NULL, 7),
	(193, '别人对我的任何批评我都能心平气和地听完。', 1, '[{\n   "index" :"A",\n   "content" :"非常强烈地不同意",\n   "categoryId" :47,\n   "categoryName" :"",\n   "value" :1\n}, {\n   "index" :"B",\n   "content" :"强烈不同意",\n   "categoryId" :47,\n   "categoryName" :"",\n   "value" :2\n}, {\n   "index" :"C",\n   "content" :"不同意",\n   "categoryId" :47,\n   "categoryName" :"",\n   "value" :3\n}, {\n   "index" :"D",\n   "content" :"轻微不同意",\n   "categoryId" :47,\n   "categoryName" :"",\n   "value" :4\n}, {\n   "index" :"E",\n   "content" :"不确定",\n   "categoryId" :47,\n   "categoryName" :"",\n   "value" :5\n}, {\n   "index" :"F",\n   "content" :"轻微同意",\n   "categoryId" :47,\n   "categoryName" :"",\n   "value" :6\n}, {\n   "index" :"G",\n   "content" :"同意",\n   "categoryId" :47,\n   "categoryName" :"",\n   "value" :7\n}, {\n   "index" :"H",\n   "content" :"强烈同意",\n   "categoryId" :47,\n   "categoryName" :"",\n   "value" :8\n}, {\n   "index" :"I",\n   "content" :"非常强烈同意",\n   "categoryId" :47,\n   "categoryName" :"",\n   "value" :9\n}]', 11, NULL, NULL, NULL, NULL, 7),
	(194, '我知道如何把好心情维持住。', 0, '[{\n   "index" :"A",\n   "content" :"非常强烈地不同意",\n   "categoryId" :54,\n   "categoryName" :"情绪控制/控制力",\n   "value" :1\n}, {\n   "index" :"B",\n   "content" :"强烈不同意",\n   "categoryId" :54,\n   "categoryName" :"情绪控制/控制力",\n   "value" :2\n}, {\n   "index" :"C",\n   "content" :"不同意",\n   "categoryId" :54,\n   "categoryName" :"情绪控制/控制力",\n   "value" :3\n}, {\n   "index" :"D",\n   "content" :"轻微不同意",\n   "categoryId" :54,\n   "categoryName" :"情绪控制/控制力",\n   "value" :4\n}, {\n   "index" :"E",\n   "content" :"不确定",\n   "categoryId" :54,\n   "categoryName" :"情绪控制/控制力",\n   "value" :5\n}, {\n   "index" :"F",\n   "content" :"轻微同意",\n   "categoryId" :54,\n   "categoryName" :"情绪控制/控制力",\n   "value" :6\n}, {\n   "index" :"G",\n   "content" :"同意",\n   "categoryId" :54,\n   "categoryName" :"情绪控制/控制力",\n   "value" :7\n}, {\n   "index" :"H",\n   "content" :"强烈同意",\n   "categoryId" :54,\n   "categoryName" :"情绪控制/控制力",\n   "value" :8\n}, {\n   "index" :"I",\n   "content" :"非常强烈同意",\n   "categoryId" :54,\n   "categoryName" :"情绪控制/控制力",\n   "value" :9\n}]', 11, NULL, NULL, NULL, NULL, 7),
	(195, '当别人干得好时，我会毫不吝啬自己的夸奖。', 0, '[{\n   "index" :"A",\n   "content" :"非常强烈地不同意",\n   "categoryId" :56,\n   "categoryName" :"社交技巧/表达",\n   "value" :1\n}, {\n   "index" :"B",\n   "content" :"强烈不同意",\n   "categoryId" :56,\n   "categoryName" :"社交技巧/表达",\n   "value" :2\n}, {\n   "index" :"C",\n   "content" :"不同意",\n   "categoryId" :56,\n   "categoryName" :"社交技巧/表达",\n   "value" :3\n}, {\n   "index" :"D",\n   "content" :"轻微不同意",\n   "categoryId" :56,\n   "categoryName" :"社交技巧/表达",\n   "value" :4\n}, {\n   "index" :"E",\n   "content" :"不确定",\n   "categoryId" :56,\n   "categoryName" :"社交技巧/表达",\n   "value" :5\n}, {\n   "index" :"F",\n   "content" :"轻微同意",\n   "categoryId" :56,\n   "categoryName" :"社交技巧/表达",\n   "value" :6\n}, {\n   "index" :"G",\n   "content" :"同意",\n   "categoryId" :56,\n   "categoryName" :"社交技巧/表达",\n   "value" :7\n}, {\n   "index" :"H",\n   "content" :"强烈同意",\n   "categoryId" :56,\n   "categoryName" :"社交技巧/表达",\n   "value" :8\n}, {\n   "index" :"I",\n   "content" :"非常强烈同意",\n   "categoryId" :56,\n   "categoryName" :"社交技巧/表达",\n   "value" :9\n}]', 11, NULL, NULL, NULL, NULL, 7),
	(196, '我喜欢了解别人的感受。', 0, '[{\n   "index" :"A",\n   "content" :"非常强烈地不同意",\n   "categoryId" :57,\n   "categoryName" :"社交技巧/适应力",\n   "value" :1\n}, {\n   "index" :"B",\n   "content" :"强烈不同意",\n   "categoryId" :57,\n   "categoryName" :"社交技巧/适应力",\n   "value" :2\n}, {\n   "index" :"C",\n   "content" :"不同意",\n   "categoryId" :57,\n   "categoryName" :"社交技巧/适应力",\n   "value" :3\n}, {\n   "index" :"D",\n   "content" :"轻微不同意",\n   "categoryId" :57,\n   "categoryName" :"社交技巧/适应力",\n   "value" :4\n}, {\n   "index" :"E",\n   "content" :"不确定",\n   "categoryId" :57,\n   "categoryName" :"社交技巧/适应力",\n   "value" :5\n}, {\n   "index" :"F",\n   "content" :"轻微同意",\n   "categoryId" :57,\n   "categoryName" :"社交技巧/适应力",\n   "value" :6\n}, {\n   "index" :"G",\n   "content" :"同意",\n   "categoryId" :57,\n   "categoryName" :"社交技巧/适应力",\n   "value" :7\n}, {\n   "index" :"H",\n   "content" :"强烈同意",\n   "categoryId" :57,\n   "categoryName" :"社交技巧/适应力",\n   "value" :8\n}, {\n   "index" :"I",\n   "content" :"非常强烈同意",\n   "categoryId" :57,\n   "categoryName" :"社交技巧/适应力",\n   "value" :9\n}]', 11, NULL, NULL, NULL, NULL, 7),
	(197, '我很擅长调动周围人的情绪。', 0, '[{\n   "index" :"A",\n   "content" :"非常强烈地不同意",\n   "categoryId" :58,\n   "categoryName" :"社交技巧/感染力",\n   "value" :1\n}, {\n   "index" :"B",\n   "content" :"强烈不同意",\n   "categoryId" :58,\n   "categoryName" :"社交技巧/感染力",\n   "value" :2\n}, {\n   "index" :"C",\n   "content" :"不同意",\n   "categoryId" :58,\n   "categoryName" :"社交技巧/感染力",\n   "value" :3\n}, {\n   "index" :"D",\n   "content" :"轻微不同意",\n   "categoryId" :58,\n   "categoryName" :"社交技巧/感染力",\n   "value" :4\n}, {\n   "index" :"E",\n   "content" :"不确定",\n   "categoryId" :58,\n   "categoryName" :"社交技巧/感染力",\n   "value" :5\n}, {\n   "index" :"F",\n   "content" :"轻微同意",\n   "categoryId" :58,\n   "categoryName" :"社交技巧/感染力",\n   "value" :6\n}, {\n   "index" :"G",\n   "content" :"同意",\n   "categoryId" :58,\n   "categoryName" :"社交技巧/感染力",\n   "value" :7\n}, {\n   "index" :"H",\n   "content" :"强烈同意",\n   "categoryId" :58,\n   "categoryName" :"社交技巧/感染力",\n   "value" :8\n}, {\n   "index" :"I",\n   "content" :"非常强烈同意",\n   "categoryId" :58,\n   "categoryName" :"社交技巧/感染力",\n   "value" :9\n}]', 11, NULL, NULL, NULL, NULL, 7),
	(198, '你考试得了个 A。', 0, '[{\n   "index" :"A",\n   "content" :"我很聪明",\n   "categoryId" :63,\n   "categoryName" :"PVG",\n   "value" :1\n}, {\n   "index" :"B",\n   "content" :"我很擅长这门功课",\n   "categoryId" :63,\n   "categoryName" :"PVG",\n   "value" :0\n}]', 0, NULL, NULL, NULL, NULL, 8),
	(199, '你跟一个朋友玩一个游戏，你赢了。', 0, '[{\n   "index" :"A",\n   "content" :"跟我玩的人不太会玩这个游戏",\n   "categoryId" :65,\n   "categoryName" :"PSG",\n   "value" :0\n}, {\n   "index" :"B",\n   "content" :"我很会玩游戏",\n   "categoryId" :65,\n   "categoryName" :"PSG",\n   "value" :1\n}]', 0, NULL, NULL, NULL, NULL, 8),
	(200, '你在朋友家过夜，你们玩得很愉快。', 0, '[{\n   "index" :"A",\n   "content" :"我的朋友那天晚上心情很好。",\n   "categoryId" :63,\n   "categoryName" :"PVG",\n   "value" :0\n}, {\n   "index" :"B",\n   "content" :"我朋友家的每一个人那天晚上都很友善。",\n   "categoryId" :63,\n   "categoryName" :"PVG",\n   "value" :1\n}]', 0, NULL, NULL, NULL, NULL, 8),
	(201, '你跟一群人去度假，你玩得很开心。', 0, '[{\n   "index" :"A",\n   "content" :"我那时心情很好，轻松愉快。",\n   "categoryId" :65,\n   "categoryName" :"PSG",\n   "value" :1\n}, {\n   "index" :"B",\n   "content" :"大家的心情都很轻松愉快。",\n   "categoryId" :65,\n   "categoryName" :"PSG",\n   "value" :0\n}]', 0, NULL, NULL, NULL, NULL, 8),
	(202, '你的朋友都感冒了，只有你没有。', 0, '[{\n   "index" :"A",\n   "content" :"我最近很健康。",\n   "categoryId" :61,\n   "categoryName" :"PMG",\n   "value" :0\n}, {\n   "index" :"B",\n   "content" :"我是一个健康的人。",\n   "categoryId" :61,\n   "categoryName" :"PMG",\n   "value" :1\n}]', 0, NULL, NULL, NULL, NULL, 8),
	(203, '你的宠物被车子压死了。', 0, '[{\n   "index" :"A",\n   "content" :"我没有好好照顾我的宠物。",\n   "categoryId" :64,\n   "categoryName" :"PSB",\n   "value" :1\n}, {\n   "index" :"B",\n   "content" :"开车的人太不小心了。",\n   "categoryId" :64,\n   "categoryName" :"PSB",\n   "value" :0\n}]', 0, NULL, NULL, NULL, NULL, 8),
	(204, '有的朋友说他们不喜欢你。', 0, '[{\n   "index" :"A",\n   "content" :"有的时候他们对我很不好",\n   "categoryId" :64,\n   "categoryName" :"PSB",\n   "value" :0\n}, {\n   "index" :"B",\n   "content" :"有的时候我对他们很不好。",\n   "categoryId" :64,\n   "categoryName" :"PSB",\n   "value" :1\n}]', 0, NULL, NULL, NULL, NULL, 8),
	(205, '你的学习成绩很好。', 0, '[{\n   "index" :"A",\n   "content" :"学校的功课简单。",\n   "categoryId" :65,\n   "categoryName" :"PSG",\n   "value" :0\n}, {\n   "index" :"B",\n   "content" :"我很努力。",\n   "categoryId" :65,\n   "categoryName" :"PSG",\n   "value" :1\n}]', 0, NULL, NULL, NULL, NULL, 8),
	(206, '你碰到一位朋友，你朋友说你看起来很好。', 0, '[{\n   "index" :"A",\n   "content" :"我的朋友那天可能很想称赞别人的外表。",\n   "categoryId" :61,\n   "categoryName" :"PMG",\n   "value" :0\n}, {\n   "index" :"B",\n   "content" :"我的朋友通常会称赞别人的外表。",\n   "categoryId" :61,\n   "categoryName" :"PMG",\n   "value" :1\n}]', 0, NULL, NULL, NULL, NULL, 8),
	(207, '一个好朋友告诉你说他很恨你。', 0, '[{\n   "index" :"A",\n   "content" :"我的朋友那天心情不好。",\n   "categoryId" :64,\n   "categoryName" :"PSB",\n   "value" :0\n}, {\n   "index" :"B",\n   "content" :"我那天对我的朋友不好。",\n   "categoryId" :64,\n   "categoryName" :"PSB",\n   "value" :1\n}]', 0, NULL, NULL, NULL, NULL, 8),
	(208, '你说了一个笑话，但是没有人笑。', 0, '[{\n   "index" :"A",\n   "content" :"我不太会说笑话。",\n   "categoryId" :64,\n   "categoryName" :"PSB",\n   "value" :1\n}, {\n   "index" :"B",\n   "content" :"这个笑话大家都知道了，所以不好笑。",\n   "categoryId" :64,\n   "categoryName" :"PSB",\n   "value" :0\n}]', 0, NULL, NULL, NULL, NULL, 8),
	(209, '你听不懂老师今天上的课。', 0, '[{\n   "index" :"A",\n   "content" :"我今天什么课都没有注意听。",\n   "categoryId" :62,\n   "categoryName" :"PVB",\n   "value" :0\n}, {\n   "index" :"B",\n   "content" :"我没有注意听老师讲的话。",\n   "categoryId" :62,\n   "categoryName" :"PVB",\n   "value" :1\n}]', 0, NULL, NULL, NULL, NULL, 8),
	(210, '你考试不及格。', 0, '[{\n   "index" :"A",\n   "content" :"老师出的题目很难",\n   "categoryId" :60,\n   "categoryName" :"PMB",\n   "value" :1\n}, {\n   "index" :"B",\n   "content" :"过去几个星期老师出的题目都很难。",\n   "categoryId" :60,\n   "categoryName" :"PMB",\n   "value" :0\n}]', 0, NULL, NULL, NULL, NULL, 8),
	(211, '你体重增加了很多，看起来很胖。', 0, '[{\n   "index" :"A",\n   "content" :"我所吃的食物都是会发胖的。",\n   "categoryId" :64,\n   "categoryName" :"PSB",\n   "value" :0\n}, {\n   "index" :"B",\n   "content" :"我喜欢吃会发胖的食物。",\n   "categoryId" :64,\n   "categoryName" :"PSB",\n   "value" :1\n}]', 0, NULL, NULL, NULL, NULL, 8),
	(212, '有个人偷你的钱。', 0, '[{\n   "index" :"A",\n   "content" :"那个人不诚实。",\n   "categoryId" :62,\n   "categoryName" :"PVB",\n   "value" :0\n}, {\n   "index" :"B",\n   "content" :"现在的人都不诚实。",\n   "categoryId" :62,\n   "categoryName" :"PVB",\n   "value" :1\n}]', 0, NULL, NULL, NULL, NULL, 8),
	(213, '你的父母夸奖你做的东西。', 0, '[{\n   "index" :"A",\n   "content" :"我很会做东西。",\n   "categoryId" :65,\n   "categoryName" :"PSG",\n   "value" :1\n}, {\n   "index" :"B",\n   "content" :"我的父母喜欢我做的东西。",\n   "categoryId" :65,\n   "categoryName" :"PSG",\n   "value" :0\n}]', 0, NULL, NULL, NULL, NULL, 8),
	(214, '你玩一个游戏，你赢了钱。', 0, '[{\n   "index" :"A",\n   "content" :"我是一个幸运的人。",\n   "categoryId" :63,\n   "categoryName" :"PVG",\n   "value" :1\n}, {\n   "index" :"B",\n   "content" :"我玩的时候运气都很好。",\n   "categoryId" :63,\n   "categoryName" :"PVG",\n   "value" :0\n}]', 0, NULL, NULL, NULL, NULL, 8),
	(215, '你在河里游泳的时候差一点淹死。', 0, '[{\n   "index" :"A",\n   "content" :"我不是一个很小心的人。",\n   "categoryId" :60,\n   "categoryName" :"PMB",\n   "value" :1\n}, {\n   "index" :"B",\n   "content" :"有时候我不太小心。",\n   "categoryId" :60,\n   "categoryName" :"PMB",\n   "value" :0\n}]', 0, NULL, NULL, NULL, NULL, 8),
	(216, '你被邀请去参加很多的宴会。', 0, '[{\n   "index" :"A",\n   "content" :"最近很多人都对我很友善。",\n   "categoryId" :65,\n   "categoryName" :"PSG",\n   "value" :0\n}, {\n   "index" :"B",\n   "content" :"我最近对很多人都很友善。",\n   "categoryId" :65,\n   "categoryName" :"PSG",\n   "value" :1\n}]', 0, NULL, NULL, NULL, NULL, 8),
	(217, '有个大人骂你。', 0, '[{\n   "index" :"A",\n   "content" :"那个人碰到第一个人就开始骂。",\n   "categoryId" :62,\n   "categoryName" :"PVB",\n   "value" :0\n}, {\n   "index" :"B",\n   "content" :"那个人那天骂了好多人。",\n   "categoryId" :62,\n   "categoryName" :"PVB",\n   "value" :1\n}]', 0, NULL, NULL, NULL, NULL, 8),
	(218, '你跟一组朋友合作进行一个计划，但是结果很不理想。', 0, '[{\n   "index" :"A",\n   "content" :"我跟那一组的人合作不好。",\n   "categoryId" :62,\n   "categoryName" :"PVB",\n   "value" :0\n}, {\n   "index" :"B",\n   "content" :"我跟一组人合作从来没有好过。",\n   "categoryId" :62,\n   "categoryName" :"PVB",\n   "value" :1\n}]', 0, NULL, NULL, NULL, NULL, 8),
	(219, '你交了一个新朋友。', 0, '[{\n   "index" :"A",\n   "content" :"我的为人很好。",\n   "categoryId" :65,\n   "categoryName" :"PSG",\n   "value" :1\n}, {\n   "index" :"B",\n   "content" :"我遇见的那个人很好。",\n   "categoryId" :65,\n   "categoryName" :"PSG",\n   "value" :0\n}]', 0, NULL, NULL, NULL, NULL, 8),
	(220, '你和你的家人处的很好。', 0, '[{\n   "index" :"A",\n   "content" :"我跟我的家人在一起时，我很容易相处。",\n   "categoryId" :61,\n   "categoryName" :"PMG",\n   "value" :1\n}, {\n   "index" :"B",\n   "content" :"有的时候我很容易和我的家人相处。",\n   "categoryId" :61,\n   "categoryName" :"PMG",\n   "value" :0\n}]', 0, NULL, NULL, NULL, NULL, 8),
	(221, '你去卖糖果，但是没有人买。', 0, '[{\n   "index" :"A",\n   "content" :"最近很多小孩都在卖东西， 所以很多人都不愿意去小孩那里买东西。",\n   "categoryId" :60,\n   "categoryName" :"PMB",\n   "value" :0\n}, {\n   "index" :"B",\n   "content" :"大人不喜欢去小孩那里买东西。",\n   "categoryId" :60,\n   "categoryName" :"PMB",\n   "value" :1\n}]', 0, NULL, NULL, NULL, NULL, 8),
	(222, '你玩一个游戏，你赢了。', 0, '[{\n   "index" :"A",\n   "content" :"有的时候我玩游戏很尽心。",\n   "categoryId" :63,\n   "categoryName" :"PVG",\n   "value" :0\n}, {\n   "index" :"B",\n   "content" :"有的时候我做事很尽心。",\n   "categoryId" :63,\n   "categoryName" :"PVG",\n   "value" :1\n}]', 0, NULL, NULL, NULL, NULL, 8),
	(223, '你在学校成绩不好。', 0, '[{\n   "index" :"A",\n   "content" :"我很笨。",\n   "categoryId" :64,\n   "categoryName" :"PSB",\n   "value" :1\n}, {\n   "index" :"B",\n   "content" :"老师不公平。",\n   "categoryId" :64,\n   "categoryName" :"PSB",\n   "value" :0\n}]', 0, NULL, NULL, NULL, NULL, 8),
	(224, '你走路撞到门，鼻子流血了。', 0, '[{\n   "index" :"A",\n   "content" :"我走路时没有注意看路。",\n   "categoryId" :62,\n   "categoryName" :"PVB",\n   "value" :0\n}, {\n   "index" :"B",\n   "content" :"我最近很不小心。",\n   "categoryId" :62,\n   "categoryName" :"PVB",\n   "value" :1\n}]', 0, NULL, NULL, NULL, NULL, 8),
	(225, '你漏接了一个球，你的球队因此输了。', 0, '[{\n   "index" :"A",\n   "content" :"我那天打球没有尽力。",\n   "categoryId" :60,\n   "categoryName" :"PMB",\n   "value" :0\n}, {\n   "index" :"B",\n   "content" :"我平时打球都没有尽力。",\n   "categoryId" :60,\n   "categoryName" :"PMB",\n   "value" :1\n}]', 0, NULL, NULL, NULL, NULL, 8),
	(226, '你上体育课时扭到脚。', 0, '[{\n   "index" :"A",\n   "content" :"过去几个星期的体育课都很危险。",\n   "categoryId" :64,\n   "categoryName" :"PSB",\n   "value" :0\n}, {\n   "index" :"B",\n   "content" :"过去几个星期，我上体育课都很不小心。",\n   "categoryId" :64,\n   "categoryName" :"PSB",\n   "value" :1\n}]', 0, NULL, NULL, NULL, NULL, 8),
	(227, '你爸妈带你去海边玩，你玩得很愉快。', 0, '[{\n   "index" :"A",\n   "content" :"那一天在海边发生的每件事情都很好。",\n   "categoryId" :63,\n   "categoryName" :"PVG",\n   "value" :1\n}, {\n   "index" :"B",\n   "content" :"那天海边的天气好。",\n   "categoryId" :63,\n   "categoryName" :"PVG",\n   "value" :0\n}]', 0, NULL, NULL, NULL, NULL, 8),
	(228, '你做的火车误点了，使你没有赶上电影。', 0, '[{\n   "index" :"A",\n   "content" :"这几天火车都不太准时。",\n   "categoryId" :60,\n   "categoryName" :"PMB",\n   "value" :0\n}, {\n   "index" :"B",\n   "content" :"火车几乎从来没有准时过。",\n   "categoryId" :60,\n   "categoryName" :"PMB",\n   "value" :1\n}]', 0, NULL, NULL, NULL, NULL, 8),
	(229, '你妈妈烧了你最爱吃的晚饭。', 0, '[{\n   "index" :"A",\n   "content" :"我妈妈会为了使我高兴而做一些事情。",\n   "categoryId" :63,\n   "categoryName" :"PVG",\n   "value" :0\n}, {\n   "index" :"B",\n   "content" :"我妈妈喜欢使我高兴。",\n   "categoryId" :63,\n   "categoryName" :"PVG",\n   "value" :1\n}]', 0, NULL, NULL, NULL, NULL, 8),
	(230, '你的球队输了。', 0, '[{\n   "index" :"A",\n   "content" :"队友们不合作。",\n   "categoryId" :60,\n   "categoryName" :"PMB",\n   "value" :1\n}, {\n   "index" :"B",\n   "content" :"那天我的队友合作不佳。",\n   "categoryId" :60,\n   "categoryName" :"PMB",\n   "value" :0\n}]', 0, NULL, NULL, NULL, NULL, 8),
	(231, '你很快就做完了功课。', 0, '[{\n   "index" :"A",\n   "content" :"最近我做什么都很快。",\n   "categoryId" :63,\n   "categoryName" :"PVG",\n   "value" :1\n}, {\n   "index" :"B",\n   "content" :"最近我做功课很快。",\n   "categoryId" :63,\n   "categoryName" :"PVG",\n   "value" :0\n}]', 0, NULL, NULL, NULL, NULL, 8),
	(232, '你的老师问你一个问题，你答错了。', 0, '[{\n   "index" :"A",\n   "content" :"我每次回答问题都会很紧张。",\n   "categoryId" :60,\n   "categoryName" :"PMB",\n   "value" :1\n}, {\n   "index" :"B",\n   "content" :"那天我回答问题时很紧张。",\n   "categoryId" :60,\n   "categoryName" :"PMB",\n   "value" :0\n}]', 0, NULL, NULL, NULL, NULL, 8),
	(233, '你上错公共汽车，你迷路了。', 0, '[{\n   "index" :"A",\n   "content" :"那一天我对什么事情都不太注意。",\n   "categoryId" :60,\n   "categoryName" :"PMB",\n   "value" :0\n}, {\n   "index" :"B",\n   "content" :"我平常都不注意周遭发生了什么事情。",\n   "categoryId" :60,\n   "categoryName" :"PMB",\n   "value" :1\n}]', 0, NULL, NULL, NULL, NULL, 8),
	(234, '你去游乐场玩得很高兴。', 0, '[{\n   "index" :"A",\n   "content" :"我通常在游乐场都玩得很好。",\n   "categoryId" :63,\n   "categoryName" :"PVG",\n   "value" :0\n}, {\n   "index" :"B",\n   "content" :"我通常都会玩得很好。",\n   "categoryId" :63,\n   "categoryName" :"PVG",\n   "value" :1\n}]', 0, NULL, NULL, NULL, NULL, 8),
	(235, '一个大孩子打你的耳光。', 0, '[{\n   "index" :"A",\n   "content" :"我捉弄他的弟弟。",\n   "categoryId" :64,\n   "categoryName" :"PSB",\n   "value" :1\n}, {\n   "index" :"B",\n   "content" :"他的弟弟告状说我捉弄他。",\n   "categoryId" :64,\n   "categoryName" :"PSB",\n   "value" :0\n}]', 0, NULL, NULL, NULL, NULL, 8),
	(236, '你在过生日时得到了所有你想要的礼物。', 0, '[{\n   "index" :"A",\n   "content" :"大人每次都猜到我想要什么生日礼物。",\n   "categoryId" :61,\n   "categoryName" :"PMG",\n   "value" :1\n}, {\n   "index" :"B",\n   "content" :"这次生日，大人猜对了我所想要的礼物。",\n   "categoryId" :61,\n   "categoryName" :"PMG",\n   "value" :0\n}]', 0, NULL, NULL, NULL, NULL, 8),
	(237, '你去乡下度假，玩得很愉快。', 0, '[{\n   "index" :"A",\n   "content" :"乡下非常漂亮。",\n   "categoryId" :61,\n   "categoryName" :"PMG",\n   "value" :1\n}, {\n   "index" :"B",\n   "content" :"我们去的这个季节是很美的季节。",\n   "categoryId" :61,\n   "categoryName" :"PMG",\n   "value" :0\n}]', 0, NULL, NULL, NULL, NULL, 8),
	(238, '你的邻居请你去他家吃饭。', 0, '[{\n   "index" :"A",\n   "content" :"有时候大人的心情很好。",\n   "categoryId" :61,\n   "categoryName" :"PMG",\n   "value" :0\n}, {\n   "index" :"B",\n   "content" :"他们人很好。",\n   "categoryId" :61,\n   "categoryName" :"PMG",\n   "value" :1\n}]', 0, NULL, NULL, NULL, NULL, 8),
	(239, '你的代课老师很喜欢你。', 0, '[{\n   "index" :"A",\n   "content" :"我在那天上课很乖。",\n   "categoryId" :61,\n   "categoryName" :"PMG",\n   "value" :0\n}, {\n   "index" :"B",\n   "content" :"我上课几乎都很乖。",\n   "categoryId" :61,\n   "categoryName" :"PMG",\n   "value" :1\n}]', 0, NULL, NULL, NULL, NULL, 8),
	(240, '你使你的朋友很高兴。', 0, '[{\n   "index" :"A",\n   "content" :"跟我在一起时通常都很有趣。",\n   "categoryId" :61,\n   "categoryName" :"PMG",\n   "value" :1\n}, {\n   "index" :"B",\n   "content" :"有的时候跟我在一起很有趣。",\n   "categoryId" :61,\n   "categoryName" :"PMG",\n   "value" :0\n}]', 0, NULL, NULL, NULL, NULL, 8),
	(241, '你得到一个免费的冰淇淋。', 0, '[{\n   "index" :"A",\n   "content" :"我那天对卖冰淇淋的人很友善。",\n   "categoryId" :65,\n   "categoryName" :"PSG",\n   "value" :1\n}, {\n   "index" :"B",\n   "content" :"卖冰淇淋的人那天心情很好。",\n   "categoryId" :65,\n   "categoryName" :"PSG",\n   "value" :0\n}]', 0, NULL, NULL, NULL, NULL, 8),
	(242, '在你朋友的宴会上，魔术师叫你做他的助手。', 0, '[{\n   "index" :"A",\n   "content" :"他选中了我纯粹是运气。",\n   "categoryId" :65,\n   "categoryName" :"PSG",\n   "value" :0\n}, {\n   "index" :"B",\n   "content" :"我对他的表演表现出非常有兴趣的样子。",\n   "categoryId" :65,\n   "categoryName" :"PSG",\n   "value" :1\n}]', 0, NULL, NULL, NULL, NULL, 8),
	(243, '你想说服一个朋友跟你一起去看电影，但是他不肯。', 0, '[{\n   "index" :"A",\n   "content" :"那天他什么事都不想做。",\n   "categoryId" :62,\n   "categoryName" :"PVB",\n   "value" :1\n}, {\n   "index" :"B",\n   "content" :"那天他不想去看电影。",\n   "categoryId" :62,\n   "categoryName" :"PVB",\n   "value" :0\n}]', 0, NULL, NULL, NULL, NULL, 8),
	(244, '你父母离婚了。', 0, '[{\n   "index" :"A",\n   "content" :"结了婚的人很难相处得很好。",\n   "categoryId" :62,\n   "categoryName" :"PVB",\n   "value" :1\n}, {\n   "index" :"B",\n   "content" :"我父母结婚后相处得很不好。",\n   "categoryId" :62,\n   "categoryName" :"PVB",\n   "value" :0\n}]', 0, NULL, NULL, NULL, NULL, 8),
	(245, '你想加入一个俱乐部，可是你进不去。', 0, '[{\n   "index" :"A",\n   "content" :"我跟别人处不来。",\n   "categoryId" :62,\n   "categoryName" :"PVB",\n   "value" :1\n}, {\n   "index" :"B",\n   "content" :"我跟俱乐部的人处不来。",\n   "categoryId" :62,\n   "categoryName" :"PVB",\n   "value" :0\n}]', 0, NULL, NULL, NULL, NULL, 8),
	(10044, '在你朋友的宴会上，魔术师叫你做他的助手。', 0, '[{\n   "index" :"A",\n   "content" :"他选中了我纯粹是运气。",\n   "categoryId" :10006,\n   "categoryName" :"PSG",\n   "value" :0\n}, {\n   "index" :"B",\n   "content" :"我对他的表演表现出非常有兴趣的样子。",\n   "categoryId" :10006,\n   "categoryName" :"PSG",\n   "value" :1\n}]', 0, NULL, NULL, NULL, NULL, 10000),
	(10043, '我意外得到一个免费的冰淇淋。', 0, '[{\n   "index" :"A",\n   "content" :"我那天对卖冰淇淋的人很友善。",\n   "categoryId" :10006,\n   "categoryName" :"PSG",\n   "value" :1\n}, {\n   "index" :"B",\n   "content" :"卖冰淇淋的人那天心情很好。",\n   "categoryId" :10006,\n   "categoryName" :"PSG",\n   "value" :0\n}]', 0, NULL, NULL, NULL, NULL, 10000),
	(10042, '你使你的朋友很高兴。', 0, '[{\n   "index" :"A",\n   "content" :"跟我在一起时通常都很有趣。",\n   "categoryId" :10002,\n   "categoryName" :"PMG",\n   "value" :1\n}, {\n   "index" :"B",\n   "content" :"有的时候跟我在一起很有趣。",\n   "categoryId" :10002,\n   "categoryName" :"PMG",\n   "value" :0\n}]', 0, NULL, NULL, NULL, NULL, 10000),
	(10041, '你的语文老师很喜欢你。', 0, '[{\n   "index" :"A",\n   "content" :"我在那天上课很认真。",\n   "categoryId" :10002,\n   "categoryName" :"PMG",\n   "value" :0\n}, {\n   "index" :"B",\n   "content" :"我上课几乎都很认真。",\n   "categoryId" :10002,\n   "categoryName" :"PMG",\n   "value" :1\n}]', 0, NULL, NULL, NULL, NULL, 10000),
	(10040, '你的邻居请你去他家吃饭。', 0, '[{\n   "index" :"A",\n   "content" :"有时候大人的心情很好。",\n   "categoryId" :10002,\n   "categoryName" :"PMG",\n   "value" :0\n}, {\n   "index" :"B",\n   "content" :"他们人很好。",\n   "categoryId" :10002,\n   "categoryName" :"PMG",\n   "value" :1\n}]', 0, NULL, NULL, NULL, NULL, 10000),
	(10039, '我去乡下玩，玩得很愉快。', 0, '[{\n   "index" :"A",\n   "content" :"乡下非常漂亮。",\n   "categoryId" :10002,\n   "categoryName" :"PMG",\n   "value" :1\n}, {\n   "index" :"B",\n   "content" :"我们去的这个季节是很美的季节。",\n   "categoryId" :10002,\n   "categoryName" :"PMG",\n   "value" :0\n}]', 0, NULL, NULL, NULL, NULL, 10000),
	(10038, '你在过生日时得到了所有你想要的礼物。', 0, '[{\n   "index" :"A",\n   "content" :"大人每次都猜到我想要什么生日礼物。",\n   "categoryId" :10002,\n   "categoryName" :"PMG",\n   "value" :1\n}, {\n   "index" :"B",\n   "content" :"这次生日，大人猜对了我所想要的礼物。",\n   "categoryId" :10002,\n   "categoryName" :"PMG",\n   "value" :0\n}]', 0, NULL, NULL, NULL, NULL, 10000),
	(10037, '一个大孩子踢了我一脚。', 0, '[{\n   "index" :"A",\n   "content" :"我欺负了他的弟弟。",\n   "categoryId" :10005,\n   "categoryName" :"PSB",\n   "value" :1\n}, {\n   "index" :"B",\n   "content" :"他的弟弟告状说我欺负他。",\n   "categoryId" :10005,\n   "categoryName" :"PSB",\n   "value" :0\n}]', 0, NULL, NULL, NULL, NULL, 10000),
	(10036, '你去游乐场玩得很高兴。', 0, '[{\n   "index" :"A",\n   "content" :"我通常在游乐场都玩得很好。",\n   "categoryId" :10004,\n   "categoryName" :"PVG",\n   "value" :0\n}, {\n   "index" :"B",\n   "content" :"我通常都会玩得很好。",\n   "categoryId" :10004,\n   "categoryName" :"PVG",\n   "value" :1\n}]', 0, NULL, NULL, NULL, NULL, 10000),
	(10035, '你上错公共汽车，你迷路了。', 0, '[{\n   "index" :"A",\n   "content" :"那一天我对什么事情都不太注意。",\n   "categoryId" :10001,\n   "categoryName" :"PMB",\n   "value" :0\n}, {\n   "index" :"B",\n   "content" :"我平常都不注意周遭发生了什么事情。",\n   "categoryId" :10001,\n   "categoryName" :"PMB",\n   "value" :1\n}]', 0, NULL, NULL, NULL, NULL, 10000),
	(10034, '你的老师问你一个问题，你答错了。', 0, '[{\n   "index" :"A",\n   "content" :"我每次回答问题都会很紧张。",\n   "categoryId" :10001,\n   "categoryName" :"PMB",\n   "value" :1\n}, {\n   "index" :"B",\n   "content" :"那天我回答问题时很紧张。",\n   "categoryId" :10001,\n   "categoryName" :"PMB",\n   "value" :0\n}]', 0, NULL, NULL, NULL, NULL, 10000),
	(10033, '你很快就做完了功课。', 0, '[{\n   "index" :"A",\n   "content" :"最近我做什么都很快。",\n   "categoryId" :10004,\n   "categoryName" :"PVG",\n   "value" :1\n}, {\n   "index" :"B",\n   "content" :"最近我做功课很快。",\n   "categoryId" :10004,\n   "categoryName" :"PVG",\n   "value" :0\n}]', 0, NULL, NULL, NULL, NULL, 10000),
	(10032, '你的球队输了。', 0, '[{\n   "index" :"A",\n   "content" :"队友们不合作。",\n   "categoryId" :10001,\n   "categoryName" :"PMB",\n   "value" :1\n}, {\n   "index" :"B",\n   "content" :"那天我的队友合作不佳。",\n   "categoryId" :10001,\n   "categoryName" :"PMB",\n   "value" :0\n}]', 0, NULL, NULL, NULL, NULL, 10000),
	(10031, '你妈妈烧了你最爱吃的晚饭。', 0, '[{\n   "index" :"A",\n   "content" :"我妈妈会为了使我高兴而做一些事情。",\n   "categoryId" :10004,\n   "categoryName" :"PVG",\n   "value" :0\n}, {\n   "index" :"B",\n   "content" :"我妈妈喜欢使我高兴。",\n   "categoryId" :10004,\n   "categoryName" :"PVG",\n   "value" :1\n}]', 0, NULL, NULL, NULL, NULL, 10000),
	(10030, '我们做的火车晚点了，没有赶上电影。', 0, '[{\n   "index" :"A",\n   "content" :"这几天火车都不太准时。",\n   "categoryId" :10001,\n   "categoryName" :"PMB",\n   "value" :0\n}, {\n   "index" :"B",\n   "content" :"火车几乎从来没有准时过。",\n   "categoryId" :10001,\n   "categoryName" :"PMB",\n   "value" :1\n}]', 0, NULL, NULL, NULL, NULL, 10000),
	(10029, '你爸妈带你去海边玩，你玩得很愉快。', 0, '[{\n   "index" :"A",\n   "content" :"那一天在海边发生的每件事情都很好。",\n   "categoryId" :10004,\n   "categoryName" :"PVG",\n   "value" :1\n}, {\n   "index" :"B",\n   "content" :"那天海边的天气好。",\n   "categoryId" :10004,\n   "categoryName" :"PVG",\n   "value" :0\n}]', 0, NULL, NULL, NULL, NULL, 10000),
	(10028, '上体育课时不小心我扭到脚。', 0, '[{\n   "index" :"A",\n   "content" :"过去几个星期的体育课都很危险。",\n   "categoryId" :10005,\n   "categoryName" :"PSB",\n   "value" :0\n}, {\n   "index" :"B",\n   "content" :"过去几个星期，我上体育课都很不小心。",\n   "categoryId" :10005,\n   "categoryName" :"PSB",\n   "value" :1\n}]', 0, NULL, NULL, NULL, NULL, 10000),
	(10027, '你没接住那个球，所以我们球队输了。', 0, '[{\n   "index" :"A",\n   "content" :"我那天打球没有尽力。",\n   "categoryId" :10001,\n   "categoryName" :"PMB",\n   "value" :0\n}, {\n   "index" :"B",\n   "content" :"我平时打球都没有尽力。",\n   "categoryId" :10001,\n   "categoryName" :"PMB",\n   "value" :1\n}]', 0, NULL, NULL, NULL, NULL, 10000),
	(10026, '我走路撞到门，鼻子流血了。', 0, '[{\n   "index" :"A",\n   "content" :"我走路时没有注意看路。",\n   "categoryId" :10003,\n   "categoryName" :"PVB",\n   "value" :0\n}, {\n   "index" :"B",\n   "content" :"我最近很不小心。",\n   "categoryId" :10003,\n   "categoryName" :"PVB",\n   "value" :1\n}]', 0, NULL, NULL, NULL, NULL, 10000),
	(10025, '你在学校成绩不好。', 0, '[{\n   "index" :"A",\n   "content" :"我有点笨。",\n   "categoryId" :10005,\n   "categoryName" :"PSB",\n   "value" :1\n}, {\n   "index" :"B",\n   "content" :"老师不喜欢我。",\n   "categoryId" :10005,\n   "categoryName" :"PSB",\n   "value" :0\n}]', 0, NULL, NULL, NULL, NULL, 10000),
	(10024, '你玩一个游戏，你赢了。', 0, '[{\n   "index" :"A",\n   "content" :"有的时候我玩游戏很尽心",\n   "categoryId" :10004,\n   "categoryName" :"PVG",\n   "value" :0\n}, {\n   "index" :"B",\n   "content" :"有的时候我做事很尽心。",\n   "categoryId" :10004,\n   "categoryName" :"PVG",\n   "value" :1\n}]', 0, NULL, NULL, NULL, NULL, 10000),
	(10023, '你在校园附近卖东西，结果没有人买。', 0, '[{\n   "index" :"A",\n   "content" :"最近很多小孩都在校园附近卖东西，所以很多人都不愿意去那里买东西。",\n   "categoryId" :10001,\n   "categoryName" :"PMB",\n   "value" :0\n}, {\n   "index" :"B",\n   "content" :"大人不喜欢去小孩那里买东西。",\n   "categoryId" :10001,\n   "categoryName" :"PMB",\n   "value" :1\n}]', 0, NULL, NULL, NULL, NULL, 10000),
	(10022, '你和家人相处的都很好。', 0, '[{\n   "index" :"A",\n   "content" :"我跟家人很容易相处。",\n   "categoryId" :10002,\n   "categoryName" :"PMG",\n   "value" :1\n}, {\n   "index" :"B",\n   "content" :"有的时候我很容易和我的家人相处。",\n   "categoryId" :10002,\n   "categoryName" :"PMG",\n   "value" :0\n}]', 0, NULL, NULL, NULL, NULL, 10000),
	(10021, '你又交了一个新朋友。', 0, '[{\n   "index" :"A",\n   "content" :"我的为人很好。",\n   "categoryId" :10006,\n   "categoryName" :"PSG",\n   "value" :1\n}, {\n   "index" :"B",\n   "content" :"我遇见的那个人很好。",\n   "categoryId" :10006,\n   "categoryName" :"PSG",\n   "value" :0\n}]', 0, NULL, NULL, NULL, NULL, 10000),
	(10020, '你跟几个朋友合作项目，结果都很不理想。', 0, '[{\n   "index" :"A",\n   "content" :"我跟那些人合作得不好。",\n   "categoryId" :10003,\n   "categoryName" :"PVB",\n   "value" :0\n}, {\n   "index" :"B",\n   "content" :"我跟那些人合作从来没有好过。",\n   "categoryId" :10003,\n   "categoryName" :"PVB",\n   "value" :1\n}]', 0, NULL, NULL, NULL, NULL, 10000),
	(10017, '你在河里游泳的时候差一点淹死。', 0, '[{\n   "index" :"A",\n   "content" :"我游泳技术不太好。",\n   "categoryId" :10001,\n   "categoryName" :"PMB",\n   "value" :1\n}, {\n   "index" :"B",\n   "content" :"有时候我不太小心。",\n   "categoryId" :10001,\n   "categoryName" :"PMB",\n   "value" :0\n}]', 0, NULL, NULL, NULL, NULL, 10000),
	(10016, '你玩一个游戏，还赢了钱。', 0, '[{\n   "index" :"A",\n   "content" :"我是一个幸运的人。",\n   "categoryId" :10004,\n   "categoryName" :"PVG",\n   "value" :1\n}, {\n   "index" :"B",\n   "content" :"我玩的时候运气都很好。",\n   "categoryId" :10004,\n   "categoryName" :"PVG",\n   "value" :0\n}]', 0, NULL, NULL, NULL, NULL, 10000),
	(10015, '我的父母夸奖我做的蛋糕。', 0, '[{\n   "index" :"A",\n   "content" :"我很会做蛋糕。",\n   "categoryId" :10006,\n   "categoryName" :"PSG",\n   "value" :1\n}, {\n   "index" :"B",\n   "content" :"我的父母喜欢吃我做的蛋糕。",\n   "categoryId" :10006,\n   "categoryName" :"PSG",\n   "value" :0\n}]', 0, NULL, NULL, NULL, NULL, 10000),
	(10014, '有个人偷你的钱。', 0, '[{\n   "index" :"A",\n   "content" :"那个人不道德。",\n   "categoryId" :10003,\n   "categoryName" :"PVB",\n   "value" :0\n}, {\n   "index" :"B",\n   "content" :"现在的人都不诚实。",\n   "categoryId" :10003,\n   "categoryName" :"PVB",\n   "value" :1\n}]', 0, NULL, NULL, NULL, NULL, 10000),
	(10013, '最近体重增加了很多，看起来很胖。', 0, '[{\n   "index" :"A",\n   "content" :"我所吃的食物都是会发胖的。",\n   "categoryId" :10005,\n   "categoryName" :"PSB",\n   "value" :0\n}, {\n   "index" :"B",\n   "content" :"我喜欢吃甜食和油炸食品。",\n   "categoryId" :10005,\n   "categoryName" :"PSB",\n   "value" :1\n}]', 0, NULL, NULL, NULL, NULL, 10000),
	(10012, '这次考试不及格。', 0, '[{\n   "index" :"A",\n   "content" :"老师出的题目很难了",\n   "categoryId" :10001,\n   "categoryName" :"PMB",\n   "value" :1\n}, {\n   "index" :"B",\n   "content" :"过去几个星期老师出的题目都很难。",\n   "categoryId" :10001,\n   "categoryName" :"PMB",\n   "value" :0\n}]', 0, NULL, NULL, NULL, NULL, 10000),
	(10011, '你听不懂老师今天上的课。', 0, '[{\n   "index" :"A",\n   "content" :"我今天心烦什么课都没有注意听。",\n   "categoryId" :10003,\n   "categoryName" :"PVB",\n   "value" :0\n}, {\n   "index" :"B",\n   "content" :"我没有注意听老师讲的话。",\n   "categoryId" :10003,\n   "categoryName" :"PVB",\n   "value" :1\n}]', 0, NULL, NULL, NULL, NULL, 10000),
	(10010, '我给大家讲笑话但是没有人笑。', 0, '[{\n   "index" :"A",\n   "content" :"我不太会说笑话。",\n   "categoryId" :10005,\n   "categoryName" :"PSB",\n   "value" :1\n}, {\n   "index" :"B",\n   "content" :"这个笑话大家都知道了，所以不好笑。",\n   "categoryId" :10005,\n   "categoryName" :"PSB",\n   "value" :0\n}]', 0, NULL, NULL, NULL, NULL, 10000),
	(10009, '一个好朋友告诉我说他其实内心很恨我。', 0, '[{\n   "index" :"A",\n   "content" :"我朋友那天说的是“气话”。",\n   "categoryId" :10005,\n   "categoryName" :"PSB",\n   "value" :0\n}, {\n   "index" :"B",\n   "content" :"我那天对朋友的态度很不好。",\n   "categoryId" :10005,\n   "categoryName" :"PSB",\n   "value" :1\n}]', 0, NULL, NULL, NULL, NULL, 10000),
	(10008, '你碰到一位朋友，朋友说你最近状态很好啊。', 0, '[{\n   "index" :"A",\n   "content" :"我的朋友那天可能很想称赞别人的外表。",\n   "categoryId" :10002,\n   "categoryName" :"PMG",\n   "value" :0\n}, {\n   "index" :"B",\n   "content" :"我的朋友通常会称赞别人的外表。",\n   "categoryId" :10002,\n   "categoryName" :"PMG",\n   "value" :1\n}]', 0, NULL, NULL, NULL, NULL, 10000),
	(10007, '我的学习成绩一直都很好', 0, '[{\n   "index" :"A",\n   "content" :"学校的功课挺简单的。",\n   "categoryId" :10006,\n   "categoryName" :"PSG",\n   "value" :0\n}, {\n   "index" :"B",\n   "content" :"我在学习方面很努力。",\n   "categoryId" :10006,\n   "categoryName" :"PSG",\n   "value" :1\n}]', 0, NULL, NULL, NULL, NULL, 10000),
	(10006, '有的朋友说不喜欢你。', 0, '[{\n   "index" :"A",\n   "content" :"他们有时对我很不友好",\n   "categoryId" :10005,\n   "categoryName" :"PSB",\n   "value" :0\n}, {\n   "index" :"B",\n   "content" :"有的时候我对他们也很不好。",\n   "categoryId" :10005,\n   "categoryName" :"PSB",\n   "value" :1\n}]', 0, NULL, NULL, NULL, NULL, 10000),
	(10005, '你最爱的狗狗被车子压死了。', 0, '[{\n   "index" :"A",\n   "content" :"我没有照顾好我的狗狗。",\n   "categoryId" :10005,\n   "categoryName" :"PSB",\n   "value" :1\n}, {\n   "index" :"B",\n   "content" :"开车的人太野蛮了。",\n   "categoryId" :10005,\n   "categoryName" :"PSB",\n   "value" :0\n}]', 0, NULL, NULL, NULL, NULL, 10000),
	(10002, '你在朋友家玩得愉快时，就在他家住了一夜。', 0, '[{\n   "index" :"A",\n   "content" :"那天晚上我朋友特别高兴。",\n   "categoryId" :10004,\n   "categoryName" :"PVG",\n   "value" :0\n}, {\n   "index" :"B",\n   "content" :"朋友家的每一个人对我都非常友好。",\n   "categoryId" :10004,\n   "categoryName" :"PVG",\n   "value" :1\n}]', 0, NULL, NULL, NULL, NULL, 10000),
	(10000, '你考试得了个100分。', 0, '[{\n   "index" :"A",\n   "content" :"我非常聪明",\n   "categoryId" :10004,\n   "categoryName" :"PVG",\n   "value" :1\n}, {\n   "index" :"B",\n   "content" :"我很喜欢这门课",\n   "categoryId" :10004,\n   "categoryName" :"PVG",\n   "value" :0\n}]', 0, NULL, NULL, NULL, NULL, 10000),
	(10001, '你跟朋友玩游戏，你赢了', 0, '[{\n   "index" :"A",\n   "content" :"那个朋友不太会玩这个游戏",\n   "categoryId" :10006,\n   "categoryName" :"PSG",\n   "value" :0\n}, {\n   "index" :"B",\n   "content" :"我经常玩游戏",\n   "categoryId" :10006,\n   "categoryName" :"PSG",\n   "value" :1\n}]', 0, NULL, NULL, NULL, NULL, 10000),
	(10019, '有个大人突然骂你。', 0, '[{\n   "index" :"A",\n   "content" :"那个人今天一定是生了气。",\n   "categoryId" :10003,\n   "categoryName" :"PVB",\n   "value" :0\n}, {\n   "index" :"B",\n   "content" :"那个人那天骂了好多人。",\n   "categoryId" :10003,\n   "categoryName" :"PVB",\n   "value" :1\n}]', 0, NULL, NULL, NULL, NULL, 10000),
	(10018, '你被邀请去参加朋友的生日聚会。', 0, '[{\n   "index" :"A",\n   "content" :"最近很多人都对我很友善。",\n   "categoryId" :10006,\n   "categoryName" :"PSG",\n   "value" :0\n}, {\n   "index" :"B",\n   "content" :"我最近对很多人都很友善。",\n   "categoryId" :10006,\n   "categoryName" :"PSG",\n   "value" :1\n}]', 0, NULL, NULL, NULL, NULL, 10000),
	(10004, '几个朋友都得流感了，庆幸你没有。', 0, '[{\n   "index" :"A",\n   "content" :"我最近一直坚持锻炼。",\n   "categoryId" :10002,\n   "categoryName" :"PMG",\n   "value" :0\n}, {\n   "index" :"B",\n   "content" :"我是一个非常健康的人。",\n   "categoryId" :10002,\n   "categoryName" :"PMG",\n   "value" :1\n}]', 0, NULL, NULL, NULL, NULL, 10000),
	(10003, '你跟小伙伴们去旅游，玩得真开心。', 0, '[{\n   "index" :"A",\n   "content" :"那一刻感觉心情极好，轻松愉快。",\n   "categoryId" :10006,\n   "categoryName" :"PSG",\n   "value" :1\n}, {\n   "index" :"B",\n   "content" :"大家的心情也都很轻松愉快。",\n   "categoryId" :10006,\n   "categoryName" :"PSG",\n   "value" :0\n}]', 0, NULL, NULL, NULL, NULL, 10000),
	(10045, '你想说服一个朋友跟你一起去看电影，但是他不肯。', 0, '[{\n   "index" :"A",\n   "content" :"那天他什么事都不想做。",\n   "categoryId" :10003,\n   "categoryName" :"PVB",\n   "value" :1\n}, {\n   "index" :"B",\n   "content" :"那天他不想去看电影。",\n   "categoryId" :10003,\n   "categoryName" :"PVB",\n   "value" :0\n}]', 0, NULL, NULL, NULL, NULL, 10000),
	(10046, '你父母吵架很凶。', 0, '[{\n   "index" :"A",\n   "content" :"结了婚的人很难相处得很好。",\n   "categoryId" :10003,\n   "categoryName" :"PVB",\n   "value" :1\n}, {\n   "index" :"B",\n   "content" :"我父母结婚后相处得很不好。",\n   "categoryId" :10003,\n   "categoryName" :"PVB",\n   "value" :0\n}]', 0, NULL, NULL, NULL, NULL, 10000),
	(10047, '你想加入一个俱乐部，可是你进不去。', 0, '[{\n   "index" :"A",\n   "content" :"我跟别人处不来。",\n   "categoryId" :10003,\n   "categoryName" :"PVB",\n   "value" :1\n}, {\n   "index" :"B",\n   "content" :"我跟俱乐部的人处不来。",\n   "categoryId" :10003,\n   "categoryName" :"PVB",\n   "value" :0\n}]', 0, NULL, NULL, NULL, NULL, 10000);
/*!40000 ALTER TABLE `quiz_item` ENABLE KEYS */;


# Dumping structure for table psychometry.quiz_normal_config
CREATE TABLE IF NOT EXISTS `quiz_normal_config` (
  `categoryName` varchar(256) NOT NULL,
  `averageScore` double NOT NULL,
  `sd` double NOT NULL
) ENGINE=InnoDB DEFAULT CHARSET=utf8;

# Dumping data for table psychometry.quiz_normal_config: ~18 rows (approximately)
/*!40000 ALTER TABLE `quiz_normal_config` DISABLE KEYS */;
INSERT INTO `quiz_normal_config` (`categoryName`, `averageScore`, `sd`) VALUES
	('自我情绪感知', 7, 0.943310658),
	('他人情绪感知', 6.9841, 0.727639204),
	('稳定性', 6.4286, 0.984126984),
	('控制力', 6.6667, 1.233560091),
	('自我激励', 6.9046, 1.723356009),
	('表达', 6.8175, 2.098765432),
	('适应力', 6.3333, 1.287981859),
	('感染力', 5.9524, 2.099773243),
	('问题解决', 6.625, 1.760416667),
	('自我情绪感知', 7, 0.943310658),
	('他人情绪感知', 6.9841, 0.727639204),
	('稳定性', 6.4286, 0.984126984),
	('控制力', 6.6667, 1.233560091),
	('自我激励', 6.9046, 1.723356009),
	('表达', 6.8175, 2.098765432),
	('适应力', 6.3333, 1.287981859),
	('感染力', 5.9524, 2.099773243),
	('问题解决', 6.625, 1.760416667);
/*!40000 ALTER TABLE `quiz_normal_config` ENABLE KEYS */;


# Dumping structure for table psychometry.quiz_result
CREATE TABLE IF NOT EXISTS `quiz_result` (
  `id` int(11) NOT NULL,
  `userid` int(11) NOT NULL COMMENT '答题者id',
  `companyId` int(11) NOT NULL COMMENT '答题者公司id',
  `segmentId` int(11) NOT NULL COMMENT '号段id',
  `quizid` int(11) NOT NULL COMMENT '试卷id',
  `timestamp` bigint(20) NOT NULL COMMENT '答题时间',
  `answer` text NOT NULL COMMENT '答案明细',
  `lieScore` int(10) DEFAULT NULL COMMENT '总分',
  `score` int(10) NOT NULL COMMENT '总分',
  `scoreJson` text NOT NULL COMMENT '各类型得分',
  `valid` tinyint(1) NOT NULL COMMENT '是否有效',
  `categoryId` int(10) DEFAULT NULL COMMENT '评定类型id',
  `categoryName` varchar(128) DEFAULT NULL COMMENT '评定类型名称'
) ENGINE=InnoDB DEFAULT CHARSET=utf8 COMMENT='测试结果';

# Dumping data for table psychometry.quiz_result: ~62 rows (approximately)
/*!40000 ALTER TABLE `quiz_result` DISABLE KEYS */;
INSERT INTO `quiz_result` (`id`, `userid`, `companyId`, `segmentId`, `quizid`, `timestamp`, `answer`, `lieScore`, `score`, `scoreJson`, `valid`, `categoryId`, `categoryName`) VALUES
	(1, 1, 1, 0, 3, 1430757135786, '{\n   "1" :"B",\n   "2" :"C",\n   "3" :"B",\n   "4" :"B",\n   "5" :"C",\n   "6" :"B",\n   "7" :"B",\n   "8" :"C",\n   "9" :"B",\n   "10" :"B",\n   "11" :"C",\n   "12" :"B",\n   "13" :"B",\n   "14" :"D"\n}', 0, 140, '{\n   "2" :20,\n   "3" :40,\n   "4" :40,\n   "5" :40\n}', 1, 3, '表达型'),
	(2, 1, 1, 0, 4, 1430757135786, '{\n   "15" :"C",\n   "17" :"C",\n   "16" :"B",\n   "19" :"B",\n   "18" :"B",\n   "21" :"B",\n   "20" :"C",\n   "23" :"C",\n   "22" :"B",\n   "25" :"B",\n   "24" :"B",\n   "27" :"B",\n   "26" :"B",\n   "29" :"B",\n   "28" :"C",\n   "31" :"B",\n   "30" :"B",\n   "34" :"C",\n   "35" :"B",\n   "32" :"B",\n   "33" :"B",\n   "38" :"B",\n   "39" :"B",\n   "36" :"B",\n   "37" :"B",\n   "42" :"B",\n   "43" :"B",\n   "40" :"C",\n   "41" :"B",\n   "46" :"B",\n   "47" :"B",\n   "44" :"C",\n   "45" :"B",\n   "49" :"B",\n   "48" :"B"\n}', 0, 78, '{\n   "6" :14,\n   "7" :18,\n   "8" :15,\n   "9" :14,\n   "10" :17\n}', 1, 7, '回避型'),
	(3, 1, 1, 0, 3, 1430757377474, '{\n   "1" :"C",\n   "2" :"B",\n   "3" :"B",\n   "4" :"B",\n   "5" :"C",\n   "6" :"C",\n   "7" :"D",\n   "8" :"C",\n   "9" :"B",\n   "10" :"D",\n   "11" :"C",\n   "12" :"B",\n   "13" :"B",\n   "14" :"C"\n}', 0, 140, '{\n   "2" :30,\n   "3" :20,\n   "4" :60,\n   "5" :30\n}', 1, 4, '和蔼型'),
	(4, 1, 1, 0, 4, 1430757377474, '{\n   "15" :"D",\n   "17" :"B",\n   "16" :"B",\n   "19" :"C",\n   "18" :"D",\n   "21" :"E",\n   "20" :"B",\n   "23" :"B",\n   "22" :"C",\n   "25" :"F",\n   "24" :"B",\n   "27" :"B",\n   "26" :"B",\n   "29" :"B",\n   "28" :"C",\n   "31" :"C",\n   "30" :"B",\n   "34" :"B",\n   "35" :"B",\n   "32" :"B",\n   "33" :"F",\n   "38" :"B",\n   "39" :"D",\n   "36" :"A",\n   "37" :"C",\n   "42" :"B",\n   "43" :"B",\n   "40" :"C",\n   "41" :"B",\n   "46" :"B",\n   "47" :"C",\n   "44" :"C",\n   "45" :"B",\n   "49" :"B",\n   "48" :"B"\n}', 0, 94, '{\n   "6" :20,\n   "7" :19,\n   "8" :17,\n   "9" :19,\n   "10" :19\n}', 1, 6, '整合型'),
	(9, 1, 1, 0, 5, 1431162448046, '{\n   "68" :"B",\n   "69" :"B",\n   "70" :"B",\n   "71" :"C",\n   "64" :"C",\n   "65" :"B",\n   "66" :"B",\n   "67" :"C",\n   "76" :"B",\n   "77" :"B",\n   "78" :"C",\n   "79" :"B",\n   "72" :"B",\n   "73" :"B",\n   "74" :"B",\n   "75" :"C",\n   "85" :"B",\n   "84" :"B",\n   "87" :"B",\n   "86" :"C",\n   "81" :"B",\n   "80" :"C",\n   "83" :"B",\n   "82" :"C",\n   "93" :"C",\n   "92" :"B",\n   "95" :"B",\n   "94" :"B",\n   "89" :"B",\n   "88" :"B",\n   "91" :"B",\n   "90" :"C",\n   "102" :"B",\n   "103" :"B",\n   "100" :"C",\n   "101" :"B",\n   "98" :"D",\n   "99" :"D",\n   "96" :"D",\n   "97" :"B",\n   "51" :"C",\n   "50" :"C",\n   "55" :"C",\n   "54" :"B",\n   "53" :"B",\n   "52" :"B",\n   "59" :"C",\n   "58" :"C",\n   "57" :"B",\n   "56" :"B",\n   "63" :"B",\n   "62" :"B",\n   "61" :"C",\n   "60" :"B"\n}', 32, 152, '{\n   "17" :21,\n   "16" :26,\n   "12" :26,\n   "13" :26,\n   "14" :27,\n   "15" :26\n}', 1, 14, '行为表现'),
	(10, 1, 1, 0, 3, 1431162597209, '{\n   "1" :"A",\n   "2" :"B",\n   "3" :"C",\n   "4" :"B",\n   "5" :"B",\n   "6" :"B",\n   "7" :"B",\n   "8" :"C",\n   "9" :"B",\n   "10" :"B",\n   "11" :"B",\n   "12" :"B",\n   "13" :"B",\n   "14" :"B"\n}', 0, 140, '{\n   "2" :30,\n   "3" :30,\n   "4" :30,\n   "5" :50\n}', 1, 5, '分析型'),
	(11, 1, 1, 0, 4, 1431162597209, '{\n   "15" :"C",\n   "17" :"B",\n   "16" :"E",\n   "19" :"C",\n   "18" :"B",\n   "21" :"B",\n   "20" :"B",\n   "23" :"C",\n   "22" :"D",\n   "25" :"C",\n   "24" :"C",\n   "27" :"B",\n   "26" :"C",\n   "29" :"C",\n   "28" :"B",\n   "31" :"B",\n   "30" :"B",\n   "34" :"C",\n   "35" :"D",\n   "32" :"B",\n   "33" :"B",\n   "38" :"C",\n   "39" :"B",\n   "36" :"B",\n   "37" :"B",\n   "42" :"C",\n   "43" :"B",\n   "40" :"B",\n   "41" :"B",\n   "46" :"D",\n   "47" :"B",\n   "44" :"B",\n   "45" :"D",\n   "49" :"C",\n   "48" :"B"\n}', 0, 92, '{\n   "6" :19,\n   "7" :18,\n   "8" :17,\n   "9" :19,\n   "10" :19\n}', 1, 6, '整合型'),
	(28, 1, 1, 1, 7, 1443271277036, '[{"questionId":"126","optionIndex":"D","score":"4"},{"questionId":"127","optionIndex":"C","score":"3"},{"questionId":"128","optionIndex":"B","score":"2"},{"questionId":"129","optionIndex":"B","score":"2"},{"questionId":"130","optionIndex":"B","score":"2"},{"questionId":"131","optionIndex":"B","score":"2"},{"questionId":"132","optionIndex":"H","score":"8"},{"questionId":"133","optionIndex":"C","score":"3"},{"questionId":"134","optionIndex":"D","score":"4"},{"questionId":"135","optionIndex":"E","score":"5"},{"questionId":"136","optionIndex":"H","score":"8"},{"questionId":"137","optionIndex":"F","score":"6"},{"questionId":"138","optionIndex":"G","score":"7"},{"questionId":"139","optionIndex":"G","score":"7"},{"questionId":"140","optionIndex":"H","score":"8"},{"questionId":"141","optionIndex":"G","score":"7"},{"questionId":"142","optionIndex":"C","score":"3"},{"questionId":"143","optionIndex":"C","score":"3"},{"questionId":"144","optionIndex":"H","score":"8"},{"questionId":"145","optionIndex":"G","score":"7"},{"questionId":"146","optionIndex":"C","score":"3"},{"questionId":"147","optionIndex":"C","score":"3"},{"questionId":"148","optionIndex":"F","score":"6"},{"questionId":"149","optionIndex":"H","score":"8"},{"questionId":"150","optionIndex":"H","score":"8"},{"questionId":"151","optionIndex":"I","score":"9"},{"questionId":"152","optionIndex":"I","score":"9"},{"questionId":"153","optionIndex":"F","score":"6"},{"questionId":"154","optionIndex":"A","score":"1"},{"questionId":"155","optionIndex":"A","score":"1"},{"questionId":"156","optionIndex":"I","score":"9"},{"questionId":"157","optionIndex":"I","score":"9"},{"questionId":"158","optionIndex":"H","score":"8"},{"questionId":"159","optionIndex":"I","score":"9"},{"questionId":"160","optionIndex":"D","score":"4"},{"questionId":"161","optionIndex":"E","score":"5"},{"questionId":"162","optionIndex":"D","score":"4"},{"questionId":"163","optionIndex":"H","score":"8"},{"questionId":"164","optionIndex":"D","score":"4"},{"questionId":"165","optionIndex":"I","score":"9"},{"questionId":"166","optionIndex":"I","score":"9"},{"questionId":"167","optionIndex":"H","score":"8"},{"questionId":"168","optionIndex":"H","score":"8"},{"questionId":"169","optionIndex":"H","score":"8"},{"questionId":"170","optionIndex":"E","score":"5"},{"questionId":"171","optionIndex":"H","score":"8"},{"questionId":"172","optionIndex":"H","score":"8"},{"questionId":"173","optionIndex":"H","score":"8"},{"questionId":"174","optionIndex":"G","score":"7"},{"questionId":"175","optionIndex":"A","score":"1"},{"questionId":"176","optionIndex":"C","score":"3"},{"questionId":"177","optionIndex":"G","score":"7"},{"questionId":"178","optionIndex":"I","score":"9"},{"questionId":"179","optionIndex":"F","score":"6"},{"questionId":"180","optionIndex":"G","score":"7"},{"questionId":"181","optionIndex":"G","score":"7"},{"questionId":"182","optionIndex":"H","score":"8"},{"questionId":"183","optionIndex":"H","score":"8"},{"questionId":"184","optionIndex":"I","score":"9"},{"questionId":"185","optionIndex":"F","score":"6"},{"questionId":"186","optionIndex":"E","score":"5"},{"questionId":"187","optionIndex":"A","score":"1"},{"questionId":"188","optionIndex":"A","score":"1"},{"questionId":"189","optionIndex":"G","score":"7"},{"questionId":"190","optionIndex":"F","score":"6"},{"questionId":"191","optionIndex":"F","score":"6"},{"questionId":"192","optionIndex":"I","score":"9"},{"questionId":"193","optionIndex":"C","score":"3"},{"questionId":"194","optionIndex":"D","score":"4"},{"questionId":"195","optionIndex":"H","score":"8"},{"questionId":"196","optionIndex":"E","score":"5"},{"questionId":"197","optionIndex":"F","score":"6"}]', 0, 0, '{\n   "51" :{\n      "categoryId" :51,\n      "categoryName" :"自我情绪感知",\n      "originalAver" :6.8571,\n      "averageScore" :69,\n      "normalAver" :70,\n      "normalScore" :5,\n      "index" :3,\n      "varp" :3.5510204081632657,\n      "normdist" :0.4398\n   },\n   "55" :{\n      "categoryId" :55,\n      "categoryName" :"自我激励",\n      "originalAver" :4.7143,\n      "averageScore" :47,\n      "normalAver" :69,\n      "normalScore" :3,\n      "index" :2,\n      "varp" :5.63265306122449,\n      "normdist" :0.1019\n   },\n   "54" :{\n      "categoryId" :54,\n      "categoryName" :"控制力",\n      "originalAver" :5.4286,\n      "averageScore" :54,\n      "normalAver" :67,\n      "normalScore" :3,\n      "index" :2,\n      "varp" :7.959183673469388,\n      "normdist" :0.1578\n   },\n   "53" :{\n      "categoryId" :53,\n      "categoryName" :"稳定性",\n      "originalAver" :6.0,\n      "averageScore" :60,\n      "normalAver" :64,\n      "normalScore" :4,\n      "index" :3,\n      "varp" :7.428571428571429,\n      "normdist" :0.3316\n   },\n   "52" :{\n      "categoryId" :52,\n      "categoryName" :"他人情绪感知",\n      "originalAver" :6.7143,\n      "averageScore" :67,\n      "normalAver" :70,\n      "normalScore" :4,\n      "index" :3,\n      "varp" :6.204081632653062,\n      "normdist" :0.3554\n   },\n   "59" :{\n      "categoryId" :59,\n      "categoryName" :"问题解决",\n      "originalAver" :5.2857,\n      "averageScore" :53,\n      "normalAver" :66,\n      "normalScore" :3,\n      "index" :3,\n      "varp" :5.632653061224489,\n      "normdist" :0.2234\n   },\n   "58" :{\n      "categoryId" :58,\n      "categoryName" :"感染力",\n      "originalAver" :6.0,\n      "averageScore" :60,\n      "normalAver" :60,\n      "normalScore" :5,\n      "index" :3,\n      "varp" :6.571428571428571,\n      "normdist" :0.509\n   },\n   "57" :{\n      "categoryId" :57,\n      "categoryName" :"适应力",\n      "originalAver" :6.7143,\n      "averageScore" :67,\n      "normalAver" :63,\n      "normalScore" :6,\n      "index" :3,\n      "varp" :2.4897959183673466,\n      "normdist" :0.6163\n   },\n   "56" :{\n      "categoryId" :56,\n      "categoryName" :"表达",\n      "originalAver" :6.4286,\n      "averageScore" :64,\n      "normalAver" :68,\n      "normalScore" :5,\n      "index" :3,\n      "varp" :6.530612244897959,\n      "normdist" :0.4265\n   }\n}', 1, 0, NULL),
	(1, 1, 1, 1, 8, 1468461827876, '{\n   "198" :"B",\n   "199" :"A",\n   "200" :"A",\n   "201" :"A",\n   "202" :"B",\n   "203" :"A",\n   "204" :"B",\n   "205" :"A",\n   "206" :"B",\n   "207" :"A",\n   "208" :"B",\n   "209" :"B",\n   "210" :"B",\n   "211" :"B",\n   "212" :"A",\n   "213" :"A",\n   "214" :"B",\n   "215" :"B",\n   "216" :"A",\n   "217" :"A",\n   "218" :"A",\n   "219" :"A",\n   "220" :"A",\n   "221" :"A",\n   "222" :"B",\n   "223" :"B",\n   "224" :"A",\n   "225" :"B",\n   "226" :"A",\n   "227" :"A",\n   "228" :"A",\n   "229" :"A",\n   "230" :"B",\n   "231" :"A",\n   "232" :"A",\n   "233" :"B",\n   "234" :"B",\n   "235" :"A",\n   "236" :"A",\n   "237" :"A",\n   "238" :"B",\n   "239" :"B",\n   "240" :"A",\n   "241" :"A",\n   "242" :"B",\n   "243" :"B",\n   "244" :"A",\n   "245" :"B"\n}', 0, 26, '{\n   "64" :4,\n   "65" :5,\n   "60" :3,\n   "61" :8,\n   "62" :2,\n   "63" :4\n}', 1, 61, 'PMG'),
	(2, 1, 1, 1, 6, 1468462117564, '{\n   "104" :"A",\n   "105" :"C",\n   "106" :"E",\n   "107" :"D",\n   "108" :"C",\n   "109" :"B",\n   "110" :"A",\n   "111" :"B",\n   "112" :"B",\n   "113" :"B",\n   "114" :"D",\n   "115" :"E",\n   "116" :"D",\n   "117" :"E",\n   "118" :"C",\n   "119" :"F",\n   "120" :"C",\n   "121" :"B",\n   "122" :"E",\n   "123" :"F",\n   "124" :"B",\n   "125" :"B"\n}', 0, 50, '{\n   "32" :2,\n   "33" :1,\n   "34" :1,\n   "35" :4,\n   "36" :3,\n   "37" :2,\n   "38" :2,\n   "39" :5,\n   "40" :1,\n   "41" :4,\n   "42" :0,\n   "43" :2,\n   "44" :5,\n   "45" :1,\n   "46" :1,\n   "25" :1,\n   "26" :0,\n   "27" :1,\n   "28" :3,\n   "29" :4,\n   "30" :3,\n   "31" :4\n}', 1, 39, '资源'),
	(3, 2, 1, 1, 8, 1468800609098, '{\n   "198" :"B",\n   "199" :"A",\n   "200" :"B",\n   "201" :"B",\n   "202" :"A",\n   "203" :"A",\n   "204" :"B",\n   "205" :"B",\n   "206" :"B",\n   "207" :"A",\n   "208" :"A",\n   "209" :"B",\n   "210" :"A",\n   "211" :"B",\n   "212" :"A",\n   "213" :"B",\n   "214" :"B",\n   "215" :"A",\n   "216" :"B",\n   "217" :"B",\n   "218" :"A",\n   "219" :"B",\n   "220" :"A",\n   "221" :"A",\n   "222" :"A",\n   "223" :"A",\n   "224" :"A",\n   "225" :"A",\n   "226" :"B",\n   "227" :"A",\n   "228" :"A",\n   "229" :"A",\n   "230" :"B",\n   "231" :"B",\n   "232" :"B",\n   "233" :"A",\n   "234" :"A",\n   "235" :"A",\n   "236" :"A",\n   "237" :"A",\n   "238" :"B",\n   "239" :"B",\n   "240" :"B",\n   "241" :"A",\n   "242" :"B",\n   "243" :"B",\n   "244" :"B",\n   "245" :"B"\n}', 0, 23, '{\n   "64" :7,\n   "65" :4,\n   "60" :2,\n   "61" :6,\n   "62" :2,\n   "63" :2\n}', 1, 64, 'PSB'),
	(4, 3, 1, 1, 8, 1468801048457, '{\n   "198" :"B",\n   "199" :"A",\n   "200" :"B",\n   "201" :"B",\n   "202" :"B",\n   "203" :"A",\n   "204" :"B",\n   "205" :"B",\n   "206" :"B",\n   "207" :"B",\n   "208" :"B",\n   "209" :"B",\n   "210" :"A",\n   "211" :"A",\n   "212" :"A",\n   "213" :"B",\n   "214" :"B",\n   "215" :"A",\n   "216" :"B",\n   "217" :"A",\n   "218" :"A",\n   "219" :"B",\n   "220" :"B",\n   "221" :"A",\n   "222" :"B",\n   "223" :"A",\n   "224" :"B",\n   "225" :"A",\n   "226" :"B",\n   "227" :"A",\n   "228" :"A",\n   "229" :"B",\n   "230" :"B",\n   "231" :"A",\n   "232" :"B",\n   "233" :"A",\n   "234" :"B",\n   "235" :"B",\n   "236" :"A",\n   "237" :"B",\n   "238" :"B",\n   "239" :"B",\n   "240" :"A",\n   "241" :"A",\n   "242" :"B",\n   "243" :"B",\n   "244" :"B",\n   "245" :"B"\n}', 0, 25, '{\n   "64" :5,\n   "65" :4,\n   "60" :2,\n   "61" :6,\n   "62" :2,\n   "63" :6\n}', 1, 61, 'PMG'),
	(5, 4, 1, 1, 8, 1468801289873, '{\n   "198" :"B",\n   "199" :"A",\n   "200" :"B",\n   "201" :"B",\n   "202" :"B",\n   "203" :"A",\n   "204" :"B",\n   "205" :"A",\n   "206" :"A",\n   "207" :"B",\n   "208" :"A",\n   "209" :"A",\n   "210" :"A",\n   "211" :"A",\n   "212" :"A",\n   "213" :"B",\n   "214" :"A",\n   "215" :"A",\n   "216" :"B",\n   "217" :"B",\n   "218" :"A",\n   "219" :"B",\n   "220" :"B",\n   "221" :"B",\n   "222" :"A",\n   "223" :"A",\n   "224" :"B",\n   "225" :"A",\n   "226" :"B",\n   "227" :"A",\n   "228" :"A",\n   "229" :"B",\n   "230" :"B",\n   "231" :"A",\n   "232" :"A",\n   "233" :"A",\n   "234" :"B",\n   "235" :"B",\n   "236" :"B",\n   "237" :"B",\n   "238" :"B",\n   "239" :"B",\n   "240" :"A",\n   "241" :"A",\n   "242" :"A",\n   "243" :"A",\n   "244" :"A",\n   "245" :"A"\n}', 0, 27, '{\n   "64" :6,\n   "65" :2,\n   "60" :4,\n   "61" :4,\n   "62" :5,\n   "63" :6\n}', 1, 64, 'PSB'),
	(6, 6, 1, 1, 8, 1468801722423, '{\n   "198" :"B",\n   "199" :"B",\n   "200" :"B",\n   "201" :"B",\n   "202" :"B",\n   "203" :"B",\n   "204" :"B",\n   "205" :"B",\n   "206" :"B",\n   "207" :"B",\n   "208" :"A",\n   "209" :"B",\n   "210" :"A",\n   "211" :"B",\n   "212" :"A",\n   "213" :"B",\n   "214" :"A",\n   "215" :"B",\n   "216" :"B",\n   "217" :"B",\n   "218" :"A",\n   "219" :"B",\n   "220" :"A",\n   "221" :"A",\n   "222" :"B",\n   "223" :"A",\n   "224" :"B",\n   "225" :"A",\n   "226" :"B",\n   "227" :"A",\n   "228" :"A",\n   "229" :"A",\n   "230" :"B",\n   "231" :"A",\n   "232" :"B",\n   "233" :"B",\n   "234" :"B",\n   "235" :"A",\n   "236" :"B",\n   "237" :"B",\n   "238" :"B",\n   "239" :"B",\n   "240" :"B",\n   "241" :"A",\n   "242" :"B",\n   "243" :"A",\n   "244" :"B",\n   "245" :"B"\n}', 0, 29, '{\n   "64" :7,\n   "65" :5,\n   "60" :2,\n   "61" :5,\n   "62" :4,\n   "63" :6\n}', 1, 64, 'PSB'),
	(7, 7, 1, 1, 8, 1468802136757, '{\n   "198" :"B",\n   "199" :"A",\n   "200" :"B",\n   "201" :"B",\n   "202" :"A",\n   "203" :"A",\n   "204" :"B",\n   "205" :"B",\n   "206" :"B",\n   "207" :"A",\n   "208" :"A",\n   "209" :"B",\n   "210" :"A",\n   "211" :"B",\n   "212" :"A",\n   "213" :"B",\n   "214" :"B",\n   "215" :"B",\n   "216" :"A",\n   "217" :"B",\n   "218" :"A",\n   "219" :"B",\n   "220" :"B",\n   "221" :"B",\n   "222" :"A",\n   "223" :"A",\n   "224" :"A",\n   "225" :"A",\n   "226" :"A",\n   "227" :"B",\n   "228" :"A",\n   "229" :"A",\n   "230" :"B",\n   "231" :"B",\n   "232" :"B",\n   "233" :"A",\n   "234" :"A",\n   "235" :"A",\n   "236" :"B",\n   "237" :"A",\n   "238" :"B",\n   "239" :"B",\n   "240" :"A",\n   "241" :"A",\n   "242" :"B",\n   "243" :"A",\n   "244" :"B",\n   "245" :"B"\n}', 0, 20, '{\n   "64" :6,\n   "65" :3,\n   "60" :2,\n   "61" :5,\n   "62" :3,\n   "63" :1\n}', 1, 64, 'PSB'),
	(8, 5, 1, 1, 8, 1468802239546, '{\n   "198" :"B",\n   "199" :"A",\n   "200" :"B",\n   "201" :"B",\n   "202" :"A",\n   "203" :"A",\n   "204" :"B",\n   "205" :"B",\n   "206" :"A",\n   "207" :"B",\n   "208" :"A",\n   "209" :"A",\n   "210" :"A",\n   "211" :"A",\n   "212" :"A",\n   "213" :"B",\n   "214" :"A",\n   "215" :"B",\n   "216" :"B",\n   "217" :"A",\n   "218" :"A",\n   "219" :"B",\n   "220" :"B",\n   "221" :"A",\n   "222" :"A",\n   "223" :"A",\n   "224" :"A",\n   "225" :"A",\n   "226" :"B",\n   "227" :"B",\n   "228" :"A",\n   "229" :"A",\n   "230" :"B",\n   "231" :"B",\n   "232" :"B",\n   "233" :"A",\n   "234" :"A",\n   "235" :"A",\n   "236" :"B",\n   "237" :"A",\n   "238" :"B",\n   "239" :"A",\n   "240" :"B",\n   "241" :"A",\n   "242" :"B",\n   "243" :"B",\n   "244" :"B",\n   "245" :"B"\n}', 0, 16, '{\n   "64" :7,\n   "65" :4,\n   "60" :1,\n   "61" :2,\n   "62" :0,\n   "63" :2\n}', 1, 64, 'PSB'),
	(9, 9, 1, 1, 8, 1468802389902, '{\n   "198" :"B",\n   "199" :"A",\n   "200" :"B",\n   "201" :"B",\n   "202" :"A",\n   "203" :"A",\n   "204" :"B",\n   "205" :"A",\n   "206" :"A",\n   "207" :"B",\n   "208" :"A",\n   "209" :"B",\n   "210" :"A",\n   "211" :"B",\n   "212" :"A",\n   "213" :"B",\n   "214" :"A",\n   "215" :"A",\n   "216" :"A",\n   "217" :"B",\n   "218" :"A",\n   "219" :"B",\n   "220" :"B",\n   "221" :"A",\n   "222" :"B",\n   "223" :"A",\n   "224" :"A",\n   "225" :"A",\n   "226" :"B",\n   "227" :"A",\n   "228" :"A",\n   "229" :"A",\n   "230" :"B",\n   "231" :"A",\n   "232" :"A",\n   "233" :"A",\n   "234" :"B",\n   "235" :"B",\n   "236" :"A",\n   "237" :"A",\n   "238" :"B",\n   "239" :"B",\n   "240" :"A",\n   "241" :"A",\n   "242" :"B",\n   "243" :"B",\n   "244" :"B",\n   "245" :"B"\n}', 0, 25, '{\n   "64" :7,\n   "65" :2,\n   "60" :3,\n   "61" :5,\n   "62" :2,\n   "63" :6\n}', 1, 64, 'PSB'),
	(10, 8, 1, 1, 8, 1468802455361, '{\n   "198" :"A",\n   "199" :"B",\n   "200" :"B",\n   "201" :"A",\n   "202" :"B",\n   "203" :"A",\n   "204" :"A",\n   "205" :"A",\n   "206" :"B",\n   "207" :"B",\n   "208" :"A",\n   "209" :"B",\n   "210" :"B",\n   "211" :"B",\n   "212" :"A",\n   "213" :"B",\n   "214" :"B",\n   "215" :"B",\n   "216" :"A",\n   "217" :"B",\n   "218" :"B",\n   "219" :"A",\n   "220" :"B",\n   "221" :"B",\n   "222" :"B",\n   "223" :"A",\n   "224" :"A",\n   "225" :"A",\n   "226" :"A",\n   "227" :"B",\n   "228" :"B",\n   "229" :"B",\n   "230" :"B",\n   "231" :"A",\n   "232" :"B",\n   "233" :"A",\n   "234" :"A",\n   "235" :"B",\n   "236" :"A",\n   "237" :"B",\n   "238" :"B",\n   "239" :"B",\n   "240" :"A",\n   "241" :"A",\n   "242" :"B",\n   "243" :"B",\n   "244" :"A",\n   "245" :"A"\n}', 0, 28, '{\n   "64" :5,\n   "65" :5,\n   "60" :2,\n   "61" :6,\n   "62" :5,\n   "63" :5\n}', 1, 61, 'PMG'),
	(11, 10, 1, 1, 8, 1468802674862, '{\n   "198" :"B",\n   "199" :"A",\n   "200" :"B",\n   "201" :"B",\n   "202" :"A",\n   "203" :"A",\n   "204" :"B",\n   "205" :"B",\n   "206" :"B",\n   "207" :"A",\n   "208" :"B",\n   "209" :"B",\n   "210" :"A",\n   "211" :"B",\n   "212" :"A",\n   "213" :"B",\n   "214" :"B",\n   "215" :"B",\n   "216" :"A",\n   "217" :"B",\n   "218" :"A",\n   "219" :"A",\n   "220" :"A",\n   "221" :"A",\n   "222" :"B",\n   "223" :"A",\n   "224" :"A",\n   "225" :"A",\n   "226" :"B",\n   "227" :"A",\n   "228" :"A",\n   "229" :"B",\n   "230" :"B",\n   "231" :"A",\n   "232" :"A",\n   "233" :"A",\n   "234" :"B",\n   "235" :"B",\n   "236" :"A",\n   "237" :"B",\n   "238" :"B",\n   "239" :"B",\n   "240" :"A",\n   "241" :"B",\n   "242" :"B",\n   "243" :"B",\n   "244" :"B",\n   "245" :"B"\n}', 0, 24, '{\n   "64" :5,\n   "65" :3,\n   "60" :2,\n   "61" :6,\n   "62" :2,\n   "63" :6\n}', 1, 61, 'PMG'),
	(12, 12, 1, 1, 8, 1468803431681, '{\n   "198" :"B",\n   "199" :"A",\n   "200" :"B",\n   "201" :"B",\n   "202" :"B",\n   "203" :"A",\n   "204" :"B",\n   "205" :"A",\n   "206" :"B",\n   "207" :"A",\n   "208" :"A",\n   "209" :"B",\n   "210" :"A",\n   "211" :"A",\n   "212" :"A",\n   "213" :"B",\n   "214" :"A",\n   "215" :"B",\n   "216" :"A",\n   "217" :"A",\n   "218" :"A",\n   "219" :"B",\n   "220" :"B",\n   "221" :"B",\n   "222" :"A",\n   "223" :"A",\n   "224" :"A",\n   "225" :"A",\n   "226" :"B",\n   "227" :"A",\n   "228" :"A",\n   "229" :"A",\n   "230" :"B",\n   "231" :"B",\n   "232" :"A",\n   "233" :"A",\n   "234" :"B",\n   "235" :"A",\n   "236" :"A",\n   "237" :"A",\n   "238" :"B",\n   "239" :"A",\n   "240" :"A",\n   "241" :"B",\n   "242" :"A",\n   "243" :"B",\n   "244" :"B",\n   "245" :"B"\n}', 0, 20, '{\n   "64" :6,\n   "65" :0,\n   "60" :3,\n   "61" :6,\n   "62" :1,\n   "63" :4\n}', 1, 64, 'PSB'),
	(13, 13, 1, 1, 8, 1468803692335, '{\n   "198" :"B",\n   "199" :"A",\n   "200" :"B",\n   "201" :"B",\n   "202" :"B",\n   "203" :"A",\n   "204" :"B",\n   "205" :"B",\n   "206" :"B",\n   "207" :"B",\n   "208" :"A",\n   "209" :"B",\n   "210" :"B",\n   "211" :"A",\n   "212" :"A",\n   "213" :"B",\n   "214" :"A",\n   "215" :"A",\n   "216" :"B",\n   "217" :"B",\n   "218" :"A",\n   "219" :"B",\n   "220" :"A",\n   "221" :"A",\n   "222" :"A",\n   "223" :"A",\n   "224" :"A",\n   "225" :"A",\n   "226" :"B",\n   "227" :"A",\n   "228" :"A",\n   "229" :"A",\n   "230" :"B",\n   "231" :"B",\n   "232" :"B",\n   "233" :"B",\n   "234" :"B",\n   "235" :"A",\n   "236" :"B",\n   "237" :"A",\n   "238" :"B",\n   "239" :"B",\n   "240" :"B",\n   "241" :"A",\n   "242" :"B",\n   "243" :"A",\n   "244" :"B",\n   "245" :"B"\n}', 0, 26, '{\n   "64" :7,\n   "65" :4,\n   "60" :2,\n   "61" :6,\n   "62" :3,\n   "63" :4\n}', 1, 64, 'PSB'),
	(14, 11, 1, 1, 8, 1468803743685, '{\n   "198" :"B",\n   "199" :"A",\n   "200" :"B",\n   "201" :"B",\n   "202" :"A",\n   "203" :"A",\n   "204" :"A",\n   "205" :"B",\n   "206" :"A",\n   "207" :"B",\n   "208" :"B",\n   "209" :"A",\n   "210" :"B",\n   "211" :"A",\n   "212" :"A",\n   "213" :"A",\n   "214" :"A",\n   "215" :"A",\n   "216" :"A",\n   "217" :"A",\n   "218" :"A",\n   "219" :"B",\n   "220" :"B",\n   "221" :"A",\n   "222" :"A",\n   "223" :"A",\n   "224" :"A",\n   "225" :"B",\n   "226" :"B",\n   "227" :"B",\n   "228" :"B",\n   "229" :"B",\n   "230" :"B",\n   "231" :"B",\n   "232" :"B",\n   "233" :"A",\n   "234" :"B",\n   "235" :"B",\n   "236" :"A",\n   "237" :"A",\n   "238" :"A",\n   "239" :"A",\n   "240" :"B",\n   "241" :"A",\n   "242" :"B",\n   "243" :"B",\n   "244" :"A",\n   "245" :"A"\n}', 0, 19, '{\n   "64" :4,\n   "65" :4,\n   "60" :3,\n   "61" :2,\n   "62" :2,\n   "63" :4\n}', 1, 64, 'PSB'),
	(15, 16, 1, 1, 8, 1468804327438, '{\n   "198" :"B",\n   "199" :"A",\n   "200" :"B",\n   "201" :"B",\n   "202" :"A",\n   "203" :"A",\n   "204" :"B",\n   "205" :"B",\n   "206" :"B",\n   "207" :"B",\n   "208" :"A",\n   "209" :"B",\n   "210" :"B",\n   "211" :"B",\n   "212" :"A",\n   "213" :"B",\n   "214" :"A",\n   "215" :"B",\n   "216" :"A",\n   "217" :"B",\n   "218" :"A",\n   "219" :"B",\n   "220" :"B",\n   "221" :"B",\n   "222" :"B",\n   "223" :"A",\n   "224" :"A",\n   "225" :"A",\n   "226" :"B",\n   "227" :"A",\n   "228" :"B",\n   "229" :"A",\n   "230" :"B",\n   "231" :"A",\n   "232" :"B",\n   "233" :"A",\n   "234" :"B",\n   "235" :"B",\n   "236" :"B",\n   "237" :"A",\n   "238" :"B",\n   "239" :"B",\n   "240" :"B",\n   "241" :"A",\n   "242" :"A",\n   "243" :"B",\n   "244" :"B",\n   "245" :"B"\n}', 0, 23, '{\n   "64" :7,\n   "65" :2,\n   "60" :2,\n   "61" :4,\n   "62" :2,\n   "63" :6\n}', 1, 64, 'PSB'),
	(16, 15, 1, 1, 8, 1468804340778, '{\n   "198" :"B",\n   "199" :"B",\n   "200" :"A",\n   "201" :"A",\n   "202" :"B",\n   "203" :"A",\n   "204" :"B",\n   "205" :"B",\n   "206" :"B",\n   "207" :"A",\n   "208" :"B",\n   "209" :"B",\n   "210" :"A",\n   "211" :"B",\n   "212" :"A",\n   "213" :"B",\n   "214" :"A",\n   "215" :"B",\n   "216" :"A",\n   "217" :"B",\n   "218" :"A",\n   "219" :"B",\n   "220" :"B",\n   "221" :"A",\n   "222" :"B",\n   "223" :"A",\n   "224" :"A",\n   "225" :"A",\n   "226" :"B",\n   "227" :"A",\n   "228" :"A",\n   "229" :"B",\n   "230" :"B",\n   "231" :"B",\n   "232" :"B",\n   "233" :"A",\n   "234" :"B",\n   "235" :"B",\n   "236" :"B",\n   "237" :"B",\n   "238" :"B",\n   "239" :"A",\n   "240" :"A",\n   "241" :"B",\n   "242" :"A",\n   "243" :"B",\n   "244" :"B",\n   "245" :"B"\n}', 0, 20, '{\n   "64" :5,\n   "65" :3,\n   "60" :1,\n   "61" :4,\n   "62" :2,\n   "63" :5\n}', 1, 64, 'PSB'),
	(17, 14, 1, 1, 8, 1468804452733, '{\n   "198" :"B",\n   "199" :"B",\n   "200" :"A",\n   "201" :"B",\n   "202" :"B",\n   "203" :"A",\n   "204" :"B",\n   "205" :"B",\n   "206" :"A",\n   "207" :"A",\n   "208" :"A",\n   "209" :"B",\n   "210" :"A",\n   "211" :"B",\n   "212" :"A",\n   "213" :"B",\n   "214" :"A",\n   "215" :"B",\n   "216" :"B",\n   "217" :"A",\n   "218" :"A",\n   "219" :"A",\n   "220" :"B",\n   "221" :"A",\n   "222" :"A",\n   "223" :"A",\n   "224" :"A",\n   "225" :"A",\n   "226" :"B",\n   "227" :"B",\n   "228" :"A",\n   "229" :"B",\n   "230" :"B",\n   "231" :"A",\n   "232" :"B",\n   "233" :"B",\n   "234" :"B",\n   "235" :"A",\n   "236" :"A",\n   "237" :"A",\n   "238" :"B",\n   "239" :"B",\n   "240" :"A",\n   "241" :"B",\n   "242" :"B",\n   "243" :"B",\n   "244" :"A",\n   "245" :"B"\n}', 0, 26, '{\n   "64" :7,\n   "65" :5,\n   "60" :2,\n   "61" :6,\n   "62" :2,\n   "63" :4\n}', 1, 64, 'PSB'),
	(18, 17, 1, 1, 8, 1468804619803, '{\n   "198" :"B",\n   "199" :"B",\n   "200" :"B",\n   "201" :"B",\n   "202" :"B",\n   "203" :"A",\n   "204" :"B",\n   "205" :"B",\n   "206" :"B",\n   "207" :"B",\n   "208" :"A",\n   "209" :"B",\n   "210" :"A",\n   "211" :"B",\n   "212" :"A",\n   "213" :"B",\n   "214" :"A",\n   "215" :"B",\n   "216" :"B",\n   "217" :"B",\n   "218" :"B",\n   "219" :"A",\n   "220" :"B",\n   "221" :"B",\n   "222" :"B",\n   "223" :"A",\n   "224" :"A",\n   "225" :"A",\n   "226" :"B",\n   "227" :"A",\n   "228" :"A",\n   "229" :"A",\n   "230" :"B",\n   "231" :"A",\n   "232" :"B",\n   "233" :"A",\n   "234" :"B",\n   "235" :"A",\n   "236" :"A",\n   "237" :"A",\n   "238" :"B",\n   "239" :"B",\n   "240" :"A",\n   "241" :"B",\n   "242" :"B",\n   "243" :"B",\n   "244" :"B",\n   "245" :"B"\n}', 0, 31, '{\n   "64" :8,\n   "65" :5,\n   "60" :2,\n   "61" :7,\n   "62" :3,\n   "63" :6\n}', 1, 64, 'PSB'),
	(19, 18, 1, 1, 8, 1468805258397, '{\n   "198" :"B",\n   "199" :"B",\n   "200" :"A",\n   "201" :"B",\n   "202" :"B",\n   "203" :"A",\n   "204" :"B",\n   "205" :"A",\n   "206" :"B",\n   "207" :"A",\n   "208" :"A",\n   "209" :"A",\n   "210" :"A",\n   "211" :"B",\n   "212" :"A",\n   "213" :"B",\n   "214" :"A",\n   "215" :"A",\n   "216" :"B",\n   "217" :"B",\n   "218" :"B",\n   "219" :"A",\n   "220" :"A",\n   "221" :"A",\n   "222" :"A",\n   "223" :"A",\n   "224" :"A",\n   "225" :"B",\n   "226" :"A",\n   "227" :"B",\n   "228" :"A",\n   "229" :"B",\n   "230" :"B",\n   "231" :"B",\n   "232" :"B",\n   "233" :"A",\n   "234" :"A",\n   "235" :"B",\n   "236" :"B",\n   "237" :"B",\n   "238" :"B",\n   "239" :"A",\n   "240" :"A",\n   "241" :"A",\n   "242" :"B",\n   "243" :"B",\n   "244" :"B",\n   "245" :"B"\n}', 0, 22, '{\n   "64" :5,\n   "65" :5,\n   "60" :3,\n   "61" :5,\n   "62" :2,\n   "63" :2\n}', 1, 64, 'PSB'),
	(20, 19, 1, 1, 8, 1468805306126, '{\n   "198" :"A",\n   "199" :"B",\n   "200" :"B",\n   "201" :"B",\n   "202" :"B",\n   "203" :"A",\n   "204" :"B",\n   "205" :"B",\n   "206" :"B",\n   "207" :"A",\n   "208" :"A",\n   "209" :"B",\n   "210" :"A",\n   "211" :"A",\n   "212" :"A",\n   "213" :"B",\n   "214" :"A",\n   "215" :"B",\n   "216" :"A",\n   "217" :"B",\n   "218" :"A",\n   "219" :"B",\n   "220" :"A",\n   "221" :"A",\n   "222" :"A",\n   "223" :"A",\n   "224" :"A",\n   "225" :"A",\n   "226" :"B",\n   "227" :"A",\n   "228" :"A",\n   "229" :"B",\n   "230" :"B",\n   "231" :"B",\n   "232" :"B",\n   "233" :"A",\n   "234" :"B",\n   "235" :"B",\n   "236" :"A",\n   "237" :"A",\n   "238" :"B",\n   "239" :"B",\n   "240" :"A",\n   "241" :"A",\n   "242" :"B",\n   "243" :"B",\n   "244" :"B",\n   "245" :"A"\n}', 0, 27, '{\n   "64" :5,\n   "65" :4,\n   "60" :1,\n   "61" :8,\n   "62" :3,\n   "63" :6\n}', 1, 61, 'PMG'),
	(21, 17, 1, 1, 7, 1468805375496, '[{"questionId":"126","optionIndex":"D","score":"4"},{"questionId":"127","optionIndex":"E","score":"5"},{"questionId":"128","optionIndex":"E","score":"5"},{"questionId":"129","optionIndex":"C","score":"3"},{"questionId":"130","optionIndex":"G","score":"7"},{"questionId":"131","optionIndex":"C","score":"3"},{"questionId":"132","optionIndex":"G","score":"7"},{"questionId":"133","optionIndex":"G","score":"7"},{"questionId":"134","optionIndex":"G","score":"7"},{"questionId":"135","optionIndex":"G","score":"7"},{"questionId":"136","optionIndex":"G","score":"7"},{"questionId":"137","optionIndex":"E","score":"5"},{"questionId":"138","optionIndex":"G","score":"7"},{"questionId":"139","optionIndex":"F","score":"6"},{"questionId":"140","optionIndex":"C","score":"3"},{"questionId":"141","optionIndex":"G","score":"7"},{"questionId":"142","optionIndex":"E","score":"5"},{"questionId":"143","optionIndex":"I","score":"9"},{"questionId":"144","optionIndex":"G","score":"7"},{"questionId":"145","optionIndex":"G","score":"7"},{"questionId":"146","optionIndex":"C","score":"3"},{"questionId":"147","optionIndex":"C","score":"3"},{"questionId":"148","optionIndex":"G","score":"7"},{"questionId":"149","optionIndex":"C","score":"3"},{"questionId":"150","optionIndex":"E","score":"5"},{"questionId":"151","optionIndex":"F","score":"6"},{"questionId":"152","optionIndex":"G","score":"7"},{"questionId":"153","optionIndex":"E","score":"5"},{"questionId":"154","optionIndex":"C","score":"3"},{"questionId":"155","optionIndex":"G","score":"7"},{"questionId":"156","optionIndex":"G","score":"7"},{"questionId":"157","optionIndex":"G","score":"7"},{"questionId":"158","optionIndex":"F","score":"6"},{"questionId":"159","optionIndex":"G","score":"7"},{"questionId":"160","optionIndex":"C","score":"3"},{"questionId":"161","optionIndex":"G","score":"7"},{"questionId":"162","optionIndex":"G","score":"7"},{"questionId":"163","optionIndex":"C","score":"3"},{"questionId":"164","optionIndex":"E","score":"5"},{"questionId":"165","optionIndex":"F","score":"6"},{"questionId":"166","optionIndex":"G","score":"7"},{"questionId":"167","optionIndex":"C","score":"3"},{"questionId":"168","optionIndex":"C","score":"3"},{"questionId":"169","optionIndex":"C","score":"3"},{"questionId":"170","optionIndex":"G","score":"7"},{"questionId":"171","optionIndex":"F","score":"6"},{"questionId":"172","optionIndex":"C","score":"3"},{"questionId":"173","optionIndex":"G","score":"7"},{"questionId":"174","optionIndex":"C","score":"3"},{"questionId":"175","optionIndex":"E","score":"5"},{"questionId":"176","optionIndex":"F","score":"6"},{"questionId":"177","optionIndex":"G","score":"7"},{"questionId":"178","optionIndex":"G","score":"7"},{"questionId":"179","optionIndex":"E","score":"5"},{"questionId":"180","optionIndex":"D","score":"4"},{"questionId":"181","optionIndex":"F","score":"6"},{"questionId":"182","optionIndex":"C","score":"3"},{"questionId":"183","optionIndex":"G","score":"7"},{"questionId":"184","optionIndex":"F","score":"6"},{"questionId":"185","optionIndex":"G","score":"7"},{"questionId":"186","optionIndex":"D","score":"4"},{"questionId":"187","optionIndex":"D","score":"4"},{"questionId":"188","optionIndex":"C","score":"3"},{"questionId":"189","optionIndex":"C","score":"3"},{"questionId":"190","optionIndex":"C","score":"3"},{"questionId":"191","optionIndex":"E","score":"5"},{"questionId":"192","optionIndex":"G","score":"7"},{"questionId":"193","optionIndex":"F","score":"6"},{"questionId":"194","optionIndex":"G","score":"7"},{"questionId":"195","optionIndex":"G","score":"7"},{"questionId":"196","optionIndex":"G","score":"7"},{"questionId":"197","optionIndex":"G","score":"7"}]', 0, 0, '{\n   "51" :{\n      "categoryId" :51,\n      "categoryName" :"自我情绪感知",\n      "originalAver" :6.2857,\n      "averageScore" :63,\n      "normalAver" :70,\n      "normalScore" :3,\n      "index" :3,\n      "varp" :1.3469,\n      "normdist" :0.2245\n   },\n   "52" :{\n      "categoryId" :52,\n      "categoryName" :"他人情绪感知",\n      "originalAver" :6.1429,\n      "averageScore" :61,\n      "normalAver" :70,\n      "normalScore" :3,\n      "index" :2,\n      "varp" :1.2653,\n      "normdist" :0.1238\n   },\n   "53" :{\n      "categoryId" :53,\n      "categoryName" :"稳定性",\n      "originalAver" :5.4286,\n      "averageScore" :54,\n      "normalAver" :64,\n      "normalScore" :3,\n      "index" :2,\n      "varp" :2.8163,\n      "normdist" :0.1548\n   },\n   "54" :{\n      "categoryId" :54,\n      "categoryName" :"控制力",\n      "originalAver" :4.5714,\n      "averageScore" :46,\n      "normalAver" :67,\n      "normalScore" :1,\n      "index" :2,\n      "varp" :2.5306,\n      "normdist" :0.0447\n   },\n   "55" :{\n      "categoryId" :55,\n      "categoryName" :"自我激励",\n      "originalAver" :5.2857,\n      "averageScore" :53,\n      "normalAver" :69,\n      "normalScore" :3,\n      "index" :3,\n      "varp" :2.7755,\n      "normdist" :0.1738\n   },\n   "56" :{\n      "categoryId" :56,\n      "categoryName" :"表达",\n      "originalAver" :5.4286,\n      "averageScore" :54,\n      "normalAver" :68,\n      "normalScore" :4,\n      "index" :3,\n      "varp" :2.5306,\n      "normdist" :0.2541\n   },\n   "57" :{\n      "categoryId" :57,\n      "categoryName" :"适应力",\n      "originalAver" :6.2857,\n      "averageScore" :63,\n      "normalAver" :63,\n      "normalScore" :5,\n      "index" :3,\n      "varp" :1.9184,\n      "normdist" :0.4853\n   },\n   "58" :{\n      "categoryId" :58,\n      "categoryName" :"感染力",\n      "originalAver" :5.0,\n      "averageScore" :50,\n      "normalAver" :60,\n      "normalScore" :4,\n      "index" :3,\n      "varp" :3.4286,\n      "normdist" :0.3251\n   },\n   "59" :{\n      "categoryId" :59,\n      "categoryName" :"问题解决",\n      "originalAver" :6.1429,\n      "averageScore" :61,\n      "normalAver" :66,\n      "normalScore" :4,\n      "index" :3,\n      "varp" :3.2653,\n      "normdist" :0.3921\n   }\n}', 1, 0, NULL),
	(22, 20, 1, 1, 8, 1468806303486, '{\n   "198" :"B",\n   "199" :"A",\n   "200" :"B",\n   "201" :"B",\n   "202" :"A",\n   "203" :"A",\n   "204" :"B",\n   "205" :"B",\n   "206" :"B",\n   "207" :"A",\n   "208" :"A",\n   "209" :"B",\n   "210" :"A",\n   "211" :"B",\n   "212" :"A",\n   "213" :"B",\n   "214" :"B",\n   "215" :"A",\n   "216" :"A",\n   "217" :"B",\n   "218" :"A",\n   "219" :"B",\n   "220" :"A",\n   "221" :"B",\n   "222" :"B",\n   "223" :"A",\n   "224" :"A",\n   "225" :"A",\n   "226" :"B",\n   "227" :"A",\n   "228" :"A",\n   "229" :"B",\n   "230" :"B",\n   "231" :"B",\n   "232" :"A",\n   "233" :"A",\n   "234" :"A",\n   "235" :"A",\n   "236" :"B",\n   "237" :"B",\n   "238" :"B",\n   "239" :"B",\n   "240" :"B",\n   "241" :"A",\n   "242" :"B",\n   "243" :"B",\n   "244" :"B",\n   "245" :"B"\n}', 0, 24, '{\n   "64" :7,\n   "65" :3,\n   "60" :4,\n   "61" :4,\n   "62" :2,\n   "63" :4\n}', 1, 64, 'PSB'),
	(23, 21, 1, 1, 8, 1468808296004, '{\n   "198" :"A",\n   "199" :"A",\n   "200" :"B",\n   "201" :"B",\n   "202" :"B",\n   "203" :"A",\n   "204" :"B",\n   "205" :"B",\n   "206" :"B",\n   "207" :"B",\n   "208" :"B",\n   "209" :"A",\n   "210" :"A",\n   "211" :"B",\n   "212" :"A",\n   "213" :"B",\n   "214" :"B",\n   "215" :"B",\n   "216" :"B",\n   "217" :"A",\n   "218" :"B",\n   "219" :"B",\n   "220" :"A",\n   "221" :"B",\n   "222" :"B",\n   "223" :"A",\n   "224" :"A",\n   "225" :"A",\n   "226" :"B",\n   "227" :"B",\n   "228" :"A",\n   "229" :"B",\n   "230" :"B",\n   "231" :"B",\n   "232" :"B",\n   "233" :"B",\n   "234" :"A",\n   "235" :"A",\n   "236" :"B",\n   "237" :"A",\n   "238" :"A",\n   "239" :"A",\n   "240" :"B",\n   "241" :"B",\n   "242" :"B",\n   "243" :"B",\n   "244" :"A",\n   "245" :"B"\n}', 0, 23, '{\n   "64" :7,\n   "65" :3,\n   "60" :3,\n   "61" :4,\n   "62" :2,\n   "63" :4\n}', 1, 64, 'PSB'),
	(24, 22, 1, 1, 8, 1469321362591, '{\n   "198" :"B",\n   "199" :"A",\n   "200" :"B",\n   "201" :"B",\n   "202" :"B",\n   "203" :"A",\n   "204" :"B",\n   "205" :"B",\n   "206" :"A",\n   "207" :"B",\n   "208" :"A",\n   "209" :"B",\n   "210" :"A",\n   "211" :"B",\n   "212" :"A",\n   "213" :"B",\n   "214" :"A",\n   "215" :"B",\n   "216" :"B",\n   "217" :"B",\n   "218" :"A",\n   "219" :"A",\n   "220" :"B",\n   "221" :"B",\n   "222" :"B",\n   "223" :"A",\n   "224" :"A",\n   "225" :"A",\n   "226" :"B",\n   "227" :"A",\n   "228" :"A",\n   "229" :"B",\n   "230" :"B",\n   "231" :"A",\n   "232" :"B",\n   "233" :"A",\n   "234" :"B",\n   "235" :"B",\n   "236" :"A",\n   "237" :"B",\n   "238" :"B",\n   "239" :"B",\n   "240" :"A",\n   "241" :"A",\n   "242" :"B",\n   "243" :"B",\n   "244" :"B",\n   "245" :"B"\n}', 0, 28, '{\n   "64" :7,\n   "65" :5,\n   "60" :2,\n   "61" :5,\n   "62" :2,\n   "63" :7\n}', 1, 64, 'PSB'),
	(25, 23, 1, 1, 8, 1469321456691, '{\n   "198" :"B",\n   "199" :"A",\n   "200" :"B",\n   "201" :"B",\n   "202" :"B",\n   "203" :"A",\n   "204" :"A",\n   "205" :"A",\n   "206" :"A",\n   "207" :"A",\n   "208" :"B",\n   "209" :"B",\n   "210" :"A",\n   "211" :"B",\n   "212" :"A",\n   "213" :"B",\n   "214" :"A",\n   "215" :"B",\n   "216" :"A",\n   "217" :"B",\n   "218" :"A",\n   "219" :"A",\n   "220" :"A",\n   "221" :"A",\n   "222" :"B",\n   "223" :"B",\n   "224" :"B",\n   "225" :"A",\n   "226" :"B",\n   "227" :"A",\n   "228" :"A",\n   "229" :"A",\n   "230" :"B",\n   "231" :"A",\n   "232" :"A",\n   "233" :"A",\n   "234" :"B",\n   "235" :"B",\n   "236" :"B",\n   "237" :"A",\n   "238" :"B",\n   "239" :"B",\n   "240" :"A",\n   "241" :"A",\n   "242" :"A",\n   "243" :"A",\n   "244" :"B",\n   "245" :"B"\n}', 0, 23, '{\n   "64" :3,\n   "65" :2,\n   "60" :2,\n   "61" :6,\n   "62" :4,\n   "63" :6\n}', 1, 61, 'PMG'),
	(26, 24, 1, 1, 8, 1469321887704, '{\n   "198" :"B",\n   "199" :"A",\n   "200" :"B",\n   "201" :"B",\n   "202" :"B",\n   "203" :"A",\n   "204" :"B",\n   "205" :"B",\n   "206" :"B",\n   "207" :"A",\n   "208" :"A",\n   "209" :"A",\n   "210" :"B",\n   "211" :"B",\n   "212" :"A",\n   "213" :"A",\n   "214" :"B",\n   "215" :"A",\n   "216" :"A",\n   "217" :"B",\n   "218" :"B",\n   "219" :"B",\n   "220" :"A",\n   "221" :"A",\n   "222" :"A",\n   "223" :"A",\n   "224" :"A",\n   "225" :"A",\n   "226" :"B",\n   "227" :"A",\n   "228" :"A",\n   "229" :"A",\n   "230" :"B",\n   "231" :"B",\n   "232" :"A",\n   "233" :"A",\n   "234" :"A",\n   "235" :"B",\n   "236" :"B",\n   "237" :"A",\n   "238" :"B",\n   "239" :"B",\n   "240" :"A",\n   "241" :"A",\n   "242" :"B",\n   "243" :"A",\n   "244" :"B",\n   "245" :"B"\n}', 0, 24, '{\n   "64" :6,\n   "65" :4,\n   "60" :2,\n   "61" :7,\n   "62" :3,\n   "63" :2\n}', 1, 61, 'PMG'),
	(27, 25, 1, 1, 8, 1469322531829, '{\n   "198" :"B",\n   "199" :"A",\n   "200" :"B",\n   "201" :"B",\n   "202" :"B",\n   "203" :"A",\n   "204" :"B",\n   "205" :"A",\n   "206" :"A",\n   "207" :"A",\n   "208" :"A",\n   "209" :"A",\n   "210" :"A",\n   "211" :"A",\n   "212" :"A",\n   "213" :"B",\n   "214" :"A",\n   "215" :"B",\n   "216" :"B",\n   "217" :"A",\n   "218" :"A",\n   "219" :"A",\n   "220" :"B",\n   "221" :"B",\n   "222" :"B",\n   "223" :"A",\n   "224" :"A",\n   "225" :"B",\n   "226" :"A",\n   "227" :"B",\n   "228" :"A",\n   "229" :"B",\n   "230" :"B",\n   "231" :"A",\n   "232" :"B",\n   "233" :"A",\n   "234" :"B",\n   "235" :"A",\n   "236" :"A",\n   "237" :"A",\n   "238" :"A",\n   "239" :"B",\n   "240" :"A",\n   "241" :"B",\n   "242" :"B",\n   "243" :"A",\n   "244" :"B",\n   "245" :"A"\n}', 0, 24, '{\n   "64" :5,\n   "65" :3,\n   "60" :3,\n   "61" :5,\n   "62" :2,\n   "63" :6\n}', 1, 63, 'PVG'),
	(28, 27, 1, 1, 8, 1469322685391, '{\n   "198" :"B",\n   "199" :"A",\n   "200" :"B",\n   "201" :"B",\n   "202" :"B",\n   "203" :"A",\n   "204" :"B",\n   "205" :"B",\n   "206" :"B",\n   "207" :"B",\n   "208" :"B",\n   "209" :"B",\n   "210" :"B",\n   "211" :"B",\n   "212" :"A",\n   "213" :"B",\n   "214" :"A",\n   "215" :"B",\n   "216" :"B",\n   "217" :"B",\n   "218" :"A",\n   "219" :"B",\n   "220" :"A",\n   "221" :"B",\n   "222" :"B",\n   "223" :"A",\n   "224" :"B",\n   "225" :"A",\n   "226" :"B",\n   "227" :"A",\n   "228" :"A",\n   "229" :"A",\n   "230" :"B",\n   "231" :"B",\n   "232" :"B",\n   "233" :"A",\n   "234" :"B",\n   "235" :"A",\n   "236" :"B",\n   "237" :"B",\n   "238" :"B",\n   "239" :"B",\n   "240" :"A",\n   "241" :"A",\n   "242" :"B",\n   "243" :"B",\n   "244" :"A",\n   "245" :"B"\n}', 0, 27, '{\n   "64" :7,\n   "65" :4,\n   "60" :1,\n   "61" :6,\n   "62" :4,\n   "63" :5\n}', 1, 64, 'PSB'),
	(29, 29, 1, 1, 8, 1469323021803, '{\n   "198" :"B",\n   "199" :"B",\n   "200" :"B",\n   "201" :"B",\n   "202" :"B",\n   "203" :"A",\n   "204" :"B",\n   "205" :"A",\n   "206" :"B",\n   "207" :"A",\n   "208" :"B",\n   "209" :"B",\n   "210" :"A",\n   "211" :"A",\n   "212" :"A",\n   "213" :"B",\n   "214" :"A",\n   "215" :"B",\n   "216" :"B",\n   "217" :"A",\n   "218" :"A",\n   "219" :"B",\n   "220" :"A",\n   "221" :"B",\n   "222" :"A",\n   "223" :"A",\n   "224" :"A",\n   "225" :"A",\n   "226" :"B",\n   "227" :"B",\n   "228" :"A",\n   "229" :"A",\n   "230" :"B",\n   "231" :"A",\n   "232" :"B",\n   "233" :"A",\n   "234" :"B",\n   "235" :"A",\n   "236" :"A",\n   "237" :"A",\n   "238" :"B",\n   "239" :"A",\n   "240" :"A",\n   "241" :"A",\n   "242" :"B",\n   "243" :"B",\n   "244" :"A",\n   "245" :"B"\n}', 0, 24, '{\n   "64" :5,\n   "65" :4,\n   "60" :2,\n   "61" :7,\n   "62" :2,\n   "63" :4\n}', 1, 61, 'PMG'),
	(30, 28, 1, 1, 8, 1469323023264, '{\n   "198" :"B",\n   "199" :"A",\n   "200" :"B",\n   "201" :"B",\n   "202" :"A",\n   "203" :"A",\n   "204" :"B",\n   "205" :"B",\n   "206" :"B",\n   "207" :"B",\n   "208" :"B",\n   "209" :"A",\n   "210" :"A",\n   "211" :"B",\n   "212" :"A",\n   "213" :"B",\n   "214" :"A",\n   "215" :"A",\n   "216" :"A",\n   "217" :"A",\n   "218" :"A",\n   "219" :"A",\n   "220" :"A",\n   "221" :"A",\n   "222" :"A",\n   "223" :"A",\n   "224" :"B",\n   "225" :"A",\n   "226" :"B",\n   "227" :"A",\n   "228" :"A",\n   "229" :"A",\n   "230" :"A",\n   "231" :"A",\n   "232" :"B",\n   "233" :"A",\n   "234" :"B",\n   "235" :"B",\n   "236" :"B",\n   "237" :"A",\n   "238" :"B",\n   "239" :"A",\n   "240" :"B",\n   "241" :"B",\n   "242" :"B",\n   "243" :"B",\n   "244" :"B",\n   "245" :"A"\n}', 0, 23, '{\n   "64" :6,\n   "65" :3,\n   "60" :3,\n   "61" :4,\n   "62" :2,\n   "63" :5\n}', 1, 64, 'PSB'),
	(31, 26, 1, 1, 8, 1469323162727, '{\n   "198" :"B",\n   "199" :"B",\n   "200" :"B",\n   "201" :"B",\n   "202" :"B",\n   "203" :"A",\n   "204" :"A",\n   "205" :"B",\n   "206" :"B",\n   "207" :"A",\n   "208" :"A",\n   "209" :"B",\n   "210" :"A",\n   "211" :"B",\n   "212" :"A",\n   "213" :"B",\n   "214" :"A",\n   "215" :"B",\n   "216" :"A",\n   "217" :"B",\n   "218" :"A",\n   "219" :"B",\n   "220" :"A",\n   "221" :"B",\n   "222" :"A",\n   "223" :"A",\n   "224" :"A",\n   "225" :"A",\n   "226" :"B",\n   "227" :"B",\n   "228" :"A",\n   "229" :"B",\n   "230" :"B",\n   "231" :"B",\n   "232" :"B",\n   "233" :"A",\n   "234" :"B",\n   "235" :"A",\n   "236" :"B",\n   "237" :"A",\n   "238" :"B",\n   "239" :"B",\n   "240" :"B",\n   "241" :"A",\n   "242" :"B",\n   "243" :"B",\n   "244" :"B",\n   "245" :"B"\n}', 0, 24, '{\n   "64" :6,\n   "65" :4,\n   "60" :2,\n   "61" :6,\n   "62" :2,\n   "63" :4\n}', 1, 64, 'PSB'),
	(32, 30, 1, 1, 8, 1469323254716, '{\n   "198" :"B",\n   "199" :"B",\n   "200" :"B",\n   "201" :"B",\n   "202" :"B",\n   "203" :"A",\n   "204" :"B",\n   "205" :"B",\n   "206" :"A",\n   "207" :"A",\n   "208" :"A",\n   "209" :"A",\n   "210" :"B",\n   "211" :"A",\n   "212" :"A",\n   "213" :"A",\n   "214" :"A",\n   "215" :"A",\n   "216" :"A",\n   "217" :"A",\n   "218" :"B",\n   "219" :"A",\n   "220" :"A",\n   "221" :"A",\n   "222" :"A",\n   "223" :"A",\n   "224" :"A",\n   "225" :"A",\n   "226" :"B",\n   "227" :"A",\n   "228" :"A",\n   "229" :"A",\n   "230" :"A",\n   "231" :"A",\n   "232" :"A",\n   "233" :"A",\n   "234" :"A",\n   "235" :"B",\n   "236" :"A",\n   "237" :"A",\n   "238" :"A",\n   "239" :"A",\n   "240" :"A",\n   "241" :"A",\n   "242" :"B",\n   "243" :"A",\n   "244" :"B",\n   "245" :"A"\n}', 0, 26, '{\n   "64" :5,\n   "65" :6,\n   "60" :3,\n   "61" :5,\n   "62" :3,\n   "63" :4\n}', 1, 65, 'PSG'),
	(33, 31, 1, 1, 8, 1469323634231, '{\n   "198" :"A",\n   "199" :"B",\n   "200" :"B",\n   "201" :"B",\n   "202" :"B",\n   "203" :"A",\n   "204" :"B",\n   "205" :"B",\n   "206" :"B",\n   "207" :"B",\n   "208" :"A",\n   "209" :"B",\n   "210" :"A",\n   "211" :"B",\n   "212" :"A",\n   "213" :"B",\n   "214" :"A",\n   "215" :"A",\n   "216" :"B",\n   "217" :"B",\n   "218" :"A",\n   "219" :"A",\n   "220" :"A",\n   "221" :"A",\n   "222" :"B",\n   "223" :"A",\n   "224" :"A",\n   "225" :"A",\n   "226" :"B",\n   "227" :"A",\n   "228" :"A",\n   "229" :"A",\n   "230" :"B",\n   "231" :"A",\n   "232" :"B",\n   "233" :"B",\n   "234" :"B",\n   "235" :"A",\n   "236" :"A",\n   "237" :"A",\n   "238" :"B",\n   "239" :"B",\n   "240" :"A",\n   "241" :"A",\n   "242" :"B",\n   "243" :"B",\n   "244" :"A",\n   "245" :"A"\n}', 0, 36, '{\n   "64" :8,\n   "65" :6,\n   "60" :3,\n   "61" :8,\n   "62" :4,\n   "63" :7\n}', 1, 64, 'PSB'),
	(34, 34, 1, 1, 8, 1469324106166, '{\n   "198" :"B",\n   "199" :"B",\n   "200" :"B",\n   "201" :"B",\n   "202" :"B",\n   "203" :"A",\n   "204" :"B",\n   "205" :"A",\n   "206" :"B",\n   "207" :"A",\n   "208" :"A",\n   "209" :"B",\n   "210" :"A",\n   "211" :"B",\n   "212" :"A",\n   "213" :"B",\n   "214" :"B",\n   "215" :"A",\n   "216" :"B",\n   "217" :"B",\n   "218" :"A",\n   "219" :"B",\n   "220" :"B",\n   "221" :"B",\n   "222" :"A",\n   "223" :"A",\n   "224" :"A",\n   "225" :"A",\n   "226" :"B",\n   "227" :"B",\n   "228" :"A",\n   "229" :"A",\n   "230" :"B",\n   "231" :"B",\n   "232" :"B",\n   "233" :"B",\n   "234" :"A",\n   "235" :"A",\n   "236" :"A",\n   "237" :"A",\n   "238" :"B",\n   "239" :"B",\n   "240" :"A",\n   "241" :"A",\n   "242" :"B",\n   "243" :"A",\n   "244" :"B",\n   "245" :"B"\n}', 0, 26, '{\n   "64" :7,\n   "65" :4,\n   "60" :4,\n   "61" :7,\n   "62" :3,\n   "63" :1\n}', 1, 64, 'PSB'),
	(35, 33, 1, 1, 8, 1469324121968, '{\n   "198" :"A",\n   "199" :"B",\n   "200" :"B",\n   "201" :"B",\n   "202" :"B",\n   "203" :"A",\n   "204" :"B",\n   "205" :"B",\n   "206" :"B",\n   "207" :"B",\n   "208" :"A",\n   "209" :"B",\n   "210" :"B",\n   "211" :"A",\n   "212" :"A",\n   "213" :"B",\n   "214" :"A",\n   "215" :"B",\n   "216" :"B",\n   "217" :"A",\n   "218" :"A",\n   "219" :"A",\n   "220" :"A",\n   "221" :"A",\n   "222" :"B",\n   "223" :"A",\n   "224" :"A",\n   "225" :"A",\n   "226" :"B",\n   "227" :"A",\n   "228" :"A",\n   "229" :"A",\n   "230" :"B",\n   "231" :"A",\n   "232" :"B",\n   "233" :"A",\n   "234" :"B",\n   "235" :"A",\n   "236" :"B",\n   "237" :"A",\n   "238" :"B",\n   "239" :"B",\n   "240" :"A",\n   "241" :"A",\n   "242" :"B",\n   "243" :"B",\n   "244" :"A",\n   "245" :"B"\n}', 0, 29, '{\n   "64" :7,\n   "65" :6,\n   "60" :0,\n   "61" :7,\n   "62" :2,\n   "63" :7\n}', 1, 64, 'PSB'),
	(36, 35, 1, 1, 8, 1469324679046, '{\n   "198" :"B",\n   "199" :"A",\n   "200" :"B",\n   "201" :"A",\n   "202" :"B",\n   "203" :"A",\n   "204" :"B",\n   "205" :"B",\n   "206" :"A",\n   "207" :"B",\n   "208" :"A",\n   "209" :"B",\n   "210" :"A",\n   "211" :"A",\n   "212" :"A",\n   "213" :"B",\n   "214" :"A",\n   "215" :"B",\n   "216" :"B",\n   "217" :"A",\n   "218" :"A",\n   "219" :"A",\n   "220" :"B",\n   "221" :"B",\n   "222" :"A",\n   "223" :"A",\n   "224" :"A",\n   "225" :"A",\n   "226" :"B",\n   "227" :"B",\n   "228" :"B",\n   "229" :"A",\n   "230" :"B",\n   "231" :"B",\n   "232" :"B",\n   "233" :"A",\n   "234" :"A",\n   "235" :"A",\n   "236" :"B",\n   "237" :"B",\n   "238" :"B",\n   "239" :"A",\n   "240" :"B",\n   "241" :"A",\n   "242" :"B",\n   "243" :"B",\n   "244" :"B",\n   "245" :"B"\n}', 0, 21, '{\n   "64" :7,\n   "65" :6,\n   "60" :3,\n   "61" :2,\n   "62" :1,\n   "63" :2\n}', 1, 64, 'PSB'),
	(37, 37, 1, 1, 8, 1469324757923, '{\n   "198" :"B",\n   "199" :"B",\n   "200" :"B",\n   "201" :"B",\n   "202" :"B",\n   "203" :"A",\n   "204" :"A",\n   "205" :"A",\n   "206" :"A",\n   "207" :"A",\n   "208" :"B",\n   "209" :"A",\n   "210" :"B",\n   "211" :"A",\n   "212" :"B",\n   "213" :"B",\n   "214" :"B",\n   "215" :"B",\n   "216" :"B",\n   "217" :"B",\n   "218" :"A",\n   "219" :"A",\n   "220" :"A",\n   "221" :"A",\n   "222" :"A",\n   "223" :"A",\n   "224" :"A",\n   "225" :"A",\n   "226" :"A",\n   "227" :"A",\n   "228" :"A",\n   "229" :"A",\n   "230" :"A",\n   "231" :"A",\n   "232" :"A",\n   "233" :"A",\n   "234" :"A",\n   "235" :"A",\n   "236" :"A",\n   "237" :"A",\n   "238" :"A",\n   "239" :"A",\n   "240" :"A",\n   "241" :"A",\n   "242" :"B",\n   "243" :"B",\n   "244" :"A",\n   "245" :"A"\n}', 0, 22, '{\n   "64" :3,\n   "65" :5,\n   "60" :2,\n   "61" :5,\n   "62" :4,\n   "63" :3\n}', 1, 65, 'PSG'),
	(38, 36, 1, 1, 8, 1469324767822, '{\n   "198" :"B",\n   "199" :"B",\n   "200" :"A",\n   "201" :"A",\n   "202" :"A",\n   "203" :"A",\n   "204" :"B",\n   "205" :"B",\n   "206" :"B",\n   "207" :"B",\n   "208" :"B",\n   "209" :"B",\n   "210" :"B",\n   "211" :"B",\n   "212" :"A",\n   "213" :"B",\n   "214" :"A",\n   "215" :"B",\n   "216" :"B",\n   "217" :"B",\n   "218" :"A",\n   "219" :"B",\n   "220" :"B",\n   "221" :"A",\n   "222" :"B",\n   "223" :"A",\n   "224" :"A",\n   "225" :"A",\n   "226" :"B",\n   "227" :"A",\n   "228" :"A",\n   "229" :"B",\n   "230" :"B",\n   "231" :"A",\n   "232" :"B",\n   "233" :"A",\n   "234" :"B",\n   "235" :"B",\n   "236" :"B",\n   "237" :"A",\n   "238" :"B",\n   "239" :"B",\n   "240" :"B",\n   "241" :"B",\n   "242" :"B",\n   "243" :"B",\n   "244" :"B",\n   "245" :"B"\n}', 0, 23, '{\n   "64" :6,\n   "65" :5,\n   "60" :0,\n   "61" :4,\n   "62" :2,\n   "63" :6\n}', 1, 64, 'PSB'),
	(39, 32, 1, 1, 8, 1469325868655, '{\n   "198" :"B",\n   "199" :"A",\n   "200" :"B",\n   "201" :"B",\n   "202" :"A",\n   "203" :"A",\n   "204" :"B",\n   "205" :"B",\n   "206" :"A",\n   "207" :"B",\n   "208" :"B",\n   "209" :"A",\n   "210" :"A",\n   "211" :"B",\n   "212" :"A",\n   "213" :"B",\n   "214" :"A",\n   "215" :"A",\n   "216" :"B",\n   "217" :"A",\n   "218" :"A",\n   "219" :"A",\n   "220" :"B",\n   "221" :"A",\n   "222" :"A",\n   "223" :"A",\n   "224" :"A",\n   "225" :"B",\n   "226" :"B",\n   "227" :"A",\n   "228" :"A",\n   "229" :"B",\n   "230" :"B",\n   "231" :"B",\n   "232" :"A",\n   "233" :"A",\n   "234" :"B",\n   "235" :"B",\n   "236" :"B",\n   "237" :"A",\n   "238" :"B",\n   "239" :"A",\n   "240" :"A",\n   "241" :"B",\n   "242" :"A",\n   "243" :"B",\n   "244" :"B",\n   "245" :"A"\n}', 0, 22, '{\n   "64" :6,\n   "65" :3,\n   "60" :4,\n   "61" :3,\n   "62" :1,\n   "63" :5\n}', 1, 64, 'PSB'),
	(40, 38, 1, 1, 8, 1469325952153, '{\n   "198" :"B",\n   "199" :"A",\n   "200" :"A",\n   "201" :"B",\n   "202" :"A",\n   "203" :"A",\n   "204" :"B",\n   "205" :"B",\n   "206" :"A",\n   "207" :"A",\n   "208" :"B",\n   "209" :"B",\n   "210" :"A",\n   "211" :"B",\n   "212" :"A",\n   "213" :"A",\n   "214" :"B",\n   "215" :"B",\n   "216" :"B",\n   "217" :"B",\n   "218" :"B",\n   "219" :"B",\n   "220" :"B",\n   "221" :"A",\n   "222" :"A",\n   "223" :"A",\n   "224" :"A",\n   "225" :"A",\n   "226" :"B",\n   "227" :"B",\n   "228" :"A",\n   "229" :"B",\n   "230" :"B",\n   "231" :"B",\n   "232" :"B",\n   "233" :"A",\n   "234" :"A",\n   "235" :"A",\n   "236" :"B",\n   "237" :"B",\n   "238" :"B",\n   "239" :"B",\n   "240" :"A",\n   "241" :"B",\n   "242" :"B",\n   "243" :"B",\n   "244" :"A",\n   "245" :"B"\n}', 0, 19, '{\n   "64" :6,\n   "65" :4,\n   "60" :1,\n   "61" :3,\n   "62" :4,\n   "63" :1\n}', 1, 64, 'PSB'),
	(41, 39, 1, 1, 8, 1469327239422, '{\n   "198" :"B",\n   "199" :"A",\n   "200" :"B",\n   "201" :"B",\n   "202" :"A",\n   "203" :"A",\n   "204" :"B",\n   "205" :"B",\n   "206" :"A",\n   "207" :"B",\n   "208" :"B",\n   "209" :"A",\n   "210" :"A",\n   "211" :"B",\n   "212" :"A",\n   "213" :"B",\n   "214" :"B",\n   "215" :"B",\n   "216" :"B",\n   "217" :"A",\n   "218" :"B",\n   "219" :"B",\n   "220" :"B",\n   "221" :"B",\n   "222" :"B",\n   "223" :"A",\n   "224" :"B",\n   "225" :"A",\n   "226" :"B",\n   "227" :"B",\n   "228" :"A",\n   "229" :"A",\n   "230" :"B",\n   "231" :"B",\n   "232" :"B",\n   "233" :"B",\n   "234" :"A",\n   "235" :"A",\n   "236" :"B",\n   "237" :"B",\n   "238" :"B",\n   "239" :"B",\n   "240" :"A",\n   "241" :"B",\n   "242" :"B",\n   "243" :"B",\n   "244" :"B",\n   "245" :"B"\n}', 0, 20, '{\n   "64" :7,\n   "65" :3,\n   "60" :3,\n   "61" :3,\n   "62" :2,\n   "63" :2\n}', 1, 64, 'PSB'),
	(45, 45, 1, 2, 8, 1486121774693, '{\n   "198" :"B",\n   "199" :"A",\n   "200" :"B",\n   "201" :"B",\n   "202" :"B",\n   "203" :"A",\n   "204" :"B",\n   "205" :"B",\n   "206" :"B",\n   "207" :"A",\n   "208" :"A",\n   "209" :"A",\n   "210" :"A",\n   "211" :"A",\n   "212" :"A",\n   "213" :"B",\n   "214" :"A",\n   "215" :"B",\n   "216" :"B",\n   "217" :"B",\n   "218" :"A",\n   "219" :"B",\n   "220" :"B",\n   "221" :"B",\n   "222" :"B",\n   "223" :"A",\n   "224" :"A",\n   "225" :"A",\n   "226" :"B",\n   "227" :"A",\n   "228" :"A",\n   "229" :"B",\n   "230" :"A",\n   "231" :"B",\n   "232" :"A",\n   "233" :"B",\n   "234" :"B",\n   "235" :"B",\n   "236" :"A",\n   "237" :"A",\n   "238" :"B",\n   "239" :"B",\n   "240" :"A",\n   "241" :"A",\n   "242" :"B",\n   "243" :"B",\n   "244" :"B",\n   "245" :"B"\n}', 0, 28, '{\n   "64" :5,\n   "65" :4,\n   "60" :5,\n   "61" :7,\n   "62" :1,\n   "63" :6\n}', 1, 61, 'PMG'),
	(46, 46, 1, 2, 8, 1486122106682, '{\n   "198" :"B",\n   "199" :"A",\n   "200" :"B",\n   "201" :"B",\n   "202" :"A",\n   "203" :"A",\n   "204" :"B",\n   "205" :"B",\n   "206" :"A",\n   "207" :"B",\n   "208" :"A",\n   "209" :"B",\n   "210" :"B",\n   "211" :"B",\n   "212" :"A",\n   "213" :"B",\n   "214" :"A",\n   "215" :"B",\n   "216" :"B",\n   "217" :"A",\n   "218" :"A",\n   "219" :"B",\n   "220" :"B",\n   "221" :"A",\n   "222" :"B",\n   "223" :"A",\n   "224" :"B",\n   "225" :"A",\n   "226" :"B",\n   "227" :"A",\n   "228" :"A",\n   "229" :"A",\n   "230" :"B",\n   "231" :"B",\n   "232" :"B",\n   "233" :"A",\n   "234" :"A",\n   "235" :"A",\n   "236" :"B",\n   "237" :"B",\n   "238" :"A",\n   "239" :"A",\n   "240" :"B",\n   "241" :"A",\n   "242" :"B",\n   "243" :"B",\n   "244" :"B",\n   "245" :"B"\n}', 0, 18, '{\n   "64" :8,\n   "65" :4,\n   "60" :0,\n   "61" :0,\n   "62" :2,\n   "63" :4\n}', 1, 64, 'PSB'),
	(48, 47, 1, 2, 8, 1486122414498, '{\n   "198" :"B",\n   "199" :"B",\n   "200" :"B",\n   "201" :"A",\n   "202" :"A",\n   "203" :"B",\n   "204" :"A",\n   "205" :"B",\n   "206" :"B",\n   "207" :"B",\n   "208" :"B",\n   "209" :"B",\n   "210" :"A",\n   "211" :"B",\n   "212" :"A",\n   "213" :"B",\n   "214" :"A",\n   "215" :"A",\n   "216" :"A",\n   "217" :"A",\n   "218" :"A",\n   "219" :"A",\n   "220" :"A",\n   "221" :"B",\n   "222" :"A",\n   "223" :"B",\n   "224" :"A",\n   "225" :"A",\n   "226" :"B",\n   "227" :"A",\n   "228" :"B",\n   "229" :"B",\n   "230" :"A",\n   "231" :"B",\n   "232" :"B",\n   "233" :"A",\n   "234" :"B",\n   "235" :"B",\n   "236" :"B",\n   "237" :"B",\n   "238" :"B",\n   "239" :"B",\n   "240" :"A",\n   "241" :"A",\n   "242" :"B",\n   "243" :"B",\n   "244" :"B",\n   "245" :"B"\n}', 0, 25, '{\n   "64" :3,\n   "65" :6,\n   "60" :5,\n   "61" :5,\n   "62" :1,\n   "63" :5\n}', 1, 65, 'PSG'),
	(50, 48, 1, 2, 8, 1486122863686, '{\n   "198" :"B",\n   "199" :"A",\n   "200" :"B",\n   "201" :"B",\n   "202" :"A",\n   "203" :"A",\n   "204" :"B",\n   "205" :"A",\n   "206" :"A",\n   "207" :"A",\n   "208" :"A",\n   "209" :"A",\n   "210" :"A",\n   "211" :"A",\n   "212" :"A",\n   "213" :"B",\n   "214" :"A",\n   "215" :"B",\n   "216" :"A",\n   "217" :"A",\n   "218" :"A",\n   "219" :"B",\n   "220" :"A",\n   "221" :"B",\n   "222" :"A",\n   "223" :"A",\n   "224" :"A",\n   "225" :"A",\n   "226" :"B",\n   "227" :"B",\n   "228" :"A",\n   "229" :"B",\n   "230" :"B",\n   "231" :"A",\n   "232" :"B",\n   "233" :"A",\n   "234" :"B",\n   "235" :"B",\n   "236" :"A",\n   "237" :"A",\n   "238" :"B",\n   "239" :"B",\n   "240" :"A",\n   "241" :"A",\n   "242" :"A",\n   "243" :"B",\n   "244" :"B",\n   "245" :"A"\n}', 0, 20, '{\n   "64" :5,\n   "65" :1,\n   "60" :2,\n   "61" :6,\n   "62" :1,\n   "63" :5\n}', 1, 61, 'PMG'),
	(51, 50, 1, 2, 8, 1486123043144, '{\n   "198" :"B",\n   "199" :"A",\n   "200" :"B",\n   "201" :"B",\n   "202" :"A",\n   "203" :"A",\n   "204" :"B",\n   "205" :"B",\n   "206" :"B",\n   "207" :"B",\n   "208" :"A",\n   "209" :"B",\n   "210" :"A",\n   "211" :"B",\n   "212" :"A",\n   "213" :"B",\n   "214" :"A",\n   "215" :"B",\n   "216" :"B",\n   "217" :"A",\n   "218" :"A",\n   "219" :"B",\n   "220" :"B",\n   "221" :"A",\n   "222" :"B",\n   "223" :"A",\n   "224" :"B",\n   "225" :"A",\n   "226" :"B",\n   "227" :"A",\n   "228" :"A",\n   "229" :"A",\n   "230" :"B",\n   "231" :"B",\n   "232" :"B",\n   "233" :"A",\n   "234" :"B",\n   "235" :"B",\n   "236" :"A",\n   "237" :"A",\n   "238" :"B",\n   "239" :"B",\n   "240" :"A",\n   "241" :"A",\n   "242" :"B",\n   "243" :"B",\n   "244" :"B",\n   "245" :"B"\n}', 0, 25, '{\n   "64" :7,\n   "65" :4,\n   "60" :1,\n   "61" :6,\n   "62" :2,\n   "63" :5\n}', 1, 64, 'PSB'),
	(55, 52, 1, 2, 8, 1486124158911, '{\n   "198" :"B",\n   "199" :"A",\n   "200" :"B",\n   "201" :"B",\n   "202" :"B",\n   "203" :"A",\n   "204" :"B",\n   "205" :"B",\n   "206" :"B",\n   "207" :"B",\n   "208" :"A",\n   "209" :"B",\n   "210" :"A",\n   "211" :"B",\n   "212" :"A",\n   "213" :"B",\n   "214" :"B",\n   "215" :"B",\n   "216" :"B",\n   "217" :"B",\n   "218" :"A",\n   "219" :"B",\n   "220" :"A",\n   "221" :"B",\n   "222" :"B",\n   "223" :"A",\n   "224" :"B",\n   "225" :"A",\n   "226" :"A",\n   "227" :"A",\n   "228" :"A",\n   "229" :"B",\n   "230" :"B",\n   "231" :"B",\n   "232" :"B",\n   "233" :"A",\n   "234" :"B",\n   "235" :"A",\n   "236" :"B",\n   "237" :"A",\n   "238" :"B",\n   "239" :"B",\n   "240" :"B",\n   "241" :"A",\n   "242" :"B",\n   "243" :"B",\n   "244" :"B",\n   "245" :"B"\n}', 0, 27, '{\n   "64" :7,\n   "65" :4,\n   "60" :2,\n   "61" :6,\n   "62" :3,\n   "63" :5\n}', 1, 64, 'PSB'),
	(56, 54, 1, 2, 8, 1486124273193, '{\n   "198" :"B",\n   "199" :"B",\n   "200" :"A",\n   "201" :"B",\n   "202" :"A",\n   "203" :"A",\n   "204" :"B",\n   "205" :"B",\n   "206" :"A",\n   "207" :"B",\n   "208" :"A",\n   "209" :"B",\n   "210" :"A",\n   "211" :"B",\n   "212" :"A",\n   "213" :"B",\n   "214" :"A",\n   "215" :"A",\n   "216" :"A",\n   "217" :"B",\n   "218" :"A",\n   "219" :"B",\n   "220" :"B",\n   "221" :"A",\n   "222" :"A",\n   "223" :"A",\n   "224" :"A",\n   "225" :"B",\n   "226" :"B",\n   "227" :"A",\n   "228" :"A",\n   "229" :"A",\n   "230" :"B",\n   "231" :"B",\n   "232" :"B",\n   "233" :"A",\n   "234" :"A",\n   "235" :"B",\n   "236" :"B",\n   "237" :"A",\n   "238" :"B",\n   "239" :"A",\n   "240" :"B",\n   "241" :"B",\n   "242" :"B",\n   "243" :"B",\n   "244" :"B",\n   "245" :"A"\n}', 0, 20, '{\n   "64" :7,\n   "65" :3,\n   "60" :3,\n   "61" :2,\n   "62" :3,\n   "63" :2\n}', 1, 64, 'PSB'),
	(58, 58, 1, 2, 8, 1486124923994, '{\n   "198" :"B",\n   "199" :"A",\n   "200" :"A",\n   "201" :"A",\n   "202" :"A",\n   "203" :"A",\n   "204" :"B",\n   "205" :"B",\n   "206" :"A",\n   "207" :"B",\n   "208" :"B",\n   "209" :"B",\n   "210" :"B",\n   "211" :"B",\n   "212" :"A",\n   "213" :"B",\n   "214" :"A",\n   "215" :"B",\n   "216" :"A",\n   "217" :"B",\n   "218" :"A",\n   "219" :"B",\n   "220" :"B",\n   "221" :"A",\n   "222" :"A",\n   "223" :"A",\n   "224" :"A",\n   "225" :"A",\n   "226" :"B",\n   "227" :"A",\n   "228" :"A",\n   "229" :"B",\n   "230" :"B",\n   "231" :"B",\n   "232" :"B",\n   "233" :"A",\n   "234" :"A",\n   "235" :"B",\n   "236" :"B",\n   "237" :"A",\n   "238" :"B",\n   "239" :"A",\n   "240" :"B",\n   "241" :"A",\n   "242" :"B",\n   "243" :"B",\n   "244" :"B",\n   "245" :"B"\n}', 0, 17, '{\n   "64" :6,\n   "65" :4,\n   "60" :0,\n   "61" :2,\n   "62" :2,\n   "63" :3\n}', 1, 64, 'PSB'),
	(63, 61, 1, 2, 8, 1486126742598, '{\n   "198" :"B",\n   "199" :"A",\n   "200" :"B",\n   "201" :"B",\n   "202" :"A",\n   "203" :"A",\n   "204" :"B",\n   "205" :"B",\n   "206" :"A",\n   "207" :"B",\n   "208" :"B",\n   "209" :"B",\n   "210" :"A",\n   "211" :"B",\n   "212" :"A",\n   "213" :"B",\n   "214" :"B",\n   "215" :"B",\n   "216" :"B",\n   "217" :"B",\n   "218" :"A",\n   "219" :"A",\n   "220" :"A",\n   "221" :"A",\n   "222" :"B",\n   "223" :"B",\n   "224" :"B",\n   "225" :"A",\n   "226" :"B",\n   "227" :"A",\n   "228" :"A",\n   "229" :"A",\n   "230" :"B",\n   "231" :"A",\n   "232" :"B",\n   "233" :"A",\n   "234" :"B",\n   "235" :"B",\n   "236" :"A",\n   "237" :"B",\n   "238" :"B",\n   "239" :"B",\n   "240" :"B",\n   "241" :"A",\n   "242" :"B",\n   "243" :"B",\n   "244" :"B",\n   "245" :"B"\n}', 0, 23, '{\n   "64" :5,\n   "65" :5,\n   "60" :1,\n   "61" :4,\n   "62" :3,\n   "63" :5\n}', 1, 64, 'PSB'),
	(64, 62, 1, 2, 8, 1486205410377, '{\n   "198" :"B",\n   "199" :"A",\n   "200" :"A",\n   "201" :"A",\n   "202" :"A",\n   "203" :"A",\n   "204" :"B",\n   "205" :"A",\n   "206" :"B",\n   "207" :"B",\n   "208" :"A",\n   "209" :"B",\n   "210" :"A",\n   "211" :"A",\n   "212" :"B",\n   "213" :"A",\n   "214" :"A",\n   "215" :"B",\n   "216" :"B",\n   "217" :"B",\n   "218" :"A",\n   "219" :"B",\n   "220" :"B",\n   "221" :"A",\n   "222" :"B",\n   "223" :"A",\n   "224" :"A",\n   "225" :"B",\n   "226" :"B",\n   "227" :"B",\n   "228" :"A",\n   "229" :"A",\n   "230" :"B",\n   "231" :"B",\n   "232" :"A",\n   "233" :"B",\n   "234" :"A",\n   "235" :"A",\n   "236" :"A",\n   "237" :"A",\n   "238" :"A",\n   "239" :"B",\n   "240" :"B",\n   "241" :"A",\n   "242" :"B",\n   "243" :"A",\n   "244" :"B",\n   "245" :"B"\n}', 0, 26, '{\n   "64" :7,\n   "65" :5,\n   "60" :4,\n   "61" :4,\n   "62" :4,\n   "63" :2\n}', 1, 64, 'PSB'),
	(65, 63, 1, 2, 8, 1486206040166, '{\n   "198" :"A",\n   "199" :"B",\n   "200" :"B",\n   "201" :"B",\n   "202" :"B",\n   "203" :"B",\n   "204" :"A",\n   "205" :"B",\n   "206" :"B",\n   "207" :"B",\n   "208" :"B",\n   "209" :"B",\n   "210" :"A",\n   "211" :"B",\n   "212" :"A",\n   "213" :"A",\n   "214" :"B",\n   "215" :"B",\n   "216" :"B",\n   "217" :"B",\n   "218" :"A",\n   "219" :"A",\n   "220" :"A",\n   "221" :"B",\n   "222" :"B",\n   "223" :"B",\n   "224" :"A",\n   "225" :"A",\n   "226" :"A",\n   "227" :"A",\n   "228" :"A",\n   "229" :"A",\n   "230" :"B",\n   "231" :"A",\n   "232" :"B",\n   "233" :"A",\n   "234" :"B",\n   "235" :"A",\n   "236" :"B",\n   "237" :"B",\n   "238" :"B",\n   "239" :"B",\n   "240" :"A",\n   "241" :"A",\n   "242" :"B",\n   "243" :"A",\n   "244" :"A",\n   "245" :"B"\n}', 0, 28, '{\n   "64" :3,\n   "65" :7,\n   "60" :2,\n   "61" :6,\n   "62" :4,\n   "63" :6\n}', 1, 65, 'PSG'),
	(10000, 65, 1, 2, 10000, 1486303473295, '{\n   "10047" :"A",\n   "10046" :"B",\n   "10045" :"B",\n   "10044" :"B",\n   "10043" :"A",\n   "10042" :"B",\n   "10041" :"B",\n   "10040" :"A",\n   "10039" :"B",\n   "10038" :"B",\n   "10037" :"B",\n   "10036" :"A",\n   "10035" :"B",\n   "10034" :"B",\n   "10033" :"B",\n   "10032" :"A",\n   "10030" :"A",\n   "10031" :"B",\n   "10028" :"B",\n   "10029" :"B",\n   "10026" :"B",\n   "10027" :"A",\n   "10024" :"B",\n   "10025" :"B",\n   "10022" :"A",\n   "10023" :"B",\n   "10020" :"A",\n   "10021" :"B",\n   "10018" :"B",\n   "10019" :"B",\n   "10016" :"B",\n   "10017" :"B",\n   "10013" :"B",\n   "10012" :"B",\n   "10015" :"B",\n   "10014" :"A",\n   "10009" :"B",\n   "10008" :"B",\n   "10011" :"B",\n   "10010" :"B",\n   "10005" :"B",\n   "10004" :"B",\n   "10007" :"B",\n   "10006" :"B",\n   "10001" :"B",\n   "10000" :"A",\n   "10003" :"B",\n   "10002" :"B"\n}', 0, 24, '{\n   "10005" :4,\n   "10004" :4,\n   "10006" :5,\n   "10001" :3,\n   "10003" :4,\n   "10002" :4\n}', 1, 10006, 'PSG');
/*!40000 ALTER TABLE `quiz_result` ENABLE KEYS */;


# Dumping structure for table psychometry.segment
CREATE TABLE IF NOT EXISTS `segment` (
  `id` int(11) NOT NULL,
  `companyId` int(11) NOT NULL,
  `description` varchar(512) DEFAULT NULL,
  `startId` int(11) DEFAULT NULL COMMENT '起始值',
  `endId` int(11) DEFAULT NULL COMMENT '结束值',
  `size` int(11) DEFAULT NULL COMMENT '号段大小',
  `status` int(4) DEFAULT '1' COMMENT '0:已回收 1:正在使用',
  `expireDate` varchar(16) DEFAULT NULL,
  `initPassword` varchar(16) DEFAULT '' COMMENT '初始密码，明文存放'
) ENGINE=MyISAM DEFAULT CHARSET=utf8 COMMENT='号段';

# Dumping data for table psychometry.segment: 2 rows
/*!40000 ALTER TABLE `segment` DISABLE KEYS */;
INSERT INTO `segment` (`id`, `companyId`, `description`, `startId`, `endId`, `size`, `status`, `expireDate`, `initPassword`) VALUES
	(1, 1, '会佳心语全面测评系统', 1, 100, 100, 1, '07/31/2017', 'huijia123'),
	(2, 1, '2017年青少年归因测试', 101, 135, 35, 1, '02/10/2017', 'huijia123');
/*!40000 ALTER TABLE `segment` ENABLE KEYS */;


# Dumping structure for table psychometry.seg_quiz_relation
CREATE TABLE IF NOT EXISTS `seg_quiz_relation` (
  `segmentid` int(11) NOT NULL,
  `quizid` int(11) NOT NULL
) ENGINE=MyISAM DEFAULT CHARSET=utf8 COMMENT='号段-试题关联';

# Dumping data for table psychometry.seg_quiz_relation: 6 rows
/*!40000 ALTER TABLE `seg_quiz_relation` DISABLE KEYS */;
INSERT INTO `seg_quiz_relation` (`segmentid`, `quizid`) VALUES
	(1, 8),
	(1, 7),
	(1, 6),
	(1, 5),
	(1, 2),
	(2, 8),
	(2, 10000);
/*!40000 ALTER TABLE `seg_quiz_relation` ENABLE KEYS */;


# Dumping structure for table psychometry.sys_logs
CREATE TABLE IF NOT EXISTS `sys_logs` (
  `timestamp` bigint(20) NOT NULL,
  `userid` bigint(20) NOT NULL,
  `username` varchar(64) NOT NULL,
  `sourceip` varchar(32) DEFAULT NULL,
  `module` varchar(128) DEFAULT NULL,
  `action` varchar(128) DEFAULT NULL,
  `msg` varchar(512) DEFAULT NULL,
  `result` int(4) NOT NULL,
  `cause` varchar(128) DEFAULT NULL
) ENGINE=MyISAM DEFAULT CHARSET=utf8;

# Dumping data for table psychometry.sys_logs: 0 rows
/*!40000 ALTER TABLE `sys_logs` DISABLE KEYS */;
/*!40000 ALTER TABLE `sys_logs` ENABLE KEYS */;


# Dumping structure for table psychometry.sys_tblids
CREATE TABLE IF NOT EXISTS `sys_tblids` (
  `name` varchar(32) NOT NULL,
  `maxid` bigint(20) NOT NULL,
  PRIMARY KEY (`name`),
  UNIQUE KEY `name` (`name`)
) ENGINE=InnoDB DEFAULT CHARSET=utf8;

# Dumping data for table psychometry.sys_tblids: ~7 rows (approximately)
/*!40000 ALTER TABLE `sys_tblids` DISABLE KEYS */;
INSERT INTO `sys_tblids` (`name`, `maxid`) VALUES
	('auth_user', 10000),
	('company', 10000),
	('quiz', 10001),
	('quiz_category', 10006),
	('quiz_item', 10048),
	('quiz_result', 10001),
	('segment', 10000);
/*!40000 ALTER TABLE `sys_tblids` ENABLE KEYS */;


# Dumping structure for table psychometry.user_temp
CREATE TABLE IF NOT EXISTS `user_temp` (
  `code` varchar(64) CHARACTER SET latin1 DEFAULT NULL COMMENT '用户编码',
  `segmentid` int(11) DEFAULT NULL COMMENT '所属号段',
  `companyid` int(11) DEFAULT NULL COMMENT '所属企业',
  `password` varchar(160) DEFAULT NULL COMMENT '初始密码，加密存储'
) ENGINE=MyISAM DEFAULT CHARSET=utf8;

# Dumping data for table psychometry.user_temp: 72 rows
/*!40000 ALTER TABLE `user_temp` DISABLE KEYS */;
INSERT INTO `user_temp` (`code`, `segmentid`, `companyid`, `password`) VALUES
	('HJXYN0000132', 2, 1, 'f592d01fb890660372fb86fe87b314e31d56b028'),
	('HJXYN0000131', 2, 1, 'f592d01fb890660372fb86fe87b314e31d56b028'),
	('HJXYN0000130', 2, 1, 'f592d01fb890660372fb86fe87b314e31d56b028'),
	('HJXYN0000129', 2, 1, 'f592d01fb890660372fb86fe87b314e31d56b028'),
	('HJXYN0000128', 2, 1, 'f592d01fb890660372fb86fe87b314e31d56b028'),
	('HJXYN0000127', 2, 1, 'f592d01fb890660372fb86fe87b314e31d56b028'),
	('HJXYN0000126', 2, 1, 'f592d01fb890660372fb86fe87b314e31d56b028'),
	('HJXYN0000015', 1, 1, 'f592d01fb890660372fb86fe87b314e31d56b028'),
	('HJXYN0000120', 2, 1, 'f592d01fb890660372fb86fe87b314e31d56b028'),
	('HJXYN0000115', 2, 1, 'f592d01fb890660372fb86fe87b314e31d56b028'),
	('HJXYN0000039', 1, 1, 'f592d01fb890660372fb86fe87b314e31d56b028'),
	('HJXYN0000040', 1, 1, 'f592d01fb890660372fb86fe87b314e31d56b028'),
	('HJXYN0000041', 1, 1, 'f592d01fb890660372fb86fe87b314e31d56b028'),
	('HJXYN0000042', 1, 1, 'f592d01fb890660372fb86fe87b314e31d56b028'),
	('HJXYN0000043', 1, 1, 'f592d01fb890660372fb86fe87b314e31d56b028'),
	('HJXYN0000044', 1, 1, 'f592d01fb890660372fb86fe87b314e31d56b028'),
	('HJXYN0000045', 1, 1, 'f592d01fb890660372fb86fe87b314e31d56b028'),
	('HJXYN0000046', 1, 1, 'f592d01fb890660372fb86fe87b314e31d56b028'),
	('HJXYN0000047', 1, 1, 'f592d01fb890660372fb86fe87b314e31d56b028'),
	('HJXYN0000048', 1, 1, 'f592d01fb890660372fb86fe87b314e31d56b028'),
	('HJXYN0000049', 1, 1, 'f592d01fb890660372fb86fe87b314e31d56b028'),
	('HJXYN0000050', 1, 1, 'f592d01fb890660372fb86fe87b314e31d56b028'),
	('HJXYN0000051', 1, 1, 'f592d01fb890660372fb86fe87b314e31d56b028'),
	('HJXYN0000052', 1, 1, 'f592d01fb890660372fb86fe87b314e31d56b028'),
	('HJXYN0000053', 1, 1, 'f592d01fb890660372fb86fe87b314e31d56b028'),
	('HJXYN0000054', 1, 1, 'f592d01fb890660372fb86fe87b314e31d56b028'),
	('HJXYN0000055', 1, 1, 'f592d01fb890660372fb86fe87b314e31d56b028'),
	('HJXYN0000056', 1, 1, 'f592d01fb890660372fb86fe87b314e31d56b028'),
	('HJXYN0000057', 1, 1, 'f592d01fb890660372fb86fe87b314e31d56b028'),
	('HJXYN0000058', 1, 1, 'f592d01fb890660372fb86fe87b314e31d56b028'),
	('HJXYN0000059', 1, 1, 'f592d01fb890660372fb86fe87b314e31d56b028'),
	('HJXYN0000060', 1, 1, 'f592d01fb890660372fb86fe87b314e31d56b028'),
	('HJXYN0000061', 1, 1, 'f592d01fb890660372fb86fe87b314e31d56b028'),
	('HJXYN0000062', 1, 1, 'f592d01fb890660372fb86fe87b314e31d56b028'),
	('HJXYN0000063', 1, 1, 'f592d01fb890660372fb86fe87b314e31d56b028'),
	('HJXYN0000064', 1, 1, 'f592d01fb890660372fb86fe87b314e31d56b028'),
	('HJXYN0000065', 1, 1, 'f592d01fb890660372fb86fe87b314e31d56b028'),
	('HJXYN0000066', 1, 1, 'f592d01fb890660372fb86fe87b314e31d56b028'),
	('HJXYN0000067', 1, 1, 'f592d01fb890660372fb86fe87b314e31d56b028'),
	('HJXYN0000068', 1, 1, 'f592d01fb890660372fb86fe87b314e31d56b028'),
	('HJXYN0000069', 1, 1, 'f592d01fb890660372fb86fe87b314e31d56b028'),
	('HJXYN0000070', 1, 1, 'f592d01fb890660372fb86fe87b314e31d56b028'),
	('HJXYN0000071', 1, 1, 'f592d01fb890660372fb86fe87b314e31d56b028'),
	('HJXYN0000072', 1, 1, 'f592d01fb890660372fb86fe87b314e31d56b028'),
	('HJXYN0000073', 1, 1, 'f592d01fb890660372fb86fe87b314e31d56b028'),
	('HJXYN0000074', 1, 1, 'f592d01fb890660372fb86fe87b314e31d56b028'),
	('HJXYN0000075', 1, 1, 'f592d01fb890660372fb86fe87b314e31d56b028'),
	('HJXYN0000076', 1, 1, 'f592d01fb890660372fb86fe87b314e31d56b028'),
	('HJXYN0000077', 1, 1, 'f592d01fb890660372fb86fe87b314e31d56b028'),
	('HJXYN0000078', 1, 1, 'f592d01fb890660372fb86fe87b314e31d56b028'),
	('HJXYN0000079', 1, 1, 'f592d01fb890660372fb86fe87b314e31d56b028'),
	('HJXYN0000080', 1, 1, 'f592d01fb890660372fb86fe87b314e31d56b028'),
	('HJXYN0000081', 1, 1, 'f592d01fb890660372fb86fe87b314e31d56b028'),
	('HJXYN0000082', 1, 1, 'f592d01fb890660372fb86fe87b314e31d56b028'),
	('HJXYN0000083', 1, 1, 'f592d01fb890660372fb86fe87b314e31d56b028'),
	('HJXYN0000084', 1, 1, 'f592d01fb890660372fb86fe87b314e31d56b028'),
	('HJXYN0000085', 1, 1, 'f592d01fb890660372fb86fe87b314e31d56b028'),
	('HJXYN0000086', 1, 1, 'f592d01fb890660372fb86fe87b314e31d56b028'),
	('HJXYN0000087', 1, 1, 'f592d01fb890660372fb86fe87b314e31d56b028'),
	('HJXYN0000088', 1, 1, 'f592d01fb890660372fb86fe87b314e31d56b028'),
	('HJXYN0000089', 1, 1, 'f592d01fb890660372fb86fe87b314e31d56b028'),
	('HJXYN0000090', 1, 1, 'f592d01fb890660372fb86fe87b314e31d56b028'),
	('HJXYN0000091', 1, 1, 'f592d01fb890660372fb86fe87b314e31d56b028'),
	('HJXYN0000092', 1, 1, 'f592d01fb890660372fb86fe87b314e31d56b028'),
	('HJXYN0000093', 1, 1, 'f592d01fb890660372fb86fe87b314e31d56b028'),
	('HJXYN0000094', 1, 1, 'f592d01fb890660372fb86fe87b314e31d56b028'),
	('HJXYN0000095', 1, 1, 'f592d01fb890660372fb86fe87b314e31d56b028'),
	('HJXYN0000096', 1, 1, 'f592d01fb890660372fb86fe87b314e31d56b028'),
	('HJXYN0000097', 1, 1, 'f592d01fb890660372fb86fe87b314e31d56b028'),
	('HJXYN0000098', 1, 1, 'f592d01fb890660372fb86fe87b314e31d56b028'),
	('HJXYN0000099', 1, 1, 'f592d01fb890660372fb86fe87b314e31d56b028'),
	('HJXYN0000133', 2, 1, 'f592d01fb890660372fb86fe87b314e31d56b028');
/*!40000 ALTER TABLE `user_temp` ENABLE KEYS */;
/*!40101 SET SQL_MODE=@OLD_SQL_MODE */;
/*!40014 SET FOREIGN_KEY_CHECKS=@OLD_FOREIGN_KEY_CHECKS */;
/*!40101 SET CHARACTER_SET_CLIENT=@OLD_CHARACTER_SET_CLIENT */;
